distance_km,time_min,fare
19.04,114.33,682.99
8.22,22.94,245.81
3.38,104.61,421.08
1.52,116.54,425.66
41.71,29.42,760.37
15.56,65.35,477.22
21.88,38.49,488.67
14.96,47.13,417.1
23.08,95.3,682.56
29.82,10.34,520.79
30.57,24.61,578.88
34.37,55.62,730.27
6.54,61.95,336.7
15.93,64.81,477.48
27.56,26.26,546.18
4.88,27.54,206.17
2.74,42.41,215.1
41.52,46.03,805.05
14.41,67.41,469.9
4.19,118.49,466.52
38.73,27.85,721.87
38.68,13.52,677.01
18.24,18.32,379.81
16.88,12.31,343.45
15.89,42.4,418.93
44.42,59.3,906.33
6.42,87.02,408.83
38.66,61.79,827.81
26.38,54.17,608.74
16.06,63.49,479.93
45.42,33.67,844.61
11.83,13.85,267.61
14.84,23.54,346.36
40.28,26.46,735.99
44.68,67.02,914.79
11.78,54.12,387.79
40.99,103.98,976.84
21.16,30.54,457.94
6.43,43.83,277.49
26.18,85.85,703.08
18.5,116.75,664.75
14.6,9.24,296.64
30.67,62.81,697.14
7.67,61.29,349.97
49.29,32.84,898.02
12.26,88.74,503.88
18.71,77.72,567.12
4.97,101.06,437.1
16.38,26.45,375.42
34.04,6.91,578.4
25.85,31.05,525.26
34.7,49.47,722.31
46.87,20.81,809.09
46.27,105.89,1058.3
13.27,80.9,492.87
26.72,32.81,556.41
5.11,108.18,452.36
17.28,45.16,448.16
36.43,108.17,923.27
32.28,14.68,580.24
8.5,108.33,503.96
0.75,23.49,130.78
27.66,84.57,710.05
35.75,32.28,687.57
16.61,90.85,577.21
33.05,70.36,759.95
5.14,47.29,266.58
48.66,50.21,922.94
44.66,77.58,952.76
29.06,61.64,680.57
10.16,88.08,461.64
47.05,114.7,1105.16
45.79,47.57,883.72
48.2,103.1,1081.51
15.08,49.29,422.18
8.89,69.03,393.78
46.84,85.04,998.81
30.94,118.86,872.02
7.43,64.61,356.55
35.0,85.79,837.04
18.29,38.76,442.9
43.42,110.02,1036.66
25.81,62.67,628.73
35.25,96.52,878.17
44.56,43.87,843.44
29.12,9.13,512.97
23.55,67.4,609.6
2.01,9.3,106.31
41.22,46.42,808.08
38.61,29.82,710.87
31.33,14.81,564.64
27.26,78.3,689.28
36.44,117.22,929.06
39.86,36.15,757.76
22.23,14.02,427.66
20.74,24.93,439.66
8.24,33.78,279.79
33.18,37.19,661.94
47.77,89.86,1058.12
21.27,33.49,474.37
18.12,92.15,600.91
23.97,16.25,461.85
24.83,59.45,599.28
20.23,75.82,573.66
31.94,10.21,567.8
25.41,103.5,731.0
33.11,23.74,619.1
1.81,72.36,292.46
47.04,71.18,984.51
23.18,67.75,593.51
47.1,49.4,907.24
4.02,41.68,233.87
42.32,7.68,703.67
6.35,85.12,404.01
31.63,105.91,849.03
14.46,25.41,345.29
37.66,97.79,908.08
18.91,94.29,617.24
17.37,112.04,645.26
37.67,91.77,900.14
5.6,108.79,466.38
16.34,107.99,619.2
19.77,6.25,366.48
47.56,70.95,974.98
31.78,56.57,689.4
33.79,91.52,821.32
39.68,95.81,932.52
3.35,68.2,302.11
22.36,107.09,700.84
7.58,92.57,439.99
31.1,16.63,567.78
4.1,99.51,407.95
35.46,14.36,615.93
40.73,113.93,988.63
49.31,91.64,1056.92
38.97,69.22,840.41
21.5,109.23,700.06
1.06,58.9,240.17
3.29,18.66,155.83
37.43,72.09,820.87
48.13,48.11,922.6
11.57,115.77,568.57
1.1,116.54,417.05
4.15,68.69,318.36
48.48,65.16,986.79
23.0,77.17,632.52
29.42,108.63,835.08
14.23,26.63,340.56
23.45,45.64,534.58
48.73,118.41,1137.89
35.06,66.65,783.22
34.39,23.7,633.28
45.59,99.59,1018.99
46.67,104.6,1083.33
2.74,8.03,116.55
49.37,22.3,853.43
29.91,48.8,644.31
21.03,36.44,480.65
3.29,104.44,412.69
38.56,113.65,969.81
42.56,33.45,780.33
47.73,74.71,988.67
11.82,82.25,466.78
6.12,82.23,393.45
26.26,93.82,733.91
27.82,69.51,676.29
43.89,51.4,868.12
35.35,29.49,677.87
7.25,6.67,180.65
19.92,55.31,505.68
45.26,45.05,877.03
20.13,76.54,582.0
43.19,114.19,1022.7
23.23,117.7,751.13
24.88,42.81,544.43
4.26,19.82,174.52
6.84,22.47,220.82
9.5,44.75,323.68
44.89,59.51,892.99
10.02,9.7,230.56
8.86,37.04,293.71
10.71,46.89,347.68
25.42,84.4,679.71
43.74,110.9,1041.02
3.52,36.84,214.63
9.63,29.08,283.82
18.84,60.72,506.96
23.4,90.96,683.09
2.32,34.03,187.97
25.83,66.19,638.0
5.81,56.45,301.58
13.83,48.39,403.44
1.49,42.04,197.19
6.43,107.41,463.61
29.88,83.1,747.44
4.8,66.77,327.08
29.55,90.73,757.5
14.55,46.75,407.72
32.47,70.64,738.5
5.54,22.58,201.97
12.67,23.48,308.65
9.08,108.13,506.18
4.47,65.32,313.86
6.05,50.75,292.85
48.49,104.53,1084.65
8.96,81.89,433.32
46.5,69.03,938.65
38.59,26.51,712.23
16.52,53.93,452.11
6.18,75.22,368.54
14.79,71.84,487.05
26.86,10.96,479.9
17.16,20.46,372.49
13.1,83.37,493.75
38.13,73.5,821.63
17.77,111.9,647.05
41.62,115.98,1026.03
46.95,25.84,826.75
3.79,90.23,381.95
7.42,96.46,451.83
10.48,23.82,279.76
33.43,65.15,743.76
18.26,105.88,649.25
22.24,48.35,526.49
23.4,39.66,520.08
11.99,108.45,564.51
19.5,67.51,546.31
6.29,113.08,487.32
31.57,43.51,656.29
31.19,66.35,713.92
44.75,95.69,1003.69
12.8,90.55,509.28
2.16,70.54,295.43
17.43,99.44,611.8
5.98,102.34,445.51
39.97,22.24,709.26
11.85,88.06,496.21
34.85,67.41,785.49
12.96,44.76,371.94
23.37,113.94,753.48
8.09,72.42,398.11
1.4,105.29,387.37
46.64,69.99,964.19
35.51,22.54,651.73
29.03,74.77,721.07
46.75,111.44,1080.02
22.82,18.02,446.61
29.77,50.89,656.32
3.21,43.55,226.48
27.1,110.78,775.79
17.64,44.9,447.79
11.62,57.03,401.99
7.47,25.28,231.47
45.78,46.68,876.26
29.24,77.71,719.79
4.72,119.64,474.41
25.36,73.47,650.9
10.89,108.28,538.06
10.65,26.93,290.44
28.46,12.56,511.78
38.89,57.13,783.41
20.34,69.36,569.33
8.18,25.92,246.93
32.38,52.0,686.32
1.76,22.96,146.64
1.84,30.53,171.34
11.94,82.27,473.41
32.81,32.39,642.45
5.42,32.96,231.82
41.6,50.68,829.71
33.57,28.57,643.05
1.14,14.83,111.24
10.79,8.05,236.77
21.36,107.66,684.71
40.96,44.31,791.71
29.72,35.83,594.79
31.4,52.08,663.14
15.08,114.07,628.9
38.3,21.11,687.57
44.78,96.98,1023.81
21.55,7.58,397.21
31.86,34.66,621.07
7.4,101.02,464.15
9.0,36.32,294.98
1.41,110.14,402.36
14.07,68.73,462.67
32.75,100.42,844.67
30.23,81.48,755.24
9.18,110.16,508.64
26.19,10.4,467.98
8.73,89.87,451.4
12.64,49.77,385.97
14.79,45.9,405.55
28.54,59.75,664.28
33.35,112.74,880.84
2.04,35.16,187.38
29.96,10.91,545.75
17.05,93.65,586.14
5.78,13.64,177.56
34.58,55.01,746.72
12.7,99.2,541.5
13.97,72.88,482.84
18.37,15.53,371.86
9.66,67.32,399.32
43.71,89.21,978.73
34.77,102.66,889.04
12.86,61.28,428.57
9.44,70.31,403.37
45.82,8.9,755.74
46.26,116.67,1105.43
47.24,59.53,937.46
16.3,100.33,595.67
2.33,73.57,304.33
4.31,85.07,368.72
17.32,88.35,573.78
27.2,95.93,742.51
16.28,76.98,526.54
12.03,7.81,256.14
43.57,7.45,726.5
46.98,96.86,1056.42
49.9,45.33,929.66
24.25,77.16,654.32
43.75,118.17,1056.03
21.36,89.82,649.16
12.32,17.7,284.03
15.17,31.86,369.7
2.58,7.06,109.84
19.52,83.16,593.67
11.3,114.25,567.78
47.26,58.75,933.15
30.86,24.21,586.5
30.58,63.96,704.03
11.92,25.3,302.8
39.09,45.26,767.84
3.36,116.45,456.14
34.95,22.7,638.68
40.88,30.81,757.16
29.85,71.71,702.07
5.03,105.91,440.46
44.49,114.9,1057.93
43.18,98.09,998.5
4.81,51.97,283.65
18.95,34.87,438.71
4.51,30.32,212.35
34.32,13.76,605.98
24.29,73.13,641.27
41.32,45.0,810.29
13.72,106.04,584.52
39.97,80.72,899.03
35.02,83.22,829.14
31.12,91.56,790.16
17.09,90.5,578.7
8.46,99.07,474.25
0.82,38.01,178.58
31.04,117.84,857.3
31.88,67.1,734.94
39.1,17.3,690.12
48.17,44.32,919.79
31.81,112.18,859.83
15.4,86.44,541.37
3.83,71.95,327.16
2.76,105.23,400.89
48.69,116.42,1123.3
38.03,7.83,646.37
1.6,42.22,203.8
34.32,56.28,733.16
14.04,119.67,610.64
8.6,96.4,457.91
34.84,30.39,665.39
32.9,36.42,649.08
47.57,22.37,836.06
21.28,78.43,603.89
20.18,36.53,462.08
44.76,31.44,817.7
11.05,8.58,238.47
43.29,59.42,890.28
48.43,26.34,858.4
38.66,102.15,940.63
38.17,77.02,855.29
39.93,60.38,835.98
6.31,19.4,201.48
10.43,61.53,398.08
3.68,71.93,323.69
15.86,57.35,456.95
1.08,13.33,105.71
30.2,38.54,603.63
34.9,103.91,876.67
12.48,118.47,592.33
7.55,62.37,355.63
28.2,6.12,495.67
16.66,64.54,492.3
2.14,14.04,123.37
20.15,20.26,420.45
40.13,28.02,740.73
8.79,17.03,236.2
2.06,112.66,422.75
3.07,67.25,299.88
35.85,97.2,882.81
17.3,98.7,613.58
22.89,79.01,631.63
26.56,89.13,711.13
43.65,30.21,791.53
48.81,43.74,918.15
33.11,62.29,729.31
27.99,87.71,733.26
10.38,83.23,455.94
4.07,8.53,136.29
43.48,88.62,951.91
37.26,53.93,761.24
49.39,9.61,807.68
43.42,71.55,931.37
24.59,105.44,731.8
45.08,53.5,892.48
45.66,29.23,809.62
31.34,77.63,748.28
35.93,109.54,921.2
9.39,32.32,287.74
12.74,105.14,563.05
22.54,64.2,587.37
8.59,49.97,323.04
48.49,34.69,870.01
38.79,20.05,700.03
48.51,57.19,949.95
17.18,100.32,600.85
21.83,33.6,485.43
8.77,24.28,256.55
2.32,89.69,352.73
42.29,97.65,997.6
29.48,104.85,804.66
13.85,11.56,291.86
26.79,112.71,795.77
16.15,63.33,481.85
2.56,22.06,156.0
23.01,64.29,590.06
24.7,81.69,672.95
10.49,82.44,449.94
48.51,15.8,819.9
43.47,25.37,793.05
34.78,101.38,877.16
25.11,76.05,657.19
43.51,70.62,924.62
11.18,80.77,465.47
20.0,79.89,591.45
49.97,10.54,824.9
48.87,51.79,941.44
28.57,89.92,751.47
43.99,51.48,874.57
40.49,92.66,923.85
39.99,55.09,813.9
27.45,5.66,479.33
16.57,47.14,446.99
19.73,56.6,511.38
12.26,47.92,383.86
31.16,58.3,699.29
19.3,104.28,636.04
1.77,44.24,214.06
19.32,50.86,497.41
30.59,92.96,806.95
40.74,87.58,930.85
12.55,111.61,574.69
3.48,112.46,436.27
24.55,34.53,520.38
14.6,40.34,390.72
15.91,75.19,521.38
35.95,36.35,691.44
9.47,83.33,441.05
9.48,65.39,386.03
28.58,34.5,584.06
48.16,60.61,956.37
2.65,77.81,327.59
47.59,74.19,986.9
11.79,29.39,315.15
30.74,52.27,659.6
39.14,36.6,741.72
41.22,53.73,823.9
31.38,56.95,693.48
29.54,24.32,569.65
11.23,16.01,267.58
1.67,78.83,314.54
11.98,49.95,387.94
29.93,62.13,679.83
21.7,87.52,648.52
34.78,118.99,933.95
14.07,14.13,308.38
4.74,107.83,442.0
11.72,45.82,359.57
3.94,64.69,303.88
44.06,79.85,935.66
26.88,42.3,587.22
49.71,81.11,1026.41
28.11,89.02,733.5
28.33,115.13,819.88
9.18,84.35,441.5
5.29,56.79,295.48
37.93,44.97,762.09
46.4,31.98,847.07
20.27,22.53,426.75
26.29,76.71,675.44
4.91,91.86,399.76
39.21,86.51,896.31
2.29,39.86,202.33
4.84,112.75,454.72
27.91,40.14,582.57
30.23,64.3,681.36
46.01,62.15,927.36
19.34,105.97,657.36
43.47,97.68,988.44
4.51,51.34,274.37
9.09,84.92,441.23
32.23,99.59,832.14
7.06,104.13,468.17
30.51,92.95,792.93
9.15,62.8,371.65
18.69,12.84,367.74
1.78,20.54,138.4
48.31,54.74,943.84
15.93,63.21,474.08
32.22,29.84,621.92
31.17,79.77,755.24
3.38,119.41,465.77
3.36,84.93,353.01
34.76,12.16,606.04
25.72,119.62,798.13
15.66,76.75,521.28
26.59,54.0,602.5
18.7,52.62,487.26
41.46,89.37,934.59
1.45,34.88,171.82
38.13,20.77,674.14
1.1,32.74,165.02
48.81,97.18,1073.53
5.93,68.02,345.0
22.99,102.1,700.96
7.93,42.34,293.21
37.0,59.74,773.46
23.24,95.28,673.4
44.66,114.86,1057.36
34.56,55.32,742.0
13.11,101.7,563.65
33.14,107.94,865.64
32.02,75.6,757.34
7.93,89.8,435.05
25.85,83.23,684.93
4.03,6.39,129.86
47.85,89.81,1023.21
17.81,94.09,593.6
33.24,26.3,634.94
13.62,7.41,278.52
4.57,116.3,472.11
31.42,48.92,663.0
10.68,18.96,270.63
32.37,65.98,737.57
2.58,116.38,435.02
49.01,74.22,1017.16
29.33,91.03,767.15
6.84,43.9,287.35
46.44,30.83,830.32
22.25,75.49,598.22
47.18,32.68,853.85
44.4,79.27,951.17
14.65,98.83,565.29
37.87,57.96,794.17
42.18,88.78,955.33
9.28,67.68,396.84
49.24,112.8,1131.5
40.98,29.55,748.44
25.54,101.68,740.42
29.72,63.46,697.86
15.23,69.98,492.07
32.0,92.53,810.67
8.42,58.08,349.81
40.1,28.46,730.61
27.98,89.3,728.78
18.09,95.14,609.47
27.93,5.6,481.94
47.92,47.31,916.63
16.68,22.12,369.21
49.82,47.36,935.88
22.71,88.04,656.24
19.88,52.45,510.26
34.93,5.37,581.06
39.81,15.69,702.99
29.62,60.31,671.42
29.21,69.57,698.15
28.25,74.4,704.09
13.86,99.88,560.84
25.16,13.86,468.18
39.35,86.38,895.31
39.54,64.49,827.02
16.75,54.91,465.08
4.89,30.37,217.71
49.92,112.31,1142.89
32.31,53.44,703.46
6.36,52.14,303.58
42.07,49.14,844.08
9.63,46.66,339.59
17.06,8.01,330.39
15.29,113.18,607.95
13.34,54.41,415.45
23.18,60.54,576.23
7.11,14.27,199.41
22.12,88.89,659.96
38.39,23.27,688.71
37.69,80.55,859.59
47.85,12.93,805.73
13.45,33.4,351.23
45.36,33.7,839.1
22.76,94.32,668.94
3.74,61.07,282.3
17.69,108.48,646.45
1.58,81.34,317.93
46.87,11.01,790.14
21.23,34.92,476.97
10.31,70.01,409.48
23.46,116.78,740.09
6.15,22.39,211.86
11.65,33.86,326.98
26.41,18.2,506.5
43.08,88.12,962.25
27.41,14.4,502.5
23.19,60.74,582.6
23.38,52.35,562.79
32.72,67.72,744.11
40.42,57.81,823.69
3.07,95.42,379.84
8.65,42.97,306.19
37.96,64.73,816.22
44.04,105.12,1023.37
12.32,56.89,409.05
27.17,62.25,643.8
5.72,80.53,375.78
38.89,115.91,992.35
10.59,65.18,408.11
29.09,77.98,715.48
40.0,50.54,802.16
8.32,85.03,433.56
39.77,41.43,768.26
9.62,107.81,515.64
32.89,22.49,623.42
4.63,106.48,434.2
40.28,63.1,842.83
49.21,81.81,1038.26
31.92,24.08,599.92
8.53,6.45,199.24
28.21,65.65,673.98
4.43,89.12,385.06
9.78,103.69,508.63
35.66,41.15,717.68
23.82,99.49,690.79
24.96,100.25,720.74
17.09,24.98,384.5
5.48,32.59,231.23
7.53,45.01,302.79
32.73,76.41,767.7
17.94,101.77,626.93
31.89,19.52,586.77
33.97,42.39,683.53
9.16,103.41,498.63
11.75,101.26,534.65
34.86,63.96,754.49
15.61,29.45,374.41
43.62,93.1,985.37
39.53,81.47,891.0
33.7,69.45,762.01
5.99,56.41,312.5
27.56,48.75,608.92
48.85,17.73,831.46
37.13,110.58,937.84
14.36,103.71,579.49
37.82,97.56,907.62
1.39,115.72,414.1
41.56,37.37,794.04
43.7,17.95,762.14
5.28,32.82,231.84
1.11,58.91,245.33
15.21,39.49,390.21
37.29,10.54,647.06
44.67,26.31,812.65
4.41,32.54,213.92
3.65,100.61,411.3
30.15,18.22,562.34
44.01,70.75,927.02
26.11,54.5,601.19
38.81,74.22,839.16
44.68,55.99,902.49
29.79,85.8,764.17
12.25,63.92,424.46
24.64,80.01,654.07
47.55,74.07,985.89
31.89,13.16,577.46
13.09,46.61,383.82
7.43,36.83,271.84
48.59,43.1,895.38
30.73,37.28,622.27
10.75,64.41,403.23
40.23,70.79,859.31
25.88,38.75,553.56
4.81,75.96,352.38
6.14,44.7,279.17
24.93,85.76,681.38
49.64,20.12,848.9
21.38,52.27,519.53
45.43,87.11,977.08
41.28,114.83,1022.76
41.15,5.18,679.49
13.25,11.85,284.72
30.39,83.96,755.7
23.08,47.44,533.72
6.49,53.18,306.49
4.47,45.8,254.65
47.12,81.89,991.54
29.89,6.17,524.15
31.99,110.03,868.14
36.34,18.86,653.55
45.17,12.64,756.72
1.08,53.53,227.04
15.1,60.89,456.65
6.59,69.24,356.9
17.49,88.85,584.51
34.78,54.44,738.16
33.81,36.67,673.84
22.6,96.81,674.87
41.21,103.62,977.7
16.28,71.95,514.19
18.87,74.12,561.14
19.04,24.19,412.77
21.81,21.4,439.99
8.15,7.93,197.57
32.47,78.24,767.43
20.78,40.79,483.06
34.02,74.66,774.6
49.41,57.21,957.08
34.57,21.16,629.04
25.52,115.86,780.27
19.52,9.48,370.91
8.42,7.69,198.63
37.93,57.73,796.58
6.25,114.93,487.1
16.04,107.17,619.29
49.21,38.17,906.0
48.08,49.79,906.11
27.3,22.73,521.74
27.91,67.3,674.83
22.3,39.77,506.33
13.34,27.38,331.68
13.88,116.14,603.76
28.11,44.94,599.96
22.48,77.02,619.74
24.7,51.2,580.42
31.22,28.15,614.55
20.06,9.54,389.56
11.77,115.86,565.5
45.52,88.05,1007.77
6.97,95.91,442.71
6.68,96.33,441.92
47.23,22.11,821.73
23.4,117.81,762.93
29.64,48.16,638.75
14.65,28.37,352.75
25.81,61.62,630.56
29.08,104.54,799.38
41.46,92.92,953.37
28.89,114.95,826.57
42.77,55.5,856.75
42.42,107.71,1015.42
31.52,111.53,832.18
1.45,59.84,254.09
34.78,20.46,639.08
15.32,46.25,415.93
10.93,115.11,564.1
0.94,119.75,427.39
15.08,6.65,297.67
37.02,100.93,902.26
37.79,93.43,901.01
33.1,93.1,828.7
4.89,61.08,309.87
4.34,51.87,268.88
17.77,17.76,369.3
40.51,113.98,980.66
4.3,62.57,302.85
39.83,86.31,891.81
12.0,37.32,339.35
40.27,111.86,997.84
16.41,59.79,474.6
11.69,78.65,461.58
18.21,79.5,563.21
6.58,107.2,456.1
29.5,76.85,724.38
4.05,83.5,364.17
41.22,97.46,951.33
27.85,64.82,664.81
13.93,62.12,443.04
14.57,20.39,327.99
37.56,41.52,739.08
0.51,63.78,248.17
42.05,5.44,698.15
12.72,90.2,508.03
18.33,36.1,431.93
42.21,41.04,808.39
21.97,109.64,709.84
19.18,115.87,687.13
24.94,49.58,569.5
31.82,85.94,792.7
48.32,92.52,1065.37
47.56,85.79,1014.47
39.2,79.08,872.47
2.89,46.41,232.58
21.92,57.64,555.04
10.84,47.4,353.0
38.49,52.9,784.89
41.2,102.79,982.45
23.88,106.22,718.58
11.18,82.95,459.3
7.26,79.94,401.98
37.06,41.3,721.12
35.8,27.91,681.75
44.57,38.05,828.17
6.02,64.32,332.72
13.75,101.08,558.21
24.9,51.49,572.22
26.78,73.44,671.89
48.19,64.69,964.38
34.04,40.86,688.07
26.3,117.24,801.94
6.71,6.95,172.65
6.45,35.54,254.87
1.37,38.73,186.93
17.73,47.75,466.31
0.57,39.48,177.28
42.43,7.71,709.94
44.98,95.07,1007.66
20.2,39.84,479.56
3.75,31.25,199.79
37.5,59.49,777.97
3.36,115.15,445.94
48.16,13.69,815.35
18.6,30.92,420.18
31.31,94.85,801.64
29.13,21.9,555.4
19.71,82.52,599.97
13.37,44.7,383.75
23.76,107.37,731.91
35.53,12.15,614.23
7.15,115.16,513.23
26.72,32.82,560.37
4.27,36.59,223.84
40.44,57.86,811.82
2.67,24.06,164.72
22.55,29.06,473.39
48.05,27.65,858.72
47.6,119.4,1104.27
22.13,73.26,604.51
4.12,76.57,342.96
37.99,23.59,690.75
24.11,87.61,679.33
33.5,23.71,615.56
28.47,93.74,755.9
0.95,46.06,202.43
46.35,31.3,828.66
16.42,102.52,607.51
36.58,15.97,643.79
24.3,81.18,657.6
6.37,38.22,262.15
49.67,10.16,824.03
38.17,47.75,776.67
45.96,114.36,1075.98
29.07,46.07,619.99
28.42,46.24,619.88
33.0,32.65,643.04
11.43,9.48,247.51
2.28,25.15,159.0
47.55,71.89,985.64
22.11,71.71,606.43
14.48,45.6,404.42
44.76,113.84,1060.91
39.13,59.78,823.81
25.13,28.54,506.15
16.91,103.33,615.87
10.75,13.18,244.26
40.64,101.12,964.88
16.94,84.77,562.21
8.0,105.73,493.0
27.19,37.48,567.41
6.83,93.04,431.22
0.5,52.91,214.77
48.67,31.0,873.35
15.56,39.95,405.99
37.22,102.57,905.49
21.42,39.84,496.68
40.93,25.89,734.34
18.86,108.72,655.12
29.74,81.02,749.67
4.38,67.62,315.91
39.14,72.13,857.95
47.63,9.88,799.26
15.18,87.16,531.08
38.07,16.79,684.82
18.78,112.29,689.36
41.46,85.18,924.47
46.09,84.88,1013.87
36.58,104.09,918.61
10.16,44.71,334.45
17.11,117.53,662.14
36.49,69.64,812.55
47.38,62.07,936.57
39.42,89.46,906.16
19.53,7.9,361.08
35.39,98.97,874.63
27.55,116.21,811.94
36.06,104.2,897.53
9.37,97.0,471.18
7.02,104.51,473.97
8.29,40.63,298.29
33.8,96.62,843.54
12.9,76.86,479.83
45.35,6.4,751.41
33.86,10.96,580.29
15.69,45.59,423.85
31.25,43.42,644.93
3.88,95.13,399.63
14.65,54.77,429.21
3.3,48.0,246.51
47.25,78.8,1006.27
10.35,53.11,369.86
37.67,16.66,658.62
21.88,117.74,724.42
3.84,64.65,300.86
37.03,86.02,855.53
21.43,44.85,498.43
10.66,60.55,389.0
13.79,38.06,371.8
30.38,13.85,547.63
4.24,114.41,454.33
30.15,76.72,730.42
32.6,35.75,651.49
35.48,75.15,798.38
15.99,36.18,402.44
47.36,17.18,814.14
8.16,113.64,516.15
10.53,72.57,427.11
35.21,83.21,825.88
29.35,34.11,592.32
22.79,115.12,745.5
9.83,82.33,442.96
48.86,16.72,832.86
5.08,91.06,398.68
45.77,54.91,897.34
36.31,6.04,602.93
29.68,75.53,712.46
35.85,15.51,638.65
10.36,105.91,519.03
13.9,33.47,356.43
3.6,57.78,279.23
33.81,14.33,609.07
47.6,101.43,1073.63
46.67,67.59,957.32
10.41,75.93,437.71
26.31,12.87,487.55
18.87,110.89,672.86
13.81,47.37,408.7
44.82,81.64,964.99
31.7,33.56,635.28
35.42,54.17,758.63
46.85,12.36,783.77
41.32,38.62,782.62
15.4,62.8,469.19
3.28,61.48,282.24
32.93,34.93,658.11
8.39,23.45,248.15
40.8,83.79,916.48
5.97,38.26,251.57
25.99,66.59,634.34
18.17,45.69,461.83
15.74,110.09,619.74
47.66,42.58,893.41
47.09,105.78,1049.86
5.58,50.16,284.68
10.1,103.76,528.09
34.01,101.36,867.86
22.24,75.21,612.93
8.44,82.47,426.37
11.87,18.52,281.0
8.68,5.23,197.8
25.99,23.56,515.22
4.64,7.2,140.2
5.71,30.57,224.5
26.2,74.89,658.47
11.37,115.38,563.49
31.01,69.04,710.81
27.27,85.09,700.89
35.26,24.74,635.91
43.59,77.61,936.71
26.86,18.27,503.01
17.19,21.43,373.09
34.76,28.72,663.2
10.61,63.4,398.41
21.25,7.08,400.21
31.61,84.19,768.08
13.04,6.15,264.79
41.89,99.46,993.91
42.24,60.79,875.47
22.84,26.1,467.95
42.82,106.49,1003.68
19.7,97.41,637.32
45.14,28.4,819.19
48.42,12.65,795.95
32.59,13.52,586.36
21.96,119.68,734.81
28.17,41.93,594.54
18.94,12.9,368.36
18.79,58.39,511.57
35.58,5.96,609.25
11.27,81.09,461.39
40.32,93.87,936.35
27.65,12.64,504.97
39.21,91.45,925.78
40.25,64.57,850.93
31.21,90.36,782.43
8.91,27.42,266.7
45.46,92.25,1013.32
30.06,80.23,743.0
31.8,22.99,601.58
23.96,87.39,665.88
16.03,32.77,386.22
11.14,53.86,378.74
9.8,13.85,240.7
34.96,49.02,725.15
39.91,36.27,765.27
34.77,35.37,678.82
16.56,35.99,408.62
9.95,84.88,455.99
13.6,81.13,490.59
40.84,94.47,939.42
4.88,85.38,381.55
18.73,54.72,496.84
2.43,81.69,326.33
16.49,108.26,620.08
45.1,119.56,1093.12
41.36,102.16,981.46
3.83,15.92,152.83
49.95,42.56,933.94
42.97,119.73,1060.19
12.45,9.64,262.97
1.61,46.45,212.98
39.3,70.11,859.02
11.98,6.65,246.37
38.34,76.73,858.6
28.39,76.83,714.05
43.29,72.5,918.18
37.96,55.86,787.17
35.52,49.76,735.74
46.45,111.85,1067.16
17.42,65.68,511.52
29.86,11.14,536.02
23.01,82.6,636.14
47.11,24.25,841.69
25.27,84.45,689.3
14.13,22.96,335.27
31.98,73.92,755.69
23.03,81.79,635.18
41.95,24.52,764.51
41.99,97.32,980.11
48.07,66.63,946.38
8.11,70.85,383.06
14.21,110.95,606.46
18.07,10.98,359.56
2.07,53.68,242.56
44.11,106.54,1023.45
33.12,29.29,638.67
14.68,97.3,557.58
49.86,8.45,825.33
48.68,58.48,963.48
42.45,12.18,719.55
48.78,98.95,1076.43
42.7,112.87,1026.99
4.02,29.24,196.54
11.85,58.95,402.61
8.79,21.94,246.96
48.67,92.32,1056.36
14.28,96.8,557.26
16.65,39.43,416.0
13.19,45.86,384.07
33.86,12.19,598.01
7.77,44.4,298.08
43.3,22.82,767.72
15.47,69.79,487.25
40.29,20.77,717.98
7.63,76.76,405.36
14.05,61.1,443.69
15.67,99.57,578.9
3.32,53.14,263.73
28.93,81.73,726.8
38.96,104.15,950.58
42.09,118.79,1017.72
44.53,47.72,860.69
37.21,61.65,781.96
24.42,101.4,727.36
20.64,42.75,486.06
22.97,92.68,670.95
47.6,25.18,837.02
28.6,71.62,709.26
11.88,68.56,433.19
18.92,81.09,578.32
9.67,37.04,302.81
11.33,26.03,296.41
46.39,116.54,1104.6
28.78,21.45,552.7
18.69,15.01,373.45
28.06,102.19,773.34
33.8,30.36,651.22
11.3,105.52,531.56
0.53,105.13,370.03
39.73,77.14,871.78
23.19,45.39,536.47
5.14,60.91,306.93
12.29,109.47,559.0
23.67,58.62,577.38
24.62,54.45,585.32
30.05,119.95,856.07
41.46,24.63,756.14
2.01,28.51,165.91
30.95,109.72,825.44
25.74,62.65,611.04
42.04,23.48,763.99
1.74,56.64,244.62
30.61,37.32,623.16
9.09,48.67,330.86
37.66,19.43,681.65
38.75,32.25,732.99
46.49,49.54,912.53
3.78,7.2,128.43
38.87,31.96,738.38
17.58,8.46,339.39
46.69,35.53,859.1
30.77,83.03,767.25
47.38,106.76,1076.06
37.08,36.91,723.21
49.51,40.87,928.74
17.33,14.08,346.42
17.5,100.98,613.02
46.81,26.36,836.55
3.56,15.62,149.97
8.56,73.45,399.09
12.71,59.16,405.62
33.26,91.39,826.91
45.27,99.0,1041.66
37.97,11.39,647.52
20.42,106.73,688.31
44.83,109.56,1063.07
13.95,26.92,336.25
9.64,44.34,331.63
6.43,89.52,413.94
26.81,38.11,555.65
30.01,54.89,664.36
8.64,18.41,236.97
17.53,89.3,581.46
33.1,112.13,885.22
33.02,108.31,881.3
20.28,42.58,481.35
29.05,58.36,661.45
6.38,117.77,506.58
2.11,80.75,325.85
26.85,16.88,504.69
15.17,112.91,608.63
41.03,118.11,1000.32
2.99,11.07,126.96
34.75,57.66,748.37
13.02,71.43,453.45
18.28,99.71,622.75
17.87,46.69,464.19
40.38,42.74,772.01
42.12,30.44,751.22
19.36,97.97,631.7
23.23,39.88,524.07
46.66,18.64,807.35
26.81,8.76,480.58
24.04,51.89,568.84
48.57,69.65,977.8
35.88,12.87,620.78
30.83,112.93,849.48
33.26,13.83,594.61
20.46,100.87,645.99
40.83,75.36,876.34
5.74,45.81,271.59
20.95,82.72,609.01
20.07,25.9,429.63
8.26,100.14,473.88
8.83,106.12,498.16
28.07,31.61,575.81
47.93,30.35,860.16
44.37,112.44,1055.24
31.68,51.37,684.02
37.74,66.1,808.43
36.71,99.81,916.44
7.75,100.79,474.25
21.85,48.59,524.25
45.8,33.88,838.17
25.95,40.47,567.49
28.87,42.4,609.67
36.55,44.77,735.63
33.72,97.62,847.56
39.27,35.58,750.11
49.52,7.96,830.15
34.56,18.84,631.61
46.96,25.84,821.16
15.71,67.84,491.97
21.15,23.43,436.22
37.99,108.27,933.23
4.66,50.21,273.37
8.57,31.89,278.76
1.67,101.02,379.97
46.36,53.26,901.94
3.01,9.53,121.38
1.92,72.07,298.9
1.06,95.55,352.24
29.62,50.73,646.25
48.7,67.58,992.6
13.94,108.99,580.09
19.05,68.23,539.9
41.7,97.65,962.61
11.6,31.0,316.65
17.2,105.13,617.8
4.63,29.28,201.26
17.05,50.38,455.18
26.73,23.56,528.56
38.13,22.7,692.21
7.89,35.84,272.69
34.15,11.52,586.35
2.22,50.07,231.3
32.25,34.88,642.27
44.36,108.0,1028.98
20.86,32.66,457.41
33.78,100.0,865.08
20.15,22.98,423.39
37.03,46.45,735.89
4.52,119.15,479.5
8.23,118.67,534.19
43.37,38.29,830.34
23.65,76.23,623.72
16.85,69.89,502.79
42.6,28.18,774.97
41.25,68.96,879.36
39.09,6.86,650.67
38.39,34.1,723.22
43.35,16.83,757.5
16.55,82.8,549.12
29.91,74.36,727.04
21.74,36.73,494.95
38.54,31.02,713.59
31.45,90.91,800.5
11.33,11.89,256.35
42.55,10.17,711.66
36.84,44.25,741.08
16.93,58.51,479.29
1.18,14.38,109.65
27.63,25.08,550.01
15.15,81.34,522.23
28.41,62.53,669.97
3.94,15.34,152.53
45.9,51.76,903.24
7.59,87.19,426.39
35.04,108.53,884.45
39.71,82.78,897.28
15.14,5.13,292.92
13.96,30.06,353.73
29.88,6.87,526.26
36.57,42.21,730.01
17.47,20.48,380.74
5.17,100.62,430.4
5.62,51.23,289.85
36.58,94.68,874.65
13.1,6.48,269.54
27.24,102.88,767.85
25.97,14.78,486.57
27.67,48.7,601.61
12.39,15.92,287.87
16.09,16.11,344.5
43.74,119.49,1038.09
29.34,98.43,775.91
20.43,82.34,596.98
34.27,41.25,690.13
6.85,71.53,363.89
34.82,85.57,833.42
25.25,88.98,698.21
31.15,26.46,609.08
42.57,27.57,763.43
6.71,115.8,497.78
29.49,67.26,687.31
4.76,11.56,156.39
27.45,31.88,552.35
32.07,99.31,828.96
34.62,34.02,667.4
15.73,75.57,520.81
18.56,78.71,567.77
23.58,26.84,486.65
18.25,109.8,664.88
1.54,41.31,195.01
33.95,50.53,719.58
37.93,57.23,796.01
12.92,18.85,299.94
29.43,116.47,835.87
17.3,63.18,498.21
8.52,80.68,415.0
6.2,106.58,454.93
21.03,49.54,510.43
32.59,12.07,586.29
40.78,113.16,1005.19
8.0,59.9,350.16
30.29,71.9,707.93
6.78,50.05,298.76
8.55,89.45,456.27
43.66,71.35,929.89
17.6,97.35,601.1
28.51,109.42,806.54
20.12,39.08,468.69
21.92,73.5,598.85
4.49,113.05,458.81
41.51,14.22,725.96
24.1,77.46,647.04
14.21,113.2,606.18
6.66,105.64,468.86
29.24,112.63,805.56
33.78,60.35,732.77
22.27,79.06,618.73
19.36,11.28,377.39
19.47,29.88,432.59
22.41,10.56,419.61
29.61,45.61,633.62
40.09,68.79,861.53
39.33,73.83,870.93
21.0,115.16,726.63
11.41,76.95,456.02
28.79,26.26,561.45
38.3,65.19,815.03
11.73,81.65,470.37
8.59,26.21,255.41
10.51,49.47,355.61
25.83,60.58,615.72
19.45,101.5,646.37
3.57,13.18,141.41
28.91,70.09,695.01
48.01,10.6,810.16
5.35,10.07,160.74
32.46,10.24,560.03
47.33,101.85,1060.66
8.91,19.6,241.92
6.6,64.63,340.43
49.48,83.7,1029.9
47.47,21.39,834.3
4.3,5.48,128.18
33.69,78.81,789.39
21.06,7.76,379.05
17.1,25.36,388.43
16.11,50.21,445.22
12.23,16.15,283.3
34.04,67.9,760.21
24.02,111.08,742.18
17.82,94.98,600.09
49.63,32.68,892.89
11.62,50.92,377.25
20.78,117.5,717.77
17.04,89.05,569.69
21.29,71.51,586.42
43.39,11.86,739.93
34.76,21.1,642.82
20.44,64.76,538.67
49.83,20.55,850.8
7.08,23.25,229.63
47.49,106.15,1074.51
33.63,60.64,727.73
21.21,46.15,514.19
8.49,59.25,361.7
27.9,70.58,684.86
1.75,45.81,211.94
39.12,69.85,853.79
28.59,96.57,760.28
36.88,75.16,819.47
13.44,53.2,411.05
30.17,64.08,682.01
36.86,7.75,625.95
29.45,113.27,830.62
5.03,76.95,351.67
27.75,51.85,627.76
10.22,7.59,226.19
43.15,71.37,913.4
40.6,54.41,829.66
37.62,110.0,932.31
13.81,27.84,341.65
12.72,40.24,369.2
21.61,75.77,609.47
4.54,15.1,163.52
11.09,37.58,324.83
20.32,98.36,656.82
46.67,7.32,776.67
8.11,106.91,503.72
33.32,83.09,787.25
46.62,119.65,1097.46
44.05,10.66,750.21
11.94,108.2,549.14
7.34,103.8,468.11
25.25,82.61,681.87
38.12,40.95,738.76
20.83,29.11,449.93
46.76,39.89,872.04
39.2,93.07,908.17
33.75,88.87,820.52
28.97,28.78,559.6
21.66,79.2,612.79
37.39,31.71,695.09
10.33,95.09,487.12
45.51,47.58,879.08
42.38,26.02,765.8
47.84,48.32,908.03
24.57,17.54,470.31
12.8,41.45,367.3
15.47,103.75,594.56
42.93,92.93,977.07
47.28,83.49,1001.33
16.92,62.57,492.3
6.44,40.89,275.23
40.22,104.06,977.0
37.72,98.37,899.45
47.31,40.99,891.71
34.05,34.02,668.59
43.72,24.42,779.63
24.04,102.65,717.47
19.48,24.35,415.99
9.87,87.84,467.24
25.8,74.5,668.92
41.56,86.58,931.72
5.72,101.47,445.57
18.47,106.12,652.23
36.41,17.95,656.07
2.84,115.56,438.3
34.12,77.61,787.35
47.13,39.3,867.53
38.89,50.21,787.3
18.77,46.08,469.98
17.53,64.86,512.67
25.52,63.39,621.98
7.35,118.02,513.38
33.33,73.47,769.54
21.05,53.55,523.13
41.1,79.61,910.61
21.24,57.67,546.26
25.89,41.9,559.38
30.0,119.51,865.34
17.58,11.29,347.15
10.61,53.15,365.97
6.46,12.77,186.18
36.34,111.81,921.27
25.86,45.12,572.22
19.05,76.45,561.79
2.26,119.35,443.4
12.02,11.19,267.18
17.39,56.08,476.94
33.94,63.52,751.74
24.42,118.49,771.6
37.85,33.59,720.14
42.95,16.2,742.98
35.47,44.74,721.03
17.2,100.17,605.15
0.53,40.4,177.75
3.88,26.52,186.33
28.0,38.51,574.81
43.86,109.11,1022.51
24.9,42.97,551.58
15.25,41.85,402.98
8.63,95.06,466.1
6.63,13.11,187.11
45.52,26.86,814.85
4.35,114.88,465.88
12.72,103.86,553.8
1.15,63.85,258.18
38.59,112.5,964.76
14.57,38.23,384.05
19.16,50.23,482.15
34.72,24.27,644.64
15.86,62.88,479.66
32.45,22.91,610.39
27.58,15.06,502.45
2.47,36.51,193.06
47.8,114.67,1106.76
9.37,50.11,340.46
47.42,21.24,821.72
49.07,48.89,935.23
38.87,44.4,757.24
7.73,112.88,507.05
45.92,107.06,1072.51
3.92,43.5,240.45
16.03,78.1,519.66
30.03,98.65,793.23
19.42,20.21,399.46
15.34,78.92,513.19
30.25,85.05,767.18
10.6,58.94,384.03
40.15,25.72,738.86
1.75,84.36,325.68
16.15,11.41,321.92
19.65,14.27,389.85
7.78,39.27,284.49
6.6,40.38,269.56
46.34,23.59,818.48
44.28,68.71,935.55
26.96,27.48,530.95
38.11,43.96,742.4
47.63,89.86,1043.85
2.96,34.56,198.56
23.52,31.1,497.6
21.48,44.35,506.14
48.1,56.16,919.34
45.52,70.43,942.56
38.23,98.36,911.18
42.5,46.77,812.02
39.8,113.21,1000.38
40.35,102.18,968.62
20.06,10.9,390.0
22.79,91.13,658.97
18.17,78.0,559.81
27.51,28.47,544.02
14.95,91.09,539.31
48.38,87.24,1036.47
47.88,54.12,939.4
26.49,86.34,705.95
12.98,56.37,412.72
0.55,9.52,86.52
48.88,32.87,890.28
27.76,22.61,536.7
36.54,74.03,827.47
48.78,70.96,1002.15
17.41,79.57,547.94
40.88,73.69,877.44
19.98,59.45,525.87
43.55,15.14,755.51
38.95,102.47,939.02
8.69,86.26,433.51
27.0,78.06,685.18
2.55,42.04,213.06
28.21,103.66,778.39
47.68,87.71,1047.77
46.54,65.67,939.36
15.49,66.23,482.79
28.44,74.07,696.03
31.05,116.53,855.8
36.52,111.1,935.81
10.01,81.67,451.6
31.36,74.28,766.67
17.05,64.72,494.29
10.28,97.6,506.56
22.17,36.83,489.22
28.13,44.91,594.15
36.99,9.22,632.69
24.0,43.68,549.93
24.51,14.82,463.78
48.64,64.57,960.01
24.43,54.35,582.93
4.21,17.21,163.98
10.15,63.06,393.91
38.55,12.12,658.06
2.3,11.07,117.94
41.79,18.57,731.98
42.28,35.18,785.17
21.37,9.59,407.98
28.76,43.23,602.39
16.12,17.26,340.9
38.45,116.12,972.58
48.52,104.48,1108.68
14.62,77.54,505.95
23.05,60.43,572.37
16.24,111.33,633.59
3.28,60.85,282.33
27.55,33.72,568.73
17.49,102.99,625.67
5.43,6.84,156.25
48.2,48.35,911.27
34.31,112.25,903.03
29.0,19.5,551.45
20.62,106.18,680.88
32.61,108.41,856.16
15.83,28.21,373.27
45.49,92.45,997.69
9.61,91.99,475.07
23.97,30.97,500.22
16.65,58.88,476.93
7.82,118.24,519.99
10.57,93.44,487.38
21.56,70.02,591.11
44.32,14.97,758.01
27.15,110.02,796.28
7.12,112.57,492.59
37.7,113.25,944.76
46.94,36.69,876.45
16.94,85.59,564.21
37.06,12.34,639.13
19.67,37.52,463.79
48.84,48.38,935.96
40.19,54.97,816.12
47.41,30.16,853.6
16.65,91.96,584.6
22.51,90.37,648.68
11.8,11.72,261.52
8.82,45.8,313.66
20.3,11.6,393.03
8.01,73.75,392.21
33.4,53.22,705.44
25.48,5.85,457.2
34.74,81.05,813.35
48.96,53.38,940.87
25.35,109.64,763.87
39.99,104.4,978.83
23.12,59.64,577.96
35.01,14.57,618.27
43.22,60.26,879.84
21.15,105.94,679.95
10.6,100.04,505.81
48.61,63.95,971.82
14.9,58.98,448.49
10.04,19.84,262.18
15.24,94.71,554.05
8.73,43.26,310.23
47.03,44.45,888.72
9.37,107.48,514.56
23.29,86.61,661.01
14.45,26.19,343.56
2.45,7.51,108.76
23.65,74.68,631.05
21.7,8.12,401.44
21.93,66.59,580.25
24.11,49.76,567.09
46.38,115.64,1075.51
25.69,57.07,608.04
14.49,37.09,374.49
20.55,119.86,718.62
4.59,22.77,185.99
22.26,63.7,570.07
4.8,39.87,238.89
48.34,113.64,1124.92
45.52,5.71,735.99
40.63,114.06,1002.09
1.2,34.63,172.85
22.77,84.68,647.68
26.9,51.65,597.47
8.87,117.41,535.25
30.36,31.14,605.88
27.42,84.92,718.04
30.76,47.66,654.44
38.72,24.6,693.59
21.87,94.9,654.93
24.47,96.31,692.98
40.59,32.4,762.79
11.61,63.02,413.89
22.55,116.2,753.03
28.77,104.29,796.08
43.46,72.06,908.06
36.04,47.79,733.3
20.03,104.71,658.68
12.58,116.17,591.67
48.35,56.0,940.5
16.39,65.5,486.83
36.96,10.94,643.14
2.94,49.42,239.07
24.81,41.88,541.88
10.02,40.59,321.85
22.51,71.3,603.74
49.18,32.78,896.31
30.56,15.19,559.36
34.01,12.37,606.27
10.94,101.79,522.62
2.0,102.04,380.39
7.12,114.63,499.65
4.1,27.9,197.56
27.47,19.45,512.45
14.84,32.46,368.41
35.35,30.01,661.13
18.65,49.96,476.61
3.87,41.44,234.07
13.71,63.18,447.39
42.32,46.36,827.04
34.52,40.98,691.81
0.99,52.06,220.29
16.8,84.74,551.98
40.68,38.8,784.65
22.59,88.61,659.14
30.68,110.24,831.22
8.24,91.46,440.54
23.98,43.38,542.56
29.18,107.24,825.19
26.18,10.88,480.21
12.03,61.58,411.29
25.45,42.12,554.98
13.28,58.36,425.99
5.76,94.23,422.09
40.49,93.29,940.1
41.8,71.4,883.85
32.5,57.71,706.89
32.13,14.37,575.25
22.03,38.66,491.01
34.74,96.43,861.55
8.59,17.0,224.4
5.78,79.7,383.47
43.47,100.24,996.08
6.06,10.67,173.25
13.25,20.6,308.42
47.18,75.19,969.18
41.83,86.69,940.56
14.12,78.5,494.65
17.38,119.73,663.86
46.57,7.83,764.6
34.99,88.41,844.17
32.54,19.76,603.78
32.68,117.99,893.05
2.48,46.66,229.1
41.41,85.67,921.96
21.63,58.94,550.93
46.46,78.72,985.64
3.77,116.85,448.19
18.32,59.95,511.56
33.28,87.26,802.17
13.77,41.3,381.78
2.47,73.73,305.64
43.55,107.45,1007.33
4.31,82.14,353.02
41.15,33.14,775.67
43.92,32.97,805.51
27.75,27.14,550.69
2.91,102.03,402.46
22.18,44.38,511.31
37.95,71.98,836.02
9.74,26.65,279.22
1.37,10.64,102.77
28.85,99.24,771.44
30.02,36.53,601.76
1.82,89.55,350.06
37.21,82.65,871.93
10.69,45.54,349.92
48.16,77.26,1008.37
9.61,17.15,246.39
31.11,94.87,811.55
35.31,100.96,878.46
32.2,41.13,661.36
47.92,8.84,785.82
35.75,25.23,663.83
12.15,61.85,419.56
25.28,109.86,754.39
7.76,79.28,401.86
34.33,73.27,781.16
37.86,40.59,723.62
49.21,38.61,893.18
15.09,45.77,407.11
45.81,35.55,847.28
44.84,16.9,778.64
8.85,116.36,533.24
22.92,113.76,726.35
9.82,39.93,320.44
5.1,21.54,190.78
39.88,21.26,705.48
6.95,78.99,389.31
32.96,66.79,752.77
34.02,83.51,799.58
2.43,57.39,260.6
44.6,70.49,935.13
33.88,117.69,903.26
49.29,83.97,1048.99
5.8,94.78,418.65
45.55,49.03,871.18
22.17,40.69,514.44
38.23,112.66,964.99
13.02,12.74,285.18
13.77,109.9,594.42
13.23,87.73,515.93
1.89,48.16,220.59
41.24,32.03,767.44
32.79,51.6,690.41
1.34,109.6,399.77
13.85,99.26,560.27
48.29,110.32,1091.72
25.39,96.44,715.87
13.95,98.83,554.08
19.23,15.17,379.44
8.74,118.41,546.09
41.13,37.37,780.69
46.47,62.13,924.25
42.23,56.28,861.0
9.11,46.54,329.27
32.05,13.13,573.25
49.81,59.57,954.67
40.89,54.69,830.91
44.39,52.26,884.06
30.41,77.45,730.43
5.13,6.92,147.34
43.74,32.19,808.18
16.34,63.2,480.63
8.54,115.37,531.77
7.62,5.99,181.34
1.49,72.46,293.05
0.87,53.61,217.53
36.04,55.91,751.6
40.75,72.67,886.05
10.93,32.22,314.01
21.07,34.7,472.15
43.42,81.97,940.78
10.61,77.08,427.56
18.26,119.5,668.63
28.51,110.43,786.03
40.14,56.88,827.98
24.87,27.12,512.56
23.46,33.27,500.46
47.64,66.3,969.54
31.76,67.44,726.42
5.41,76.64,357.67
22.62,94.47,668.91
20.61,111.56,690.56
35.67,53.18,738.22
49.24,81.64,1033.89
14.63,72.37,488.9
12.65,87.52,497.01
38.95,82.44,889.16
4.39,43.06,245.65
12.79,118.62,606.5
34.39,29.39,649.45
12.33,37.35,341.99
1.47,106.13,388.55
48.3,44.28,915.97
7.76,23.36,237.73
39.61,75.87,872.86
15.79,47.4,427.04
38.6,98.26,929.11
20.62,93.76,639.76
24.45,108.22,736.9
40.35,102.77,969.27
14.81,114.51,630.38
32.43,6.95,563.9
48.04,10.13,806.78
33.46,99.61,851.68
1.16,67.33,269.17
4.07,83.71,350.7
25.41,92.99,701.68
32.59,24.82,613.0
43.68,75.51,924.36
31.53,34.12,625.52
40.28,99.05,951.37
23.02,91.65,673.03
7.06,67.9,356.48
21.19,103.13,677.9
42.88,16.41,740.68
43.8,19.82,763.34
36.14,16.63,632.38
39.55,31.87,748.32
32.14,32.1,632.62
6.78,104.66,467.47
29.88,19.62,550.47
35.17,92.27,852.2
5.74,63.21,327.83
27.02,50.33,606.41
42.49,61.69,862.86
42.42,100.67,956.91
20.47,43.33,500.46
12.3,96.3,521.8
24.58,43.42,547.5
47.49,40.09,879.09
8.86,57.98,358.57
27.81,46.0,593.35
22.64,116.03,727.4
12.55,57.64,408.26
38.1,28.69,717.67
17.27,69.83,516.37
10.65,90.33,482.22
17.95,88.11,582.13
16.3,109.18,621.06
24.9,14.42,465.9
10.2,113.53,543.25
46.2,67.65,948.23
13.85,85.78,519.56
3.08,18.07,148.63
0.69,119.94,422.64
25.73,39.51,557.92
7.99,37.74,286.89
27.21,13.91,496.61
1.39,16.77,121.99
32.05,97.21,821.22
23.59,46.59,540.57
25.86,61.05,624.03
31.44,113.81,873.23
2.99,12.23,134.62
9.77,8.73,224.68
7.23,101.15,466.28
8.16,39.64,289.32
13.11,61.23,424.53
20.67,118.46,716.48
3.2,101.19,399.47
25.84,65.61,626.53
10.29,41.66,330.1
29.88,29.16,581.69
7.21,21.75,225.56
35.02,78.92,805.14
12.55,101.85,546.39
10.86,13.34,250.97
46.04,79.78,995.71
4.98,114.0,462.86
20.41,10.89,384.08
25.08,19.18,475.57
38.76,97.36,913.14
8.09,47.15,309.59
40.02,86.33,905.9
9.92,47.17,341.22
6.51,118.38,498.65
39.14,49.88,793.25
27.93,25.07,545.02
19.25,101.96,653.34
43.41,107.81,1037.83
46.03,15.91,801.29
37.97,74.77,846.44
8.76,96.7,469.39
23.46,25.01,478.07
17.21,7.08,333.0
31.17,81.3,744.76
41.9,29.78,767.86
49.08,16.2,845.07
15.5,78.4,520.74
3.75,68.18,310.15
29.75,80.06,730.98
42.26,27.42,755.93
41.43,69.71,887.54
10.77,70.41,426.88
43.45,54.69,865.37
7.57,49.78,314.46
47.61,41.77,883.63
36.37,40.82,716.32
39.25,55.91,818.81
19.43,55.96,508.92
19.12,47.24,485.12
18.41,65.29,522.62
33.7,35.99,665.37
36.31,71.38,807.6
32.56,8.37,564.6
27.51,46.33,616.03
4.53,27.23,199.41
23.6,11.06,439.66
2.36,87.48,350.31
12.53,90.65,525.77
8.83,26.84,258.25
12.75,79.2,477.27
32.72,99.82,834.09
14.05,117.7,612.98
30.01,86.62,760.08
2.36,70.46,296.07
46.08,116.37,1067.36
47.28,82.47,1027.17
3.71,58.56,280.81
23.05,71.95,601.82
18.16,23.89,399.15
33.37,43.91,682.38
46.81,109.9,1089.76
48.41,107.33,1104.05
30.23,65.96,716.65
28.08,90.4,737.3
14.35,69.97,474.35
37.63,84.74,861.61
49.54,36.96,885.23
22.31,103.55,695.15
34.37,106.48,888.01
3.46,107.19,422.32
16.79,41.18,428.41
2.87,45.51,229.62
42.9,50.55,842.32
19.58,110.27,665.46
38.22,63.09,812.4
3.38,35.16,206.78
22.09,23.04,453.22
36.21,113.25,918.39
44.14,64.25,907.88
27.86,18.2,530.22
6.74,65.9,352.14
48.46,60.68,981.23
3.65,68.44,304.42
45.38,26.99,805.94
30.96,51.66,668.61
13.63,83.9,504.4
47.47,35.83,862.87
46.73,93.13,1031.04
33.07,99.75,847.4
35.84,111.34,922.34
26.1,18.46,491.55
29.83,60.49,679.47
31.32,6.16,538.07
47.55,49.12,897.82
21.51,87.19,624.18
20.84,30.04,456.42
48.32,20.02,832.71
11.48,94.75,506.1
10.46,14.21,248.85
4.7,97.88,414.08
38.69,110.24,965.26
3.09,95.03,384.66
42.35,96.89,960.48
42.34,88.62,951.44
49.05,22.9,848.53
39.73,26.49,720.64
3.8,119.83,471.31
27.95,108.69,792.08
46.35,6.05,762.45
33.63,107.15,874.05
23.27,74.8,626.68
48.38,35.89,878.7
24.99,14.9,470.19
7.65,55.84,341.97
17.04,65.01,500.17
38.17,87.0,883.69
18.63,11.09,359.94
9.6,71.35,403.45
8.16,45.96,311.99
19.63,53.33,513.53
28.32,5.67,492.89
46.04,36.13,845.2
18.84,70.43,541.88
33.62,52.18,712.36
23.8,10.65,441.39
22.97,39.69,510.58
19.51,103.26,646.91
6.32,33.98,249.02
46.08,71.88,979.63
18.62,97.82,627.91
26.4,18.43,501.83
46.86,40.46,864.85
43.54,92.87,984.57
10.38,47.7,347.03
25.33,88.43,693.68
24.51,67.2,613.5
41.01,24.74,743.81
28.02,85.45,733.61
20.89,20.92,427.42
32.15,43.87,677.59
45.39,72.55,947.53
37.94,96.33,900.44
24.98,107.9,743.91
44.98,108.07,1032.56
34.44,103.78,869.46
12.35,53.07,392.34
12.93,41.87,368.04
28.83,55.81,645.08
17.66,90.84,589.02
16.93,90.61,578.18
8.02,19.99,232.78
12.69,12.27,275.64
7.02,103.76,460.35
27.99,65.67,671.69
32.94,31.82,636.94
34.86,6.85,598.1
18.95,45.45,466.95
39.61,30.04,734.85
34.01,97.37,866.06
33.26,45.89,689.42
40.54,38.89,786.96
19.26,39.82,460.45
23.24,99.07,696.36
33.24,108.88,881.88
5.38,31.69,227.71
42.92,52.74,856.74
4.92,55.34,287.62
38.73,13.69,665.44
41.47,54.18,827.87
17.2,15.32,354.63
48.1,97.84,1048.94
46.71,44.63,882.59
8.47,69.76,390.52
24.12,119.37,771.53
34.12,13.52,605.22
15.56,14.94,322.49
0.57,56.7,229.24
49.96,37.99,924.27
14.38,23.37,334.09
39.75,109.16,965.93
48.77,31.71,873.64
6.09,105.05,460.02
31.99,23.94,591.43
36.97,57.14,771.61
49.47,11.3,823.68
25.41,41.33,542.92
36.6,105.6,917.33
41.38,39.9,799.59
20.22,41.44,468.99
48.1,40.98,891.98
5.35,65.58,326.37
21.95,96.96,660.1
37.1,54.03,759.04
38.81,10.99,657.63
1.13,96.49,352.51
12.16,112.24,568.73
43.05,86.63,980.22
48.77,116.06,1104.32
11.16,98.28,509.24
33.97,51.58,709.86
46.61,15.24,801.57
45.25,23.0,797.94
18.65,76.2,550.92
30.15,13.25,530.2
11.72,112.12,562.74
1.46,42.61,200.03
31.58,36.65,635.17
4.06,109.54,442.74
47.91,13.94,795.13
19.95,25.66,427.56
29.11,115.17,825.07
31.19,44.13,650.28
42.87,54.99,853.5
38.55,35.54,731.02
38.48,28.68,710.51
47.19,112.15,1072.68
10.74,46.2,349.82
23.3,108.59,716.64
46.54,49.11,904.06
40.43,5.42,672.57
16.34,53.5,452.47
2.37,78.99,320.53
13.49,11.02,287.37
42.65,60.55,866.06
21.1,117.45,714.52
14.95,24.87,346.65
19.28,109.75,659.43
46.75,10.57,796.8
10.91,70.08,422.02
20.45,79.65,596.36
35.05,78.39,805.82
21.64,19.81,432.83
47.41,59.64,950.32
25.15,40.65,545.09
40.69,104.72,971.33
28.53,92.78,757.23
7.26,31.3,252.37
22.62,5.82,413.42
41.06,46.38,820.82
35.28,114.94,928.18
26.8,50.97,605.72
15.26,19.54,338.97
42.21,46.65,819.98
10.35,74.19,436.73
3.5,52.53,254.38
37.56,100.21,928.65
38.68,9.46,659.67
46.77,101.02,1040.04
42.21,39.87,794.32
8.29,8.57,194.99
47.37,32.68,856.64
46.46,71.67,960.55
33.52,109.83,892.84
2.42,26.48,163.22
41.65,93.18,942.46
26.91,5.03,461.7
12.44,28.95,325.89
14.34,27.02,344.03
25.46,104.55,744.21
18.14,90.98,594.39
27.76,98.93,761.97
2.48,118.2,452.85
19.48,22.51,404.68
29.5,72.48,716.7
22.56,101.15,689.32
27.12,81.32,689.05
39.31,50.4,783.16
46.67,49.05,900.85
36.61,7.34,620.78
43.97,65.63,893.29
46.53,60.64,920.15
40.23,33.4,753.45
45.03,109.74,1055.0
34.02,94.53,849.71
6.99,74.11,377.17
8.16,26.04,249.18
18.57,54.73,489.45
25.43,26.0,510.44
28.91,78.3,730.36
17.11,92.99,587.91
21.92,60.68,567.49
15.84,14.87,337.33
5.0,111.17,455.05
18.16,73.14,543.89
41.86,10.02,710.86
0.95,28.16,148.32
47.97,75.54,994.3
1.9,33.15,177.77
44.13,52.83,874.09
20.7,27.0,442.47
26.1,109.43,774.87
45.42,19.09,802.5
26.93,106.14,768.42
3.99,36.99,215.18
16.56,113.69,637.42
33.73,23.65,615.74
24.58,89.93,690.75
33.62,19.52,618.7
47.32,20.25,814.47
46.71,87.8,1022.82
37.81,30.19,722.47
38.61,16.96,673.18
48.14,107.38,1102.85
26.16,58.11,613.28
16.06,71.81,503.25
31.65,85.42,793.26
35.7,10.98,617.63
13.49,32.8,354.71
24.41,106.99,747.28
5.29,59.75,306.53
49.59,93.6,1074.73
12.06,52.1,381.48
39.11,93.69,901.84
25.35,74.58,662.71
28.21,60.94,647.32
40.73,67.3,863.02
6.99,93.11,430.05
26.16,17.95,494.55
46.73,26.11,824.6
19.47,96.39,621.79
23.09,24.64,470.59
7.8,75.34,386.16
28.5,87.19,736.11
44.81,116.79,1064.53
43.04,17.65,747.76
0.96,55.88,233.46
2.78,67.55,293.34
30.85,104.91,810.22
33.26,54.92,714.28
14.58,10.41,296.82
33.59,104.22,869.93
42.74,110.15,1017.2
13.63,108.95,584.53
3.0,10.05,122.77
36.16,56.12,754.92
33.66,5.05,566.61
40.39,14.11,695.05
24.5,45.82,548.22
16.38,115.85,642.32
21.79,105.63,694.04
15.42,15.87,330.82
28.73,11.16,521.69
7.45,76.59,391.6
27.47,37.6,566.42
47.45,101.88,1063.29
5.75,61.67,321.91
8.46,117.5,529.16
18.52,78.53,556.44
6.89,54.49,318.63
2.51,110.08,416.5
41.73,39.22,793.84
15.51,46.7,424.93
3.79,118.78,463.69
22.42,114.13,726.37
12.68,66.19,447.06
3.87,27.29,189.61
11.12,89.89,487.97
11.15,104.09,522.62
47.14,64.63,939.27
2.96,35.88,200.66
32.88,66.37,741.29
34.85,61.27,761.03
25.87,35.79,536.55
35.48,113.17,898.61
16.8,9.85,341.82
8.84,92.45,458.76
49.25,113.76,1133.37
35.37,57.19,750.33
27.26,102.7,749.33
24.92,71.6,636.29
9.86,108.6,529.48
5.43,74.48,360.01
6.49,14.05,184.89
29.65,15.26,544.23
21.83,25.1,452.9
34.53,42.42,697.08
5.19,117.23,476.68
32.67,7.84,554.13
40.61,66.71,857.25
8.54,107.93,501.29
34.46,33.74,669.35
28.83,51.52,634.33
18.5,29.93,418.79
21.5,56.37,535.13
13.08,99.89,561.85
15.59,25.91,357.98
4.75,87.12,384.95
19.82,52.81,500.78
23.72,47.29,546.02
33.35,81.57,789.94
14.67,57.91,441.27
1.64,108.13,396.6
10.93,31.17,305.45
32.14,13.64,570.81
7.14,79.15,399.56
28.09,34.44,569.04
32.72,18.37,581.59
13.76,74.46,486.46
43.63,119.87,1048.32
11.65,34.57,333.95
24.23,47.24,553.91
18.99,49.11,485.63
41.91,79.84,903.74
40.99,9.41,700.58
43.6,63.97,895.28
33.54,6.47,558.07
43.64,56.38,865.93
22.25,62.08,567.78
20.48,83.05,609.42
30.16,97.86,795.29
5.91,50.69,293.04
43.13,14.01,725.14
4.09,102.79,422.43
27.37,100.78,754.51
6.69,19.93,211.49
21.04,42.6,493.8
30.53,112.0,853.92
14.62,32.51,368.31
39.46,11.48,677.04
28.24,88.79,722.85
18.06,75.46,554.09
32.2,34.84,651.75
4.69,18.72,176.51
42.1,85.65,923.96
39.56,45.36,766.49
10.0,12.04,232.59
29.75,118.76,846.42
41.57,85.95,938.94
47.31,52.03,911.66
31.71,56.7,710.04
9.84,63.41,393.14
36.91,81.34,848.74
6.11,87.87,409.21
46.03,11.34,774.48
41.12,9.34,699.59
7.83,90.83,430.46
0.91,24.39,139.08
45.87,86.13,1002.65
33.75,50.35,721.38
21.16,89.03,636.98
26.33,13.53,487.65
36.38,107.9,915.78
6.32,118.88,496.43
29.22,108.96,819.41
16.35,82.08,544.02
17.15,29.29,390.5
16.0,25.57,365.92
12.64,56.57,412.74
16.37,90.61,567.05
43.12,70.07,911.06
8.28,84.42,436.77
44.54,55.65,886.77
45.11,91.33,1025.58
16.62,118.11,651.83
33.53,10.04,589.32
3.29,7.75,120.75
22.78,43.26,512.96
8.65,84.25,430.66
25.97,28.02,528.13
4.08,21.96,174.08
4.13,98.42,410.55
35.96,81.98,842.17
24.11,78.86,648.94
39.0,62.54,819.19
18.2,36.9,439.67
43.61,44.37,845.8
38.6,69.56,838.3
26.12,71.46,662.91
37.59,115.94,962.14
30.94,60.48,700.56
5.14,93.33,403.69
15.66,101.35,595.41
4.08,106.33,432.67
46.83,82.98,986.28
21.01,84.3,610.15
49.84,91.34,1062.02
32.41,45.86,684.16
27.1,101.69,764.01
2.15,47.18,223.1
4.08,114.73,448.34
11.55,111.07,557.93
27.93,112.05,804.78
0.76,91.05,334.01
46.72,67.37,944.61
26.61,21.23,514.04
45.77,28.99,817.61
33.43,14.05,586.87
36.93,39.64,725.4
23.44,73.93,626.72
15.48,81.17,521.89
8.34,84.13,426.61
12.74,91.06,508.98
13.47,106.4,570.6
30.89,15.09,559.45
19.88,87.03,616.43
14.49,48.47,418.94
5.6,87.69,404.49
12.82,42.31,369.36
17.04,7.96,333.07
44.92,64.6,912.36
23.05,8.54,421.3
17.43,111.29,649.73
1.71,71.86,286.93
21.73,80.01,617.57
36.49,5.08,607.85
2.37,19.15,141.75
49.32,41.25,920.17
13.22,7.4,271.71
11.54,11.5,257.19
11.88,64.33,417.32
13.05,113.16,586.07
18.04,48.83,471.16
20.89,88.67,636.51
47.23,43.63,887.97
28.25,15.93,519.55
10.71,105.8,521.08
8.34,57.4,352.83
19.46,104.95,662.51
28.63,55.54,645.68
41.13,75.67,887.27
41.69,61.81,870.1
39.62,39.01,753.14
25.03,53.43,577.36
7.25,27.62,240.46
3.24,27.79,180.97
18.21,5.97,337.32
42.04,8.68,722.84
32.86,49.51,704.34
32.54,10.15,568.19
27.71,107.1,781.76
5.68,99.6,431.93
16.17,51.02,439.8
7.95,62.91,357.03
24.79,102.61,739.68
35.45,61.4,769.94
29.06,30.43,575.3
13.82,97.36,550.98
20.04,61.6,533.45
44.09,52.48,863.3
0.62,33.15,158.83
34.19,18.95,618.36
32.57,86.89,791.71
9.33,14.15,230.99
41.18,93.46,952.8
30.04,43.78,628.34
25.73,72.31,650.54
18.29,59.67,510.36
45.11,23.85,787.46
19.38,21.2,410.03
46.63,37.07,867.31
47.54,12.28,795.14
44.74,65.93,920.17
33.63,100.63,853.24
6.88,58.87,332.26
30.12,8.56,532.28
49.14,78.26,1020.0
8.5,109.17,498.9
46.13,92.11,1018.86
36.72,86.56,855.37
34.57,30.27,655.3
22.21,94.93,666.33
39.71,101.44,963.9
32.91,31.27,631.54
6.28,36.41,250.56
10.87,57.36,388.82
5.24,111.1,467.11
28.64,46.83,615.06
34.83,9.57,606.31
42.05,56.54,839.83
34.02,93.81,846.85
23.92,76.04,643.02
25.14,101.81,731.75
40.17,52.21,805.2
41.4,31.18,753.74
26.46,97.7,749.75
12.66,17.57,288.64
39.82,16.38,701.25
17.65,116.9,662.49
49.0,35.85,884.29
35.52,8.59,607.88
43.57,20.95,765.3
48.03,84.71,1022.89
40.17,50.73,795.33
24.29,68.46,615.26
31.77,34.57,617.17
22.73,70.63,601.42
22.06,52.71,543.87
41.75,33.75,786.25
30.67,72.3,725.16
16.03,21.31,346.22
11.08,17.13,270.58
47.56,88.91,1043.26
3.08,106.69,415.56
29.5,117.25,853.52
26.85,109.11,796.13
40.9,118.65,1004.79
19.75,10.45,379.26
10.33,61.91,395.63
37.24,93.6,872.13
48.7,81.29,1024.33
20.71,37.25,468.14
9.0,65.93,385.89
14.85,77.32,506.38
14.52,5.03,280.59
6.78,112.37,487.02
39.03,74.99,864.76
48.56,47.96,918.24
20.11,115.84,700.44
27.18,38.11,574.12
32.42,48.0,675.67
47.57,7.55,790.06
16.39,34.01,396.97
26.94,99.74,749.17
35.74,49.27,737.65
20.41,95.08,637.36
19.13,46.77,464.76
3.09,83.84,343.19
40.89,97.29,952.53
24.58,39.32,529.24
12.18,89.01,504.24
2.5,15.9,134.16
12.43,112.65,571.75
26.25,46.95,583.0
17.08,28.84,396.53
19.2,41.42,456.8
29.07,12.58,529.01
9.97,51.85,354.5
33.37,34.34,657.49
6.79,11.73,185.45
9.11,92.49,461.88
1.28,69.15,277.01
28.36,41.04,584.27
15.11,89.34,543.34
5.33,108.25,456.04
17.82,68.4,517.87
29.67,65.39,688.92
10.55,56.96,380.66
5.3,68.02,337.97
35.29,96.16,858.93
35.65,82.89,836.6
1.71,52.35,235.56
11.2,72.95,431.56
45.7,96.75,1036.68
12.96,117.82,596.32
30.88,96.26,792.17
30.77,85.04,777.59
17.45,17.42,364.54
26.27,90.35,710.07
25.73,53.58,594.61
17.11,117.24,657.88
43.74,42.88,844.09
22.34,7.07,407.46
4.19,63.7,305.71
31.08,79.11,757.0
1.9,100.28,376.74
35.58,29.71,678.35
2.5,28.13,171.0
21.21,63.48,552.87
24.1,36.13,520.32
20.09,39.35,467.67
43.41,90.88,973.63
6.98,85.07,414.65
10.7,55.74,377.31
37.35,76.24,848.3
40.25,54.66,816.15
47.08,60.93,952.81
23.4,95.28,688.34
9.4,58.79,372.1
48.42,91.59,1073.59
41.59,10.67,702.54
42.7,68.07,889.27
14.46,66.05,460.36
3.06,23.23,165.11
12.05,57.14,403.16
26.1,92.82,730.26
31.11,18.01,569.2
8.24,55.26,344.37
29.25,49.64,633.7
8.95,31.09,272.62
25.99,24.63,522.68
33.31,103.04,858.26
48.79,43.32,896.29
29.95,15.37,541.07
47.98,87.3,1033.7
39.51,85.97,889.52
42.99,115.04,1062.81
25.2,112.13,772.72
23.0,29.07,493.62
0.68,32.77,154.74
22.7,117.77,745.24
17.84,57.0,490.43
38.15,22.23,698.97
28.81,34.17,582.36
6.29,118.37,495.65
15.78,19.99,348.0
3.67,104.18,412.11
48.09,33.38,868.03
32.22,52.6,690.81
13.87,28.79,341.05
9.39,84.25,451.58
28.47,103.75,790.33
33.84,18.23,610.18
34.89,55.78,731.29
47.86,42.95,910.53
48.13,108.67,1107.11
49.78,34.06,893.21
22.12,64.82,572.11
22.46,24.68,456.68
43.73,86.06,966.45
32.86,114.97,881.9
0.65,33.51,161.78
5.03,64.1,320.22
11.96,25.84,305.95
23.7,112.94,746.32
9.7,117.47,548.0
8.92,41.35,308.29
21.51,40.57,496.7
0.52,73.56,276.52
45.84,38.11,856.37
35.77,84.12,829.85
16.31,34.0,401.37
22.89,53.8,553.94
8.26,54.04,334.63
22.48,94.86,672.0
34.16,78.04,807.94
27.3,42.25,587.92
7.24,107.07,484.84
29.5,82.53,739.49
40.31,80.8,900.04
40.25,47.97,777.78
19.71,16.0,389.54
20.58,83.15,619.0
3.82,73.28,329.15
8.94,108.2,511.29
32.98,106.41,889.29
45.99,108.49,1054.37
22.68,36.56,492.04
14.7,35.89,372.53
43.12,13.03,728.87
17.55,12.08,351.3
13.86,93.37,536.59
23.45,59.09,581.14
43.74,92.72,1004.58
42.44,6.1,706.01
20.44,109.33,686.62
26.72,44.99,595.54
26.27,80.37,696.47
43.13,22.79,760.5
22.85,51.92,542.49
32.19,105.91,857.57
21.2,109.77,705.69
1.51,74.52,296.24
14.21,104.17,581.28
33.87,30.47,642.11
2.22,52.06,241.61
40.12,57.56,819.47
30.52,74.49,729.21
14.13,35.48,372.92
27.04,56.65,620.15
36.07,29.58,678.93
10.25,52.47,362.76
18.89,56.62,496.0
27.09,28.41,530.94
2.26,62.27,266.7
27.93,69.27,670.89
12.99,98.23,542.55
47.38,20.63,810.29
3.47,42.43,229.31
7.61,86.64,419.18
0.96,97.94,358.61
9.22,74.71,416.26
16.12,15.0,330.84
11.54,26.63,308.66
13.56,6.39,270.25
26.19,74.66,667.44
23.82,70.94,623.07
46.43,100.26,1035.5
13.5,63.01,438.2
37.33,62.87,799.77
40.4,38.29,768.61
33.37,54.06,726.51
44.23,62.01,901.79
16.01,91.67,562.18
43.35,88.31,952.42
20.49,29.7,440.44
9.22,90.48,455.61
12.98,57.23,417.17
19.86,14.2,390.33
4.95,72.94,338.01
21.88,11.2,419.24
26.07,63.05,622.36
12.95,24.96,320.57
47.91,103.28,1070.72
10.89,61.57,393.58
1.47,82.21,321.7
8.64,97.47,472.27
39.7,19.63,696.19
13.11,35.27,351.2
28.03,52.31,623.07
7.58,103.66,480.2
15.79,80.77,523.4
25.04,89.21,710.98
4.84,81.84,369.71
22.15,51.41,532.63
7.28,63.28,348.81
38.3,34.7,720.77
24.3,119.08,778.52
21.03,93.3,648.45
2.51,19.13,144.42
42.36,44.82,809.19
32.9,86.57,788.8
29.06,44.36,625.68
4.65,119.17,475.5
32.69,42.84,673.57
19.88,35.14,449.09
36.16,63.83,770.14
47.21,9.82,808.61
46.05,10.65,773.45
28.89,103.17,796.82
1.44,89.23,338.13
46.69,80.58,986.35
46.05,59.08,917.28
1.94,84.33,328.55
11.11,12.42,253.78
28.93,76.53,723.17
43.12,75.8,924.43
1.13,84.95,326.82
32.63,45.28,662.11
45.9,20.41,797.52
18.99,29.64,420.92
29.46,55.94,659.57
40.62,84.32,911.73
36.38,85.28,846.17
13.99,100.66,560.16
49.03,61.79,978.44
4.22,113.49,445.7
18.57,109.95,663.06
30.53,77.08,744.93
32.08,77.3,765.32
36.75,94.35,884.58
43.69,29.8,794.47
25.95,100.36,734.01
22.47,70.65,595.66
30.95,100.22,815.18
8.3,73.35,389.99
6.61,117.71,503.9
19.99,31.15,445.52
30.67,79.01,739.74
4.86,107.76,439.17
23.39,49.86,545.3
43.25,111.87,1042.29
39.19,112.04,969.94
12.66,71.35,457.57
0.76,69.95,269.74
17.29,42.11,439.9
30.66,103.11,822.5
13.6,64.74,447.01
28.06,81.08,713.94
29.8,89.67,760.56
6.26,73.59,365.1
14.11,14.16,309.01
16.77,87.85,553.34
32.37,43.27,670.23
32.05,68.64,745.91
1.06,85.1,322.99
40.99,72.58,881.21
12.98,28.43,328.97
15.16,64.22,460.17
8.69,117.44,532.95
36.38,55.15,767.74
31.69,44.17,662.3
25.16,71.65,631.33
14.69,47.2,411.04
5.64,98.49,429.52
2.42,80.78,330.72
24.51,40.14,535.98
26.12,48.93,582.83
49.85,53.94,961.14
17.74,86.67,582.22
22.99,87.75,655.25
5.82,102.3,440.47
7.69,41.37,291.45
48.82,34.54,881.69
20.16,70.7,564.25
47.68,64.42,960.31
2.52,41.23,214.26
28.99,114.32,824.58
11.4,28.13,306.97
46.16,103.06,1046.03
25.47,58.4,615.47
13.04,63.08,436.19
21.43,64.47,567.55
18.81,90.19,606.86
36.27,28.52,684.65
17.23,59.03,491.21
16.8,20.9,361.87
20.25,117.69,710.69
21.93,13.17,412.85
24.65,85.75,684.35
14.8,14.92,316.88
46.86,48.49,910.72
16.55,87.36,562.35
7.2,38.5,274.36
11.52,87.5,483.56
47.19,65.69,935.2
16.63,59.7,488.7
30.34,118.39,859.57
33.04,107.93,878.01
19.95,115.6,708.41
35.64,114.32,913.84
12.61,90.81,502.66
38.94,68.51,840.95
33.22,42.13,690.66
20.54,27.81,439.86
48.1,63.82,957.27
18.08,51.82,484.07
20.76,67.58,562.99
7.17,62.05,354.42
8.87,19.51,241.97
33.14,51.21,705.37
45.49,78.36,961.35
48.02,99.35,1082.09
42.77,24.8,758.8
13.91,103.37,563.09
2.08,13.75,121.4
11.98,96.76,516.64
28.37,5.66,483.09
6.14,82.76,384.64
35.25,87.9,848.51
47.31,55.94,944.35
30.17,59.78,695.42
39.7,72.05,861.75
45.49,113.33,1070.76
1.66,42.88,202.2
27.07,109.74,786.71
26.84,35.63,554.82
45.02,111.65,1069.84
19.51,89.73,610.46
24.06,19.1,467.81
36.86,47.22,750.29
1.43,16.56,123.51
17.07,84.98,560.77
35.08,85.95,841.25
24.72,56.78,591.05
10.37,40.38,327.09
12.8,39.98,360.42
38.66,42.63,752.78
38.86,19.92,689.09
22.96,63.3,590.27
40.63,10.15,699.81
15.17,37.22,387.46
15.83,65.02,478.86
33.35,48.83,690.27
14.87,67.24,480.67
1.67,14.18,118.34
36.21,15.13,637.79
42.39,89.21,964.71
20.5,30.47,450.74
25.85,68.12,657.32
47.46,108.76,1103.36
43.85,97.16,998.86
42.4,63.09,860.06
37.53,20.98,681.65
8.65,45.41,313.11
13.61,45.23,386.33
27.99,16.49,526.69
40.35,47.54,808.33
10.88,106.74,538.03
31.0,54.3,672.75
17.22,98.11,606.63
34.94,93.07,868.05
19.63,29.3,430.32
31.82,117.24,875.56
33.86,67.27,745.21
42.25,92.6,967.05
32.73,103.47,854.74
6.06,44.99,275.18
4.37,95.63,403.7
41.86,23.71,752.32
26.24,100.48,751.25
21.25,27.31,450.88
26.8,97.64,731.24
39.67,71.86,855.21
2.98,105.47,413.47
4.24,33.37,212.06
43.88,39.27,839.77
1.09,39.58,181.62
26.98,105.81,781.24
45.67,35.59,861.09
47.48,119.84,1101.94
12.15,88.6,497.95
24.67,7.6,441.75
34.5,38.81,671.66
8.77,51.82,338.83
12.0,66.5,429.67
8.29,82.16,414.84
37.82,17.7,665.22
30.11,35.41,607.53
26.62,64.51,643.42
29.36,51.19,649.05
47.48,94.38,1053.45
21.9,100.3,676.11
41.23,26.72,740.65
15.23,39.08,399.73
36.42,31.43,686.33
24.06,10.13,435.34
48.54,87.35,1027.87
22.7,77.02,614.4
7.75,26.73,245.4
19.32,105.2,659.47
33.33,44.3,682.2
40.75,114.78,1022.99
46.33,109.57,1049.55
23.52,84.34,657.1
44.26,28.8,795.83
6.06,38.49,255.57
30.9,97.5,808.02
0.78,26.43,142.13
5.44,46.78,270.3
17.75,25.61,393.09
32.53,58.39,693.34
47.82,29.69,854.83
26.07,89.64,715.32
19.21,58.32,513.62
4.88,75.03,345.5
27.45,66.22,657.11
4.26,85.29,365.42
23.74,87.84,672.76
26.71,50.48,608.02
46.99,82.25,985.72
4.2,57.98,289.86
21.21,55.7,533.09
31.9,94.06,811.39
9.74,44.78,328.99
17.72,58.94,488.99
7.71,8.85,191.6
23.78,114.76,756.95
32.44,100.07,848.1
5.79,63.05,328.41
41.72,13.31,727.75
34.69,66.41,757.84
31.23,107.46,831.13
25.06,99.84,719.12
3.54,10.9,135.51
19.32,43.78,475.72
3.02,30.43,188.22
14.08,67.98,463.47
18.1,95.97,601.94
25.76,19.7,492.33
13.51,48.18,403.08
25.14,44.46,557.33
1.45,93.84,348.22
8.96,10.05,217.1
40.78,61.75,852.6
10.67,89.78,474.41
45.22,17.0,785.67
49.14,103.93,1103.25
36.25,26.9,675.59
22.39,13.22,431.67
19.63,42.98,470.26
29.97,105.3,814.4
8.33,84.97,427.67
5.73,81.45,376.89
46.85,7.13,769.2
22.17,7.49,405.97
16.42,20.2,343.74
19.13,82.31,584.83
29.7,28.07,588.38
14.72,23.62,338.92
26.21,69.71,647.51
47.27,27.49,850.79
28.23,34.33,579.28
13.5,9.51,284.05
2.85,30.22,181.84
35.46,95.0,882.96
19.7,23.39,413.93
20.21,71.7,556.5
25.66,7.76,458.59
15.99,99.28,576.68
14.63,39.27,395.18
19.46,101.09,644.76
19.97,102.35,659.77
21.63,68.48,584.3
26.83,98.04,740.3
39.15,29.73,732.93
17.63,24.85,391.5
0.63,56.85,231.72
9.81,103.86,498.48
13.26,31.04,341.29
11.15,36.26,314.29
8.9,87.62,445.4
35.85,89.63,869.85
7.34,116.11,505.89
9.72,19.45,255.53
7.35,91.04,439.84
37.44,74.53,833.85
34.48,7.11,594.6
0.96,8.79,89.49
42.67,83.66,949.42
39.73,40.28,758.25
2.28,112.27,417.8
24.85,93.37,700.75
11.47,35.99,331.12
46.3,21.89,799.37
48.56,113.96,1117.51
31.89,92.5,808.54
49.31,25.75,860.71
9.19,53.46,352.33
39.79,58.46,823.59
20.26,75.77,581.28
18.58,50.17,481.0
27.35,93.37,741.59
4.92,29.28,210.78
13.02,64.5,438.81
1.24,35.42,179.6
46.32,79.21,987.54
21.03,111.99,696.99
6.98,82.72,405.27
28.21,95.81,766.13
49.33,66.36,1002.8
6.1,100.25,445.83
47.88,85.13,1016.17
30.0,57.94,664.34
32.0,91.4,793.76
34.09,27.82,654.27
24.05,66.71,610.7
38.67,81.05,880.98
8.55,119.48,535.59
6.38,6.72,165.38
36.62,98.27,898.08
43.02,119.03,1063.34
6.21,51.78,295.45
42.47,47.28,829.79
32.47,116.88,910.83
3.26,71.01,311.75
4.39,69.46,327.89
16.94,22.82,372.84
46.7,97.69,1056.03
34.8,5.58,580.85
45.58,25.08,806.35
14.66,64.44,459.36
30.16,15.23,544.36
3.38,47.81,245.17
21.43,70.06,591.65
18.59,112.66,667.86
44.62,97.45,1007.62
9.61,39.03,309.84
40.69,87.67,925.52
36.62,16.53,655.14
41.63,9.78,711.99
1.64,47.9,218.72
45.91,50.02,878.49
42.33,5.03,704.53
5.3,74.74,352.76
22.85,112.92,729.49
1.96,54.9,243.22
14.25,105.04,588.09
26.83,15.56,506.44
22.53,119.94,742.9
23.9,82.87,654.96
43.79,91.16,970.52
16.88,36.03,407.77
25.82,55.62,616.57
19.66,33.9,447.26
8.73,45.19,319.24
33.51,31.91,653.63
29.61,70.63,726.27
24.84,70.03,626.98
35.92,17.61,637.9
3.8,117.25,460.58
47.87,11.95,793.29
24.52,100.47,717.49
47.56,77.94,1008.89
15.94,109.63,607.76
43.58,69.2,900.42
2.15,98.82,374.88
22.79,42.39,525.93
6.67,103.63,460.38
44.93,113.87,1051.28
19.0,43.28,462.58
9.22,74.84,417.41
2.09,79.04,318.24
38.27,92.34,904.09
46.43,43.26,881.18
25.41,6.62,449.77
9.26,8.28,212.76
45.51,5.95,745.33
45.66,107.67,1062.86
32.87,82.31,780.05
44.74,38.52,847.45
28.35,16.47,526.31
38.32,76.23,840.82
11.99,5.11,244.75
45.24,52.13,897.03
26.48,59.87,636.18
26.58,41.42,571.33
13.28,9.34,273.22
7.83,80.19,409.84
34.22,91.5,845.98
46.85,97.85,1046.39
31.96,39.93,647.43
3.31,117.53,445.95
29.63,69.05,701.31
2.09,75.42,314.25
35.95,52.93,742.2
11.45,23.56,294.58
18.91,102.41,638.29
29.66,87.89,767.16
12.44,24.34,309.87
49.08,43.84,920.67
35.3,30.6,671.87
16.32,24.28,361.33
13.51,9.11,279.78
5.17,24.74,205.58
5.58,75.45,360.84
1.52,33.68,173.23
44.59,87.63,993.61
30.24,83.41,753.65
49.68,31.72,884.06
2.45,6.66,109.09
6.4,79.65,391.31
2.08,58.97,263.47
46.27,50.72,907.66
39.3,64.72,838.42
42.97,50.01,842.15
14.37,11.11,300.17
39.88,52.96,801.16
45.12,100.9,1021.88
27.9,75.85,679.45
45.82,19.45,791.15
21.21,44.62,486.25
26.19,21.09,505.43
25.9,32.88,534.91
31.52,88.67,800.66
34.13,59.11,727.8
32.18,61.9,708.32
42.53,105.59,1002.69
31.7,39.64,643.24
1.42,107.19,396.61
10.47,31.93,305.23
26.3,24.79,513.26
8.4,28.6,258.72
39.53,24.23,716.21
48.81,43.09,908.79
6.37,70.59,357.7
31.31,41.23,644.31
27.32,15.49,512.17
48.27,34.95,887.04
1.41,67.74,276.97
10.09,35.1,308.72
25.87,43.02,566.64
40.08,71.77,876.36
38.77,43.26,757.3
27.53,29.61,556.07
24.04,41.59,537.73
49.22,7.29,805.95
35.1,34.08,678.04
46.79,6.35,767.13
29.6,62.66,689.85
33.62,113.37,904.81
41.24,9.83,681.36
15.85,56.9,455.34
19.52,54.72,506.77
31.38,100.47,828.84
18.34,54.5,480.02
46.31,100.33,1032.37
5.9,17.43,189.09
31.15,21.52,580.88
26.36,5.83,468.17
24.46,117.5,760.32
43.77,46.29,852.85
45.45,32.1,820.21
45.46,40.59,856.07
24.15,30.7,513.59
35.43,26.94,651.56
47.8,8.29,794.61
10.39,32.87,300.06
24.82,105.33,734.86
35.75,71.7,803.46
8.74,95.43,464.78
12.88,52.96,405.8
6.76,70.05,360.15
7.53,86.05,420.5
24.66,111.65,761.48
26.29,61.07,638.52
5.79,99.43,438.28
22.06,13.32,418.57
5.47,77.88,370.31
44.07,107.09,1027.46
30.28,74.73,736.56
18.57,109.01,634.33
49.88,61.75,986.37
9.33,64.0,384.08
39.53,86.42,907.91
13.08,104.14,558.22
6.96,117.19,506.43
43.48,107.72,1026.46
32.5,67.72,748.05
3.03,90.73,375.75
25.38,61.56,615.87
9.0,37.05,294.97
48.66,22.61,843.94
13.83,72.92,471.08
39.79,95.3,935.95
12.25,38.2,346.59
21.2,69.32,577.34
9.78,56.55,360.3
39.16,101.65,951.46
16.52,101.45,599.54
45.44,46.77,890.97
14.71,62.58,449.02
34.84,92.35,844.73
42.72,116.88,1050.96
20.02,82.86,592.97
24.06,119.28,767.4
12.96,47.59,392.35
1.5,65.26,277.34
48.71,109.82,1117.62
8.5,47.42,313.75
40.03,65.26,837.55
28.82,103.1,789.04
35.84,55.08,754.86
15.09,10.75,301.76
12.95,84.89,497.94
38.59,33.15,717.55
12.7,6.04,261.36
12.16,20.84,291.61
26.67,72.86,671.16
15.25,9.03,303.2
39.92,54.65,821.98
22.92,63.98,579.86
6.52,68.95,358.0
16.69,55.89,467.61
31.2,67.58,736.67
37.12,86.18,882.42
43.74,54.71,873.51
20.93,92.89,637.98
44.66,8.54,746.56
37.55,92.26,877.35
16.87,15.39,355.9
28.35,60.09,657.11
37.03,93.24,877.64
45.32,52.09,878.76
22.05,51.22,531.78
29.0,72.09,701.73
5.69,103.7,453.87
15.83,116.7,636.53
2.81,86.09,349.57
42.59,54.92,854.89
31.69,102.22,837.94
15.19,45.74,415.69
20.79,118.94,717.44
23.88,68.69,602.05
4.21,108.0,438.6
40.23,21.05,720.78
20.75,34.21,469.84
43.06,85.52,973.35
5.01,59.5,306.55
10.09,28.96,290.12
20.49,28.89,445.16
32.61,105.19,859.58
27.06,91.47,733.11
7.43,45.05,297.34
46.49,105.54,1038.0
7.16,24.87,228.84
30.93,108.82,832.61
48.13,80.16,1013.37
10.81,65.34,413.24
27.98,90.38,736.47
18.52,115.34,665.37
22.48,91.84,657.17
28.81,107.84,812.89
24.02,113.69,753.13
19.43,112.47,686.77
21.89,66.96,591.12
23.79,10.52,430.93
44.16,56.11,871.41
0.67,33.21,160.1
35.38,16.41,629.52
10.63,25.87,287.33
1.19,93.76,350.13
9.82,37.81,313.66
24.06,114.75,761.42
22.25,39.25,496.96
23.07,13.19,432.85
36.41,12.86,639.43
47.78,27.2,849.64
48.41,59.96,957.89
36.51,47.63,738.79
8.7,117.94,527.31
5.26,72.76,349.49
33.28,18.36,617.63
27.97,38.03,578.47
1.05,32.87,163.33
34.1,31.58,662.85
34.84,50.38,723.91
18.94,57.41,508.65
18.53,103.02,629.97
37.95,75.21,834.67
38.92,60.94,812.0
11.63,27.45,308.27
11.83,65.56,421.68
22.85,71.66,605.77
21.61,74.71,598.09
28.11,79.9,714.32
9.54,91.31,462.43
17.28,86.64,568.48
35.4,31.09,670.53
39.87,77.54,865.0
24.38,73.7,643.58
23.89,85.31,655.16
11.09,5.67,232.65
15.4,91.13,551.06
47.97,62.78,963.58
45.89,86.28,992.88
11.39,6.01,239.43
35.95,44.61,718.49
41.06,20.03,734.19
9.08,44.2,313.24
38.3,16.15,665.85
17.89,101.28,616.7
38.93,73.53,842.21
32.4,92.11,817.52
44.54,85.54,991.27
10.48,54.42,367.93
47.75,19.79,825.54
35.02,63.22,765.58
11.83,18.99,287.77
18.49,34.37,432.73
28.96,107.34,806.48
32.72,59.65,719.07
43.5,38.53,827.6
6.88,103.36,467.58
46.92,11.17,788.95
25.3,48.12,580.92
14.39,69.03,475.43
35.58,20.46,647.73
47.5,44.05,905.52
5.85,63.25,320.11
3.76,76.55,337.5
29.47,37.3,602.34
22.76,67.53,597.3
5.46,112.2,465.22
19.67,74.02,565.92
25.93,84.87,692.89
41.05,14.19,706.92
42.85,15.57,736.23
30.8,22.58,585.82
3.78,29.83,195.44
25.96,72.71,652.52
39.6,80.47,872.83
23.95,52.67,577.2
42.19,31.45,778.9
43.02,13.82,735.53
5.77,61.94,317.54
35.98,73.42,815.84
16.58,7.92,319.91
41.81,53.33,842.94
29.07,105.39,799.5
10.84,94.14,499.78
21.94,27.08,467.32
15.9,41.8,418.65
17.3,83.22,562.01
11.56,14.3,264.66
43.81,103.76,1034.9
28.07,103.09,774.31
16.1,65.22,476.43
44.63,24.08,789.94
7.9,71.34,378.36
19.84,113.85,693.02
12.71,81.86,484.5
46.91,89.72,1039.66
23.17,70.47,613.81
44.0,46.04,862.23
15.34,29.59,370.29
33.2,75.68,781.23
42.54,60.23,865.82
46.37,85.35,1010.64
13.23,69.87,452.91
29.77,41.2,620.79
3.09,114.1,442.47
33.96,46.05,699.83
25.88,82.71,689.83
20.19,114.6,698.06
35.29,9.83,608.63
23.29,70.14,615.29
7.89,58.95,350.7
40.04,113.7,985.87
30.62,34.28,622.82
46.25,86.93,1011.21
18.73,87.0,591.29
20.61,24.19,429.77
1.64,20.34,137.12
49.42,44.83,931.04
30.17,112.77,845.26
37.87,15.23,658.43
43.13,98.51,991.11
25.71,66.22,631.92
13.75,109.83,583.1
15.36,66.08,478.01
20.71,36.49,471.09
49.81,42.9,923.63
19.39,76.07,564.78
45.29,69.4,951.8
22.79,79.37,629.33
23.79,41.17,528.92
35.16,100.02,882.89
38.45,46.65,763.82
36.84,16.97,654.58
14.97,80.41,523.32
32.26,29.09,620.77
28.69,105.81,794.15
46.45,65.81,940.64
37.43,28.55,708.03
18.87,77.94,564.92
22.67,102.9,706.73
38.89,38.14,756.62
28.38,23.66,540.31
15.84,108.5,617.26
1.5,82.14,316.66
23.73,44.88,540.93
18.71,52.8,487.7
41.69,40.63,807.25
12.98,42.35,376.17
41.82,92.61,958.95
3.55,29.01,186.45
24.55,14.89,465.18
47.21,84.75,1020.17
47.05,68.77,965.07
32.29,8.54,560.34
36.33,109.13,925.85
33.73,118.87,924.81
4.99,81.73,373.31
30.58,22.65,568.77
10.73,76.49,438.73
41.84,42.62,800.58
24.66,113.23,755.44
30.52,91.86,772.81
45.13,110.28,1050.31
1.73,49.13,224.95
7.51,86.69,421.27
41.91,33.61,780.43
21.9,81.81,613.54
3.75,51.17,254.56
38.36,110.25,940.82
35.28,113.42,902.77
13.72,55.62,424.65
5.97,77.19,375.84
9.74,63.67,391.21
23.39,37.14,512.69
11.93,105.54,544.06
9.77,93.93,472.48
23.98,45.38,551.2
27.91,87.55,728.47
44.9,108.7,1053.16
1.73,48.34,220.69
44.84,36.58,824.55
30.81,55.41,671.08
36.47,107.91,911.04
46.67,35.42,861.65
7.92,15.35,212.75
7.37,39.5,279.5
14.44,74.49,492.84
13.49,33.21,354.39
48.31,5.95,790.73
47.39,44.37,896.48
22.3,86.32,632.42
27.91,89.03,741.82
2.6,6.29,106.7
33.39,29.62,638.92
21.93,27.73,457.5
1.64,10.88,107.38
47.74,21.36,827.14
5.85,63.52,328.89
23.51,114.43,738.57
18.13,113.92,678.58
30.34,71.59,718.82
22.41,18.18,442.22
41.93,8.18,702.09
44.38,88.92,984.28
8.65,70.07,386.3
43.03,51.41,845.04
20.23,24.54,431.14
18.47,114.43,668.33
47.34,21.66,827.2
19.94,5.5,364.76
14.06,73.73,480.34
5.97,111.04,474.07
37.68,72.82,830.4
38.04,47.76,775.18
12.58,88.84,506.77
17.8,111.0,649.67
46.68,32.81,846.02
45.92,56.76,921.53
37.34,58.7,780.87
21.56,91.88,645.05
30.45,84.19,758.15
2.7,99.02,380.53
49.5,51.79,958.93
39.5,34.2,756.94
38.3,84.12,881.23
7.79,57.04,331.4
44.12,53.44,874.78
10.0,71.83,420.26
25.55,50.84,584.52
4.1,16.36,159.01
21.09,40.12,485.76
38.01,65.98,823.54
35.35,34.91,685.3
41.65,46.98,821.36
5.46,82.48,379.29
10.04,77.15,431.01
48.98,58.41,960.25
25.04,112.0,771.86
44.55,95.37,1008.41
11.58,56.05,384.7
24.47,100.64,717.58
1.38,104.1,386.43
9.13,76.52,416.21
49.31,16.58,836.58
21.47,40.32,492.11
31.54,43.68,653.39
33.77,8.69,584.95
11.01,103.62,521.86
3.4,29.78,188.63
30.69,88.5,780.3
16.07,100.32,582.55
28.1,71.33,695.7
8.69,51.31,330.72
38.17,60.49,790.48
47.05,38.77,884.06
27.53,67.91,663.99
3.14,50.84,251.36
33.97,44.21,689.77
27.4,101.66,756.31
2.58,73.8,306.29
42.81,48.88,844.94
19.09,21.22,405.52
35.61,103.27,907.66
5.97,101.41,445.65
28.0,84.35,730.73
45.36,63.23,917.11
29.91,86.44,757.34
22.81,53.75,561.02
25.71,113.68,781.39
9.42,88.28,456.43
40.71,83.1,921.06
43.12,99.49,1015.31
6.55,102.59,449.07
43.55,54.68,862.68
40.51,35.29,763.51
5.46,91.75,406.43
14.17,56.02,429.54
39.18,22.43,701.61
32.53,110.5,878.1
5.89,33.83,241.22
44.78,87.24,997.17
21.0,10.12,400.07
39.33,83.05,897.45
17.14,38.85,423.38
43.7,96.65,984.51
11.15,80.47,458.86
19.56,101.19,655.11
17.9,24.22,389.07
2.15,49.36,229.83
10.72,116.53,562.26
1.74,95.36,361.56
45.93,21.06,801.6
27.81,36.52,576.2
17.47,53.11,478.97
46.48,109.74,1083.07
16.32,48.83,442.82
30.88,76.72,724.87
49.32,99.43,1083.1
22.03,88.64,643.2
17.95,51.34,471.93
1.32,98.7,369.75
4.16,25.12,184.3
44.54,75.0,929.41
42.99,119.84,1044.62
31.67,96.44,809.34
28.93,100.8,795.8
34.56,7.43,585.37
12.03,109.13,555.53
2.33,30.28,177.44
26.94,30.1,536.07
8.63,32.23,271.26
47.41,58.34,936.35
3.41,88.87,372.09
14.34,70.64,470.76
38.72,111.72,957.86
23.48,111.63,728.15
45.12,15.34,772.72
5.78,44.74,267.92
7.85,78.14,407.52
42.89,18.51,736.33
34.63,52.02,722.35
4.26,84.97,363.96
13.01,40.81,377.76
28.69,52.21,635.38
10.03,90.69,468.11
15.69,59.65,467.43
22.74,86.49,660.3
35.85,38.65,712.7
16.46,55.37,461.04
0.78,9.92,91.82
12.58,18.14,296.47
36.97,29.8,694.69
20.27,63.41,546.61
45.53,63.56,927.25
34.87,17.86,616.81
21.87,77.92,614.3
13.22,11.0,279.16
49.35,40.19,904.35
6.81,67.74,356.87
15.16,69.59,490.29
35.89,88.73,861.63
43.57,71.58,921.71
21.78,78.78,619.65
11.64,59.83,403.74
7.06,50.43,305.77
18.99,119.21,684.88
49.74,18.2,846.88
12.41,64.29,427.28
28.7,30.48,567.38
46.15,80.52,994.38
22.1,95.84,665.18
17.32,112.63,653.34
8.65,9.85,212.21
38.7,110.75,960.71
26.89,16.51,509.9
5.12,24.86,202.28
1.11,73.27,287.41
49.11,12.25,829.57
45.2,98.62,1030.1
44.1,92.13,984.61
28.39,18.8,520.75
39.71,92.18,926.64
45.58,6.71,750.85
4.52,7.4,140.43
31.62,77.41,756.31
16.93,76.81,535.12
41.37,112.73,1005.48
31.93,103.47,850.57
24.79,29.92,508.59
12.57,39.26,357.51
28.24,50.77,623.41
6.63,62.41,337.21
17.18,39.02,421.69
3.72,117.11,458.81
34.22,53.01,729.75
39.11,59.96,823.13
21.78,6.27,396.18
10.56,110.75,544.44
45.79,118.76,1100.09
41.24,31.56,759.65
5.37,117.63,486.9
0.7,7.42,82.43
23.56,32.45,503.87
4.34,23.7,189.56
19.71,26.34,423.02
5.12,60.7,313.09
5.0,19.83,185.52
46.27,100.02,1039.89
17.04,36.33,421.78
49.67,20.13,858.73
2.94,84.85,349.67
34.08,114.71,907.87
25.79,110.09,759.62
27.63,57.1,631.86
43.95,16.5,765.3
5.2,41.89,251.56
19.66,76.6,575.36
22.65,110.46,720.35
23.66,36.63,509.79
19.89,72.77,567.11
14.15,25.15,336.41
46.96,41.45,885.25
32.89,14.2,590.51
26.67,111.72,779.46
21.72,105.03,693.52
48.01,42.85,898.34
44.35,102.48,1028.18
4.1,101.22,409.97
9.14,13.14,229.77
42.82,117.04,1024.02
22.25,11.95,421.33
22.67,40.57,519.83
25.37,43.95,563.93
43.9,67.51,925.52
12.29,102.88,535.34
31.36,46.14,660.63
42.3,57.13,851.78
20.1,118.07,707.61
40.52,23.39,721.23
32.69,92.05,806.62
37.6,63.64,802.76
6.63,69.91,363.93
47.64,96.19,1072.63
46.56,54.26,920.21
16.9,117.38,652.99
23.46,52.73,564.73
7.88,115.15,518.68
9.87,68.01,401.08
1.69,92.89,360.56
3.06,29.27,185.9
4.18,38.23,229.73
30.8,68.16,730.68
14.01,33.12,355.24
9.27,105.4,507.48
37.27,80.83,838.55
48.98,96.68,1068.32
15.44,102.47,584.31
21.61,26.38,457.91
6.0,88.12,407.53
49.78,13.81,833.36
23.92,97.24,705.22
17.78,57.19,491.91
29.95,117.0,854.98
13.83,118.74,612.28
33.68,58.3,719.35
14.07,18.06,317.54
6.15,44.98,278.77
5.58,103.01,448.89
30.27,115.5,842.16
23.95,79.58,651.34
1.9,6.71,98.26
21.76,61.06,556.44
7.33,82.44,400.71
1.18,13.93,110.31
19.89,22.71,422.59
27.59,31.59,550.75
17.52,75.61,541.83
27.89,46.66,611.86
18.57,106.13,655.04
2.38,74.64,313.14
24.5,17.16,471.65
27.72,52.54,621.4
4.1,87.12,376.06
25.76,54.89,610.23
29.87,31.84,594.33
15.9,56.71,461.55
40.38,23.59,733.85
16.12,96.14,573.42
6.96,92.71,433.32
17.92,31.75,417.74
31.04,63.54,700.12
24.81,83.49,686.34
5.53,42.76,261.05
39.35,60.83,811.17
17.11,14.47,344.1
30.94,117.38,869.48
6.01,29.39,229.47
38.7,108.3,955.12
17.02,119.08,669.98
38.92,66.53,839.03
39.98,73.52,875.54
26.91,99.7,738.88
49.1,52.27,940.06
38.95,47.71,779.14
2.45,46.77,224.96
46.24,13.93,787.5
46.54,86.32,996.71
37.17,74.17,816.77
33.75,49.75,707.5
11.09,53.05,375.47
14.95,92.99,548.91
4.53,6.31,138.24
21.66,52.19,531.37
13.19,107.49,571.99
24.81,73.91,642.39
47.24,72.79,969.18
17.55,76.95,542.76
25.5,115.25,781.73
9.03,87.76,455.72
17.89,41.1,446.03
34.37,29.79,646.51
0.91,116.56,411.96
21.87,116.48,729.37
10.45,95.86,489.06
39.29,17.95,693.91
44.18,115.0,1057.95
17.46,17.14,363.33
39.76,22.27,703.4
33.16,42.21,682.59
23.62,98.38,690.73
8.22,95.84,465.07
13.01,42.63,374.55
27.09,29.33,547.46
7.69,58.34,342.59
38.85,43.79,760.42
30.63,22.56,577.96
41.61,45.88,818.07
2.98,50.61,245.31
18.82,37.75,446.43
3.66,87.19,367.66
26.6,108.6,780.25
25.29,61.3,602.37
23.08,28.65,480.69
47.95,34.99,888.1
34.3,113.18,911.61
41.46,46.41,814.12
30.21,22.97,563.21
37.31,65.73,808.49
20.86,35.91,474.5
11.09,116.78,568.59
7.57,16.63,213.82
39.16,47.17,771.46
48.91,54.96,947.44
34.11,100.71,853.56
23.21,73.26,623.01
49.31,10.64,810.79
44.38,69.66,905.52
9.48,33.11,290.93
41.73,75.66,901.73
6.5,5.7,164.94
25.64,119.81,785.38
43.9,94.9,1004.21
1.26,98.94,362.77
11.7,58.89,400.32
21.53,38.22,490.16
49.51,94.45,1068.97
15.15,33.15,374.98
27.79,74.62,688.27
35.42,83.22,822.66
34.23,45.19,690.48
11.02,48.05,357.9
41.59,103.11,980.83
11.38,12.45,255.91
19.98,12.38,389.49
11.7,96.18,511.11
17.13,20.44,370.45
4.17,119.1,472.46
38.39,101.61,949.8
40.43,6.9,680.74
19.1,117.99,683.06
33.44,115.0,900.0
16.41,118.8,650.52
8.31,64.38,366.61
23.67,118.43,770.92
21.55,74.47,590.04
1.3,73.04,293.56
1.13,5.14,81.38
10.0,80.13,442.36
3.16,41.04,221.08
33.26,87.93,803.59
13.13,15.26,292.33
47.32,30.04,843.3
13.21,16.6,302.76
32.33,104.03,855.06
24.58,20.46,484.74
30.85,66.07,702.01
34.31,78.3,801.3
39.04,33.6,743.53
34.07,108.75,898.98
36.38,11.85,627.85
29.28,19.97,539.67
2.23,67.29,288.31
19.7,16.62,398.08
11.22,35.31,326.01
10.82,92.98,491.53
44.13,78.45,948.47
19.69,53.96,504.35
27.83,69.13,687.0
14.23,59.73,432.27
41.12,56.88,832.3
30.38,107.98,822.26
45.51,79.66,962.29
4.54,20.57,180.51
36.9,103.86,905.61
47.06,28.2,831.5
18.26,110.19,649.34
28.97,89.89,750.55
3.68,66.86,305.75
36.08,29.76,686.23
20.89,90.84,639.71
20.5,83.01,600.39
8.7,28.47,261.23
34.82,110.46,892.9
14.61,57.33,439.41
14.89,31.86,374.22
13.68,74.38,479.26
33.61,80.33,779.25
41.88,92.22,948.13
16.4,16.85,344.48
17.18,91.62,583.2
15.07,92.78,549.69
36.58,90.99,878.81
20.17,29.2,443.77
32.16,24.89,607.32
34.3,54.13,738.12
25.99,98.61,740.12
36.25,75.73,822.96
46.83,20.75,812.62
24.67,34.77,528.68
7.47,105.86,484.17
9.46,96.68,472.41
8.33,24.28,246.56
33.26,68.3,754.73
35.74,11.72,619.91
28.23,14.74,520.0
40.67,100.28,962.9
28.7,40.2,597.07
31.61,24.86,592.17
13.3,58.83,428.03
46.2,91.03,1001.46
33.49,72.01,757.89
44.79,33.58,822.16
5.02,91.25,397.29
1.9,20.76,139.21
9.07,11.26,222.0
18.98,105.58,654.43
11.06,42.42,344.39
21.28,75.53,589.6
38.2,67.76,831.23
15.3,46.3,419.14
36.03,75.3,812.77
23.66,53.23,558.16
9.32,111.31,523.13
34.16,108.19,901.15
7.24,33.79,263.62
2.29,118.16,439.71
23.02,46.31,529.65
39.68,114.87,984.4
20.98,114.53,707.75
33.86,55.02,732.46
28.16,11.68,506.01
40.95,99.87,965.05
12.24,42.22,369.28
14.72,73.14,487.85
15.24,11.38,314.22
7.77,68.37,361.54
7.66,75.29,387.43
17.95,24.96,393.05
18.98,53.02,498.79
45.98,51.07,881.34
10.02,36.13,309.39
23.02,22.21,467.09
22.76,37.03,502.66
11.64,52.24,378.06
43.9,65.66,895.55
40.12,76.82,876.77
23.67,30.01,496.48
26.24,51.08,596.23
26.31,94.58,720.88
29.45,81.5,732.47
35.78,106.43,900.0
47.94,55.03,932.32
31.35,81.63,754.28
37.88,97.43,912.53
27.87,61.18,643.27
47.71,95.12,1039.63
33.17,64.53,734.94
24.94,105.51,738.66
44.42,6.26,732.62
2.43,102.5,396.18
43.26,73.57,931.49
39.42,107.36,966.34
27.86,116.28,816.74
19.68,75.5,578.54
3.27,63.24,287.87
21.61,113.04,716.14
21.71,46.21,518.89
31.78,97.08,795.52
22.88,99.01,676.0
33.07,87.54,812.15
28.12,11.51,503.63
14.49,82.44,510.45
1.41,91.9,343.75
26.63,29.83,532.99
44.28,14.82,767.47
30.98,38.62,629.39
21.33,86.27,625.75
3.51,32.27,200.49
21.59,89.02,632.37
25.41,111.51,770.51
40.84,42.17,793.28
9.6,63.82,382.5
5.12,110.9,462.65
47.27,5.7,774.11
23.47,7.84,425.74
4.21,17.68,167.68
19.48,113.13,686.8
18.64,9.97,360.95
48.73,6.97,800.67
1.0,84.25,319.36
49.04,116.05,1129.59
28.49,78.29,709.44
37.1,25.82,684.77
42.43,67.11,891.26
21.01,117.38,724.77
47.69,82.67,1015.72
27.67,5.4,478.43
15.59,46.41,419.9
21.32,16.37,419.34
27.1,56.08,623.05
31.9,100.18,844.85
47.7,101.56,1059.72
21.59,79.14,612.73
49.08,64.61,967.55
46.42,51.84,902.71
14.09,8.74,286.07
41.13,36.71,772.0
10.12,117.0,557.86
18.4,74.16,554.69
45.78,82.56,1004.66
20.48,104.17,670.93
47.55,76.92,980.95
40.94,80.16,897.57
24.46,85.71,670.44
11.75,5.47,243.15
34.9,51.15,726.46
10.03,45.95,336.78
10.64,39.66,322.0
10.44,94.04,493.06
19.67,109.54,683.09
48.49,24.97,853.46
5.02,55.19,286.43
29.3,65.04,688.04
47.96,28.69,838.44
32.91,9.99,574.12
5.69,7.57,156.9
8.99,69.96,391.0
33.58,25.98,635.72
30.87,52.38,665.0
6.06,88.58,405.73
47.24,75.24,993.78
13.51,10.2,285.49
0.59,45.32,194.48
45.79,21.13,799.07
27.11,73.21,670.05
16.28,10.9,327.23
20.09,26.69,439.24
26.84,54.94,621.0
19.67,101.79,655.09
38.0,53.21,772.93
15.22,59.11,455.34
25.46,102.65,739.27
12.16,112.54,567.62
4.1,70.41,326.1
28.15,102.75,780.52
17.59,26.38,393.69
0.74,63.55,254.95
25.48,110.39,765.03
31.59,101.64,828.88
33.92,24.58,632.46
9.89,111.55,532.79
16.02,81.48,532.06
42.06,46.44,822.81
39.3,108.18,963.58
22.22,31.92,486.8
5.92,36.1,245.47
2.81,54.72,257.56
12.23,84.77,488.72
48.77,115.66,1124.69
7.84,85.73,423.83
36.43,82.54,835.72
29.25,60.62,667.32
36.58,55.76,756.28
10.97,35.56,318.05
5.19,44.89,260.37
33.58,87.44,825.47
29.27,115.25,830.65
9.04,74.15,404.16
35.75,41.46,724.14
21.36,103.21,682.7
38.69,12.44,658.74
28.1,115.04,821.62
44.01,51.52,856.19
26.86,18.14,503.39
27.69,5.15,475.57
48.58,88.63,1037.44
17.81,15.68,358.77
27.05,101.07,759.62
30.98,77.89,754.19
46.63,63.96,942.03
15.64,57.85,460.4
25.25,16.88,473.97
10.28,60.16,385.32
34.24,43.99,702.29
28.78,56.45,648.37
24.92,39.04,541.71
16.65,115.51,642.64
25.74,104.25,741.76
21.13,90.54,635.79
19.94,46.0,491.07
41.73,10.1,714.0
28.49,55.17,635.33
27.23,27.72,541.98
45.11,35.0,808.28
43.46,79.09,935.53
13.24,48.87,398.03
18.13,47.82,470.11
8.63,102.29,478.95
40.71,59.8,836.37
1.37,76.21,301.01
23.17,70.22,616.05
4.65,23.48,191.44
36.79,54.61,751.53
30.56,26.29,584.21
31.53,24.99,596.81
11.94,107.23,548.15
3.22,25.31,172.33
2.77,5.83,112.09
49.41,80.77,1028.43
13.69,44.66,380.7
32.63,106.52,862.43
6.52,29.72,236.08
2.34,21.19,148.55
4.34,115.37,465.06
44.01,91.79,990.44
43.55,96.64,1001.95
17.65,94.06,591.82
5.84,112.53,469.55
14.9,64.87,470.27
17.08,94.53,589.15
42.84,55.09,869.74
45.69,91.82,1003.93
11.74,107.16,554.6
41.66,26.67,740.64
39.33,73.56,870.94
1.45,17.9,125.09
49.53,37.25,916.46
33.06,71.83,755.95
26.73,102.0,754.44
8.19,73.53,387.43
12.9,43.39,371.95
5.05,83.88,377.28
21.73,104.45,683.87
39.16,119.02,996.71
26.79,83.52,699.86
42.88,24.25,754.25
13.64,56.22,419.66
46.42,15.86,805.43
18.85,86.53,596.33
8.63,11.44,211.25
6.49,111.95,489.99
16.97,73.16,525.32
25.0,113.76,772.81
2.79,68.21,299.19
23.62,111.7,732.95
20.86,32.99,457.62
6.89,103.6,469.27
41.64,37.43,788.29
27.61,14.57,506.95
19.99,39.82,472.97
23.3,33.95,507.42
41.8,39.98,792.91
23.72,105.49,727.22
29.34,68.59,688.38
43.04,16.68,749.53
40.66,29.89,733.95
40.25,50.96,811.37
5.0,64.2,315.36
3.66,45.99,245.72
20.53,54.34,531.99
11.73,57.43,398.42
27.12,94.78,746.69
16.08,60.42,472.58
8.11,20.32,232.78
10.61,93.17,486.53
46.06,106.11,1043.57
23.12,52.25,544.86
3.08,113.01,436.7
9.74,27.82,276.81
1.41,22.01,132.75
19.22,83.63,586.76
28.09,107.19,781.38
16.64,20.36,366.73
5.94,53.84,300.4
1.38,8.86,95.44
42.33,74.25,906.25
22.97,51.91,547.08
44.69,119.8,1079.71
9.48,18.84,249.74
33.24,102.51,848.4
37.72,56.71,798.16
25.88,59.7,623.06
32.43,69.11,752.98
36.1,78.92,841.33
26.23,83.41,682.77
0.57,69.4,265.93
29.74,116.79,835.92
10.49,13.11,242.66
38.75,33.71,743.95
23.83,105.78,731.43
22.47,37.76,499.04
48.63,69.23,982.23
18.98,107.2,643.81
47.09,102.69,1059.28
42.26,63.91,870.66
28.87,118.14,841.76
14.9,96.35,559.31
38.27,24.39,697.14
31.76,14.85,570.38
11.71,19.85,285.81
47.33,86.87,1020.52
24.0,17.65,470.84
28.21,33.4,566.96
39.37,19.04,695.73
9.87,29.32,290.12
16.06,14.74,336.07
23.49,91.03,670.78
47.39,114.73,1097.47
49.53,97.88,1080.62
17.34,41.59,432.28
47.85,95.74,1046.22
45.52,100.21,1039.54
8.6,105.18,492.65
33.01,80.19,784.09
5.2,41.67,250.82
4.4,36.84,228.09
12.82,31.97,339.29
16.74,99.34,591.24
9.61,58.43,369.39
3.26,117.44,449.74
39.63,61.36,830.0
38.06,26.93,696.11
28.63,98.63,780.68
44.03,112.83,1055.34
20.57,70.41,573.58
49.78,6.57,824.44
18.08,37.32,429.47
35.6,14.75,623.67
37.21,84.74,855.14
31.63,92.65,795.62
43.89,103.0,1018.19
45.48,97.98,1031.0
44.79,6.34,740.65
40.01,19.63,712.76
20.1,36.22,457.04
40.39,6.06,671.51
15.97,25.06,359.21
13.32,61.16,435.66
32.81,18.95,595.75
48.7,50.67,926.01
30.15,32.78,595.78
2.22,58.9,259.95
20.23,20.74,422.43
48.17,100.63,1059.81
23.45,89.81,671.42
14.31,23.53,331.6
21.6,20.07,432.44
26.79,21.83,526.91
7.42,72.09,380.16
4.08,105.73,426.68
26.45,51.95,595.87
15.64,106.75,598.51
36.33,82.02,835.59
31.09,57.91,695.55
39.23,40.56,766.54
20.41,12.66,395.38
26.04,44.79,576.98
24.54,58.61,594.72
32.9,16.9,595.92
33.66,6.55,573.57
10.63,83.53,462.85
14.96,112.07,613.51
27.87,85.1,716.35
48.17,19.13,832.0
13.12,98.57,548.42
26.03,48.35,587.74
46.13,9.17,766.34
42.51,21.01,754.71
29.22,107.13,823.17
40.33,89.7,922.4
46.3,56.39,908.24
28.12,26.27,548.28
2.43,9.14,114.24
18.23,107.84,654.6
3.97,117.74,457.32
34.11,92.79,843.66
21.75,104.09,685.31
5.13,29.25,213.12
12.32,110.53,565.63
26.85,108.35,771.76
49.89,91.64,1071.4
32.51,45.33,668.61
14.03,71.4,478.27
48.22,112.03,1119.62
38.23,64.85,819.77
38.38,108.0,936.24
39.59,27.46,714.12
0.96,28.03,149.96
6.1,101.91,443.3
48.02,48.59,907.05
0.97,37.64,177.76
9.87,46.54,335.16
43.17,53.8,858.91
20.24,91.29,632.86
4.12,15.29,157.38
39.63,110.37,996.74
19.72,73.59,568.76
41.64,109.85,1004.16
13.09,93.84,523.44
47.24,7.22,774.98
48.29,22.17,836.05
17.86,29.93,411.01
29.48,45.03,635.26
44.46,33.15,813.68
28.93,93.36,758.7
26.44,20.51,499.9
1.79,22.57,143.61
9.89,43.85,330.54
4.35,27.05,194.09
33.8,72.7,787.21
11.56,102.43,537.71
20.6,118.24,713.48
38.64,116.08,949.02
37.89,106.23,952.08
48.23,42.32,895.03
27.51,25.68,543.02
17.7,112.11,654.25
29.85,18.88,548.89
16.64,69.74,511.48
48.62,29.7,863.68
9.75,57.32,365.07
1.48,67.24,276.57
47.85,50.0,921.79
34.88,87.7,835.67
28.35,117.08,831.92
35.12,89.54,848.08
14.88,39.9,390.14
28.36,33.68,582.07
40.94,17.71,719.83
9.75,67.33,402.87
14.48,42.2,391.68
49.31,8.63,814.05
33.29,47.69,683.24
33.85,88.86,835.43
34.68,18.11,616.55
1.93,52.71,239.24
21.96,58.73,549.82
16.11,11.96,331.17
34.5,70.3,788.71
27.1,58.96,627.22
25.81,78.18,663.16
7.47,23.01,233.31
32.15,105.38,838.33
37.95,100.74,918.48
44.09,74.79,932.34
25.07,59.36,605.21
15.88,105.1,600.69
38.82,8.5,650.95
33.81,98.89,860.87
4.33,34.66,215.15
5.16,41.25,250.28
28.31,54.84,644.6
23.22,116.5,754.58
21.29,12.03,399.55
24.72,98.53,719.61
36.34,69.98,800.29
23.68,107.16,731.59
40.76,78.91,903.32
23.17,104.44,715.43
19.75,18.7,400.81
4.48,23.0,186.06
35.22,118.44,918.11
22.35,64.59,594.74
26.13,6.01,466.89
0.59,16.23,107.87
10.64,107.89,530.13
46.47,117.23,1097.7
25.73,25.18,512.42
40.41,107.17,975.55
38.05,16.22,677.03
2.49,91.62,366.91
40.95,110.34,994.48
15.24,114.23,628.98
23.93,100.37,708.23
36.62,29.08,684.45
25.26,53.57,593.27
9.01,46.19,321.93
9.76,61.24,377.94
40.0,70.43,863.71
34.62,81.77,821.2
22.75,84.27,639.43
38.52,6.45,652.22
11.25,12.49,258.03
40.77,5.52,683.37
25.31,86.06,690.76
4.66,25.85,195.51
24.05,80.16,649.22
10.62,32.45,305.59
11.71,50.44,374.01
38.91,87.72,914.29
6.76,10.62,185.42
49.35,107.0,1131.63
20.84,47.73,501.72
7.34,20.21,219.69
6.15,32.66,240.76
18.94,57.63,507.17
16.57,26.03,375.71
9.72,46.85,332.55
6.89,57.5,323.08
5.17,54.23,286.44
49.17,42.82,924.32
4.24,58.23,289.46
49.47,93.5,1076.63
38.14,65.17,823.26
46.25,99.88,1048.19
15.58,9.1,313.84
46.81,72.4,961.63
41.56,101.2,972.52
40.82,79.18,887.02
0.92,100.86,362.81
4.83,77.54,367.06
46.37,8.64,775.45
38.78,10.99,664.15
3.62,95.75,389.53
26.71,8.34,476.2
40.4,55.35,818.3
27.95,96.98,749.99
30.85,77.25,748.51
36.84,76.4,832.24
33.76,16.44,609.52
19.34,93.48,615.19
49.79,108.19,1122.51
1.54,103.74,383.45
36.12,55.84,764.25
32.93,44.14,671.2
7.71,100.58,459.0
17.76,51.02,469.42
27.44,115.0,814.47
44.39,24.49,793.1
18.93,47.73,477.01
10.15,18.15,258.88
48.47,93.94,1066.89
12.55,9.61,268.7
29.46,29.71,579.4
44.51,119.24,1081.02
45.78,116.94,1061.54
13.48,29.48,341.04
1.17,52.37,222.86
4.13,51.6,265.05
43.57,90.82,965.47
11.34,13.27,257.91
38.42,56.21,807.02
17.63,56.89,487.07
2.96,65.27,290.93
2.13,58.87,257.78
46.66,77.52,990.73
46.74,92.07,1024.93
20.01,24.56,422.38
25.0,59.21,602.14
39.39,113.32,986.34
43.91,29.0,778.31
20.29,46.49,493.54
41.4,57.0,845.13
3.47,61.12,285.46
38.82,22.38,689.75
43.44,42.62,834.38
16.79,73.79,520.18
21.12,45.67,499.5
26.48,73.96,681.91
15.73,19.54,347.43
38.16,102.84,925.55
25.18,66.33,617.23
33.14,9.78,575.04
23.68,100.18,706.61
22.84,22.15,456.92
9.6,113.26,541.38
26.85,103.02,752.07
49.28,65.01,972.16
7.46,30.26,251.18
23.4,53.18,560.41
39.08,45.82,767.36
36.83,119.4,962.38
41.05,68.91,883.5
46.83,118.76,1108.09
20.13,118.96,705.46
4.91,36.25,230.86
38.51,103.09,942.46
25.94,86.5,707.4
19.85,101.75,660.74
27.03,106.8,784.09
12.97,48.83,390.88
44.52,44.84,865.39
18.78,107.2,661.9
16.97,36.82,402.94
32.97,18.78,602.63
9.94,84.81,455.32
30.33,26.22,579.93
35.11,78.45,799.25
26.85,93.37,737.45
39.46,43.44,782.8
44.12,75.71,940.68
11.31,67.38,427.26
18.87,85.21,596.06
34.06,83.72,811.33
11.25,118.19,575.79
16.85,66.6,505.11
7.29,66.92,360.73
32.61,49.87,680.89
25.18,105.7,746.18
8.95,9.22,211.38
9.69,92.98,479.0
26.47,7.56,468.54
35.98,17.68,639.29
17.6,92.55,594.42
47.73,47.71,905.12
40.46,80.61,902.9
10.04,39.79,318.99
10.58,79.06,441.56
49.73,6.38,834.11
45.75,63.19,937.82
27.41,59.24,635.1
27.75,40.34,586.56
26.91,20.44,512.17
30.87,16.0,555.0
18.05,33.88,425.19
46.57,112.23,1113.48
48.48,19.42,839.45
27.3,7.12,476.45
3.57,107.13,423.46
44.61,73.27,947.44
40.39,54.15,816.94
23.14,68.36,596.33
5.73,119.01,489.34
26.58,66.78,644.97
22.27,93.77,681.5
36.33,7.88,620.87
28.75,106.68,800.89
46.35,45.61,879.86
23.21,117.88,763.14
41.87,89.93,919.72
13.62,6.94,278.28
44.84,114.97,1066.82
44.04,71.71,939.53
37.12,66.89,805.04
4.82,111.5,447.1
31.66,82.49,767.04
10.93,101.25,513.13
20.62,89.01,622.63
48.29,98.07,1069.64
14.87,100.23,569.42
33.76,116.63,905.41
25.31,32.51,518.31
29.71,55.98,649.91
1.34,65.04,263.1
17.09,5.15,318.25
19.98,20.16,406.25
25.63,84.63,696.48
22.87,64.7,590.13
40.61,54.19,817.02
21.18,92.42,656.33
9.15,43.94,317.06
11.9,71.63,437.92
40.01,95.46,920.97
41.86,88.94,959.36
37.59,27.56,704.38
25.45,83.6,681.88
29.6,101.87,804.29
6.6,84.37,395.39
36.73,9.93,625.4
6.64,53.29,314.87
10.11,52.79,365.18
38.82,74.81,850.77
1.62,112.07,408.46
29.17,58.66,667.06
21.28,107.32,685.82
47.36,110.86,1091.73
34.38,58.81,733.03
0.88,53.66,224.48
7.29,23.46,231.74
22.9,63.25,586.8
2.12,12.97,121.07
37.11,74.58,816.64
19.91,18.61,402.06
36.93,63.99,805.75
37.06,109.34,934.56
25.82,35.55,548.4
46.82,57.66,923.54
6.79,62.79,336.69
28.28,43.84,609.23
18.66,92.5,610.24
24.53,28.12,500.56
7.31,119.8,514.68
2.93,55.73,256.35
28.78,22.25,546.03
39.3,43.23,781.53
44.51,101.12,1027.95
30.61,49.67,668.53
43.94,16.93,760.03
19.55,94.25,614.32
20.86,74.33,581.44
49.99,61.69,979.87
2.6,69.26,295.46
27.46,28.6,553.58
13.33,44.57,387.0
49.53,48.04,934.41
39.77,93.44,941.4
33.55,103.3,864.19
12.25,50.84,388.83
38.04,79.85,850.53
25.23,90.88,706.85
28.35,14.58,516.13
13.26,70.02,456.13
25.45,28.36,516.71
43.43,102.61,1012.75
25.82,86.27,700.27
13.98,100.69,556.29
4.64,93.91,405.48
24.63,47.12,553.46
32.45,113.97,889.49
19.5,59.26,522.56
43.51,52.71,857.41
8.35,78.79,411.74
35.99,72.0,804.46
18.08,62.0,501.47
43.58,94.22,1002.89
7.43,82.13,407.05
12.2,55.41,398.45
5.45,84.57,384.28
1.94,76.04,306.2
46.62,65.14,945.48
2.64,44.39,222.37
33.66,59.04,726.79
19.49,18.7,396.91
40.47,20.55,716.92
29.97,44.42,636.81
23.12,51.02,543.03
29.85,61.5,685.96
33.64,8.07,568.35
23.56,11.63,439.4
43.38,106.52,1006.85
3.96,53.2,266.03
38.39,90.59,899.95
45.22,5.98,750.53
33.69,107.85,874.53
3.33,73.65,319.31
25.92,75.09,664.56
9.97,36.43,307.32
42.97,44.37,845.68
13.7,118.26,607.99
1.86,36.47,187.8
13.83,99.22,551.55
35.1,119.94,951.85
35.65,92.59,869.31
47.74,29.26,857.8
25.44,83.26,685.31
13.25,43.35,373.3
22.36,65.86,580.63
15.28,23.28,338.59
2.84,27.54,177.65
8.88,17.48,236.57
37.59,40.09,734.25
16.67,38.3,415.11
26.42,14.1,488.98
1.02,82.45,317.48
21.47,63.75,564.78
48.97,13.45,812.94
14.55,32.94,364.64
41.0,109.98,981.26
10.51,67.44,411.43
21.99,27.08,471.4
24.67,51.14,577.16
7.13,15.18,203.95
45.45,66.58,955.21
43.1,16.23,757.95
12.4,51.75,389.66
41.58,107.66,987.24
9.75,76.26,424.72
5.63,57.65,309.98
19.1,71.43,548.98
49.7,67.51,997.61
23.94,114.78,750.67
40.5,35.0,759.39
40.06,36.23,759.73
10.24,92.15,477.55
32.24,111.21,862.06
40.11,78.8,892.74
33.61,100.71,846.62
32.01,39.27,663.83
9.54,75.91,420.31
0.53,74.96,282.61
18.43,91.52,599.44
20.65,79.82,585.21
18.13,115.83,668.78
27.05,90.34,732.66
34.96,107.43,905.81
35.03,84.51,825.14
16.63,95.34,584.48
31.46,50.1,673.81
49.48,60.07,966.8
32.87,13.75,576.55
30.38,112.09,844.89
1.57,31.81,168.41
37.99,72.4,842.95
3.0,107.64,421.3
11.74,68.64,427.51
48.82,61.14,970.11
3.35,112.79,445.97
26.5,100.99,755.92
2.14,35.86,188.15
35.44,50.27,731.99
14.0,5.39,278.35
20.05,69.89,563.34
11.77,76.55,456.17
32.39,110.59,864.92
19.38,93.0,624.09
20.22,41.7,479.18
44.41,10.66,747.01
0.7,51.19,216.45
9.75,76.81,426.08
2.51,80.45,335.64
42.18,87.84,941.9
44.5,42.05,847.89
1.16,101.99,374.0
11.96,33.95,332.85
23.6,108.25,730.83
14.92,97.99,566.03
46.05,54.16,913.82
26.71,83.71,698.1
31.33,22.58,585.44
46.65,33.82,854.9
36.83,37.74,707.4
37.52,69.03,810.8
44.21,40.35,843.15
8.0,51.07,325.84
24.4,45.9,560.22
11.19,86.58,472.22
46.78,70.0,955.36
43.29,37.83,814.23
30.95,117.6,880.56
22.54,11.94,426.73
39.98,9.02,676.25
25.96,73.67,660.94
23.15,44.19,519.58
22.19,46.27,519.94
28.53,32.36,575.03
10.11,59.86,382.38
43.39,7.51,727.09
8.89,99.01,489.61
18.76,38.79,449.8
44.96,77.44,966.99
37.17,101.19,905.12
25.67,14.48,479.32
36.93,67.85,796.92
30.9,88.1,781.55
36.25,98.73,901.49
25.18,26.93,502.96
27.86,51.86,631.09
20.68,8.04,382.65
3.37,103.47,411.17
18.54,112.94,667.77
33.31,102.1,850.75
24.2,26.41,498.8
14.95,94.48,559.42
23.53,14.95,450.23
3.32,48.05,249.56
0.82,118.82,415.56
18.51,102.53,628.34
39.98,86.63,910.53
26.61,64.17,643.27
45.61,15.72,776.13
13.54,108.77,584.78
26.97,73.58,666.53
21.08,39.5,488.66
32.36,33.03,641.95
1.61,98.0,360.98
5.55,12.21,169.73
17.77,97.54,599.99
40.0,29.58,739.82
13.73,31.82,344.31
8.13,57.11,343.86
43.76,70.61,916.25
8.77,71.19,396.18
23.43,80.92,648.44
47.14,50.8,916.5
10.72,68.35,414.47
10.79,50.6,361.42
6.01,8.66,168.0
35.56,80.94,839.46
6.16,38.47,255.8
17.39,116.16,663.58
29.91,97.13,783.41
39.3,83.88,885.07
34.21,68.55,781.37
13.87,45.57,396.5
43.65,40.52,841.4
50.0,55.06,969.21
21.69,101.9,685.29
23.43,42.25,532.55
30.63,105.77,816.87
48.89,82.97,1007.17
20.66,8.0,380.51
41.81,91.54,953.13
23.3,54.36,560.87
12.83,113.01,584.81
40.56,99.37,952.84
1.79,32.26,173.06
38.82,32.6,723.38
20.07,118.06,711.22
12.62,48.28,381.65
24.75,48.55,565.03
34.9,99.02,866.24
31.14,11.37,551.47
31.01,83.78,770.48
45.6,98.51,1024.46
15.6,72.46,500.11
41.09,6.09,688.62
0.68,92.37,339.81
46.54,18.56,809.16
11.98,108.93,559.48
26.76,14.57,490.39
14.62,64.84,465.93
31.28,62.04,710.77
15.28,18.71,334.01
10.95,54.74,378.18
21.22,10.09,403.47
4.37,113.46,465.97
5.42,103.31,447.12
20.39,13.15,392.23
38.49,13.19,678.82
19.97,29.98,438.76
38.08,95.19,904.95
25.56,46.76,577.6
13.23,91.37,518.19
20.48,86.96,606.54
45.93,81.68,998.87
32.23,11.97,568.48
5.24,9.36,158.69
16.0,49.18,436.8
45.52,101.24,1023.86
6.29,6.85,166.33
5.8,38.65,251.14
7.24,25.82,236.26
31.78,75.82,742.02
18.87,16.12,382.66
11.71,108.24,551.64
2.14,119.63,443.96
5.4,83.5,379.1
32.47,55.2,692.53
12.9,43.46,375.08
40.03,57.73,822.73
10.39,98.27,498.53
18.62,106.24,644.76
7.02,19.06,208.67
28.65,56.94,650.26
22.03,17.88,435.21
44.35,31.99,808.88
6.12,11.14,177.89
18.95,83.16,588.21
35.79,112.56,927.78
4.64,36.43,232.04
15.24,69.49,485.92
36.67,39.39,717.26
22.89,19.68,453.72
45.13,61.98,925.25
47.1,107.56,1086.74
16.49,47.05,439.04
2.75,72.76,312.38
7.92,56.08,339.55
9.25,81.14,428.89
42.62,57.72,854.01
1.69,61.88,257.01
28.4,13.84,520.38
40.09,111.41,982.09
16.63,9.04,329.31
32.74,66.51,747.21
8.81,6.11,200.3
4.13,30.69,204.03
16.05,25.76,366.1
37.63,28.51,692.48
25.84,112.39,785.1
2.35,62.53,273.58
14.21,50.73,419.86
34.17,107.44,874.96
13.61,30.45,342.97
10.19,20.02,261.2
46.68,91.91,1018.15
39.59,17.05,692.8
13.51,71.21,471.68
41.2,94.54,947.48
1.22,106.12,380.88
8.15,104.07,479.03
2.44,42.59,211.26
44.47,7.94,737.78
18.86,24.85,407.11
12.98,105.92,553.06
29.67,21.34,556.43
13.34,67.82,457.0
24.83,93.78,695.96
47.44,18.32,806.38
7.98,98.18,458.94
38.11,60.71,798.16
28.0,96.0,758.45
28.9,35.51,583.17
27.47,61.07,654.34
19.37,87.67,603.68
35.19,103.4,894.74
23.62,101.02,704.77
33.04,105.07,857.82
44.68,79.03,937.66
49.01,41.77,913.28
37.34,66.18,796.28
48.26,70.74,1001.48
46.92,5.87,784.34
37.38,109.07,943.17
0.72,5.04,75.55
48.74,30.54,872.47
23.9,12.03,434.2
2.71,43.54,222.22
19.88,118.84,706.27
49.37,96.08,1063.32
49.67,116.35,1166.17
5.97,55.73,306.42
40.55,63.11,856.36
13.05,105.71,567.69
23.26,29.17,485.26
37.64,68.02,827.25
19.4,98.14,624.01
5.93,107.98,469.3
2.26,104.27,402.1
46.15,22.45,798.54
28.56,92.91,758.35
31.42,92.12,810.54
42.13,92.61,955.94
18.45,19.7,385.64
6.51,37.38,260.15
4.16,28.38,196.9
5.1,12.26,164.1
48.25,105.69,1073.12
43.86,25.25,781.22
39.03,13.03,673.38
28.06,33.51,575.13
28.81,105.17,801.6
32.45,113.81,884.22
34.66,50.19,709.11
44.05,117.68,1037.62
23.86,103.06,716.07
32.45,10.15,565.2
39.04,42.76,764.12
23.86,96.85,688.77
17.23,119.79,664.32
41.36,106.65,988.53
15.21,31.92,375.8
41.59,83.15,917.56
25.58,65.74,622.51
44.49,48.77,862.59
37.45,111.98,955.91
45.42,11.55,765.08
21.86,78.7,605.11
47.26,17.93,801.64
44.76,115.93,1066.91
24.2,16.96,467.07
18.06,107.05,648.44
48.8,69.15,972.06
29.43,55.56,661.89
15.46,12.73,317.63
27.33,74.19,678.22
30.62,49.64,666.07
24.07,118.59,764.66
22.26,79.7,623.91
42.65,113.38,1025.48
49.87,37.45,897.35
28.41,23.11,557.43
42.88,109.6,1004.21
7.47,83.63,411.29
15.96,109.6,625.37
28.19,10.26,510.49
46.63,77.21,981.22
35.65,11.46,620.31
31.77,92.93,810.99
11.7,117.17,581.18
49.76,13.69,836.18
34.62,43.88,703.17
48.4,16.67,803.02
16.64,79.24,536.85
6.99,87.42,415.57
16.58,64.46,496.73
2.76,113.72,428.34
35.87,68.83,802.29
5.89,112.19,482.91
25.3,74.5,650.77
15.49,28.04,358.2
19.81,82.35,603.75
34.68,10.28,595.27
5.3,32.13,221.93
3.06,119.57,452.84
1.5,87.72,336.41
22.24,95.48,671.18
9.76,94.95,484.75
47.81,71.73,971.26
19.39,89.49,617.02
46.42,77.33,972.95
10.99,66.18,415.38
9.24,78.02,426.63
40.5,58.34,826.93
9.45,79.38,425.53
40.75,102.15,961.9
13.3,42.45,377.91
25.38,80.46,670.86
21.07,77.57,589.34
31.91,72.97,739.19
15.03,22.18,337.99
31.62,110.17,839.32
2.29,33.02,183.43
21.77,88.84,634.07
12.5,73.37,456.74
10.28,5.75,222.1
35.49,112.81,925.33
37.45,111.68,936.09
32.52,116.58,876.24
27.38,49.1,599.99
0.57,89.15,328.7
17.58,65.06,513.17
18.32,6.84,341.77
4.46,91.88,393.21
0.97,115.29,411.93
3.37,72.11,316.92
17.79,102.0,614.56
42.95,48.09,832.06
1.33,49.88,216.85
21.88,11.52,416.0
29.61,91.97,757.52
4.87,28.22,204.03
8.16,60.39,355.86
4.12,73.98,333.88
26.56,64.37,639.72
2.52,82.31,335.91
17.59,7.02,332.12
31.03,24.85,583.6
20.95,60.48,548.12
2.75,114.36,434.16
29.31,96.51,767.66
44.03,108.03,1011.47
12.32,27.91,321.53
16.46,79.98,536.79
35.55,94.55,849.4
48.37,75.3,1014.7
36.56,44.67,723.72
12.63,87.19,505.19
26.31,83.58,699.94
22.47,73.65,598.72
14.9,87.28,532.03
15.38,81.03,527.92
34.93,85.97,824.06
20.05,34.3,460.9
8.26,84.65,428.98
45.38,51.99,888.81
42.41,23.18,764.35
12.67,82.49,491.37
2.64,101.35,395.72
11.61,12.87,260.45
24.33,24.47,483.94
17.45,70.26,526.66
14.61,48.47,412.64
4.57,42.76,247.95
21.51,67.41,581.99
2.45,54.65,249.34
19.42,79.47,579.78
49.35,39.76,914.33
2.03,24.05,150.14
5.3,54.76,291.08
17.24,19.1,368.28
15.45,87.1,541.19
30.8,54.13,669.95
29.81,45.34,624.87
11.14,18.39,271.84
31.45,61.4,713.1
43.69,67.9,916.37
36.12,17.83,645.05
9.3,95.52,476.85
27.95,77.67,710.94
22.24,83.22,637.7
16.16,23.51,367.79
20.76,81.08,596.53
30.86,98.58,821.0
1.8,56.82,248.16
32.75,64.42,746.11
49.6,11.28,820.41
8.41,49.05,323.24
8.2,115.82,519.66
32.17,66.38,734.74
40.87,77.16,895.12
45.19,109.47,1073.98
26.43,74.92,664.55
44.85,90.62,989.15
5.73,117.9,493.07
2.88,63.07,283.71
35.08,67.44,786.46
19.03,102.6,646.69
8.56,36.15,286.49
19.31,97.61,629.81
32.83,55.22,704.91
9.42,77.1,423.25
32.25,94.03,828.55
34.36,115.79,906.57
11.15,68.44,423.04
17.64,65.48,503.75
11.99,10.48,256.45
9.51,42.25,322.01
2.94,114.3,442.55
21.44,108.88,700.53
24.42,71.0,640.28
28.55,36.23,586.58
7.7,74.7,386.01
20.08,64.2,543.67
41.43,13.75,720.21
32.6,38.35,650.82
42.34,61.73,874.1
47.38,46.23,899.38
7.46,42.45,291.01
43.63,63.82,894.62
28.48,5.68,491.28
43.52,78.98,943.79
11.86,23.14,299.68
36.06,45.08,727.97
29.58,40.74,608.13
31.1,44.29,661.62
1.93,50.44,230.7
4.66,106.77,442.99
13.81,33.03,358.55
27.46,61.51,635.39
36.02,41.4,710.31
39.24,81.34,887.11
34.32,60.38,741.54
42.65,11.39,725.62
7.86,71.33,380.8
46.08,116.96,1093.84
30.49,60.34,682.6
24.92,110.36,763.78
47.8,111.61,1092.3
15.23,55.75,442.28
16.05,48.03,440.69
36.91,98.66,905.19
2.09,10.49,113.01
29.12,11.05,527.54
13.14,78.41,497.27
41.74,66.83,876.84
26.08,109.08,769.44
42.2,17.78,725.26
39.84,26.04,728.94
10.07,59.44,384.0
34.25,77.89,804.58
26.2,63.17,631.48
3.58,111.04,437.32
40.28,29.78,733.79
26.6,32.68,549.12
42.87,107.87,1032.27
32.61,88.42,787.01
32.58,109.45,875.04
21.13,41.16,484.71
4.14,62.32,293.03
24.97,72.67,650.87
43.97,114.88,1037.65
29.39,9.9,515.82
7.6,24.29,235.87
2.76,108.75,425.4
41.49,96.03,964.07
44.19,116.23,1068.04
36.3,13.13,633.36
34.25,83.97,813.7
29.45,6.4,514.87
16.94,12.16,345.15
10.72,65.66,408.16
10.6,18.88,263.44
29.57,8.6,519.46
5.78,68.25,340.09
28.88,101.43,788.1
36.25,20.09,665.19
2.34,103.36,398.8
45.36,102.8,1044.49
31.85,83.04,782.51
40.42,81.19,890.14
44.9,6.97,733.23
35.09,114.8,915.74
22.58,40.89,515.59
13.79,54.61,426.97
40.75,39.17,768.18
11.08,81.69,464.42
1.29,103.1,379.75
26.29,76.45,672.75
11.75,34.24,326.15
25.45,98.43,731.15
27.2,54.14,629.81
48.65,69.42,979.83
30.76,65.13,701.45
0.88,100.46,368.24
3.9,46.64,251.56
46.8,104.2,1056.29
22.73,45.92,526.13
34.27,116.14,907.36
44.93,9.36,750.71
47.66,81.43,1009.04
22.81,43.12,518.48
47.9,99.6,1056.92
36.85,88.61,872.63
21.54,111.35,703.46
3.63,96.48,390.95
31.28,41.22,641.74
12.74,34.78,341.13
43.84,64.24,897.19
9.73,18.82,246.72
43.58,113.03,1040.44
47.94,14.56,807.68
32.36,116.81,885.61
8.56,28.24,264.21
44.54,109.84,1062.08
37.13,81.11,855.04
41.45,83.82,908.63
37.32,59.45,789.76
15.09,97.22,570.13
8.69,79.66,420.03
12.59,108.91,567.18
39.66,45.82,776.69
47.73,102.83,1063.14
44.55,116.22,1056.48
3.99,59.2,284.91
19.19,41.46,462.72
27.03,81.04,693.35
40.74,83.03,914.0
44.51,56.67,869.57
46.67,87.24,1001.08
46.45,96.65,1027.25
14.93,116.42,624.83
16.31,15.72,345.31
14.63,39.23,390.66
23.71,7.51,425.36
42.76,97.3,993.53
33.24,42.36,656.62
17.27,102.54,621.81
24.43,100.76,719.18
25.73,65.16,633.57
11.16,87.65,481.04
28.75,110.13,805.04
26.55,20.76,506.19
10.59,8.58,234.94
25.91,14.72,486.43
36.13,13.9,633.31
11.6,82.47,472.64
27.53,115.15,819.05
37.51,102.76,927.87
30.96,41.98,627.38
28.73,32.22,575.58
37.09,110.36,928.09
23.16,78.92,643.29
39.82,34.5,753.45
26.69,115.46,798.85
48.13,39.57,885.34
43.14,112.37,1025.67
17.03,9.12,335.34
41.66,102.71,968.98
4.3,91.6,394.31
36.46,109.95,933.86
37.42,77.53,848.43
21.63,108.74,692.8
4.63,38.43,238.65
27.41,36.7,572.1
8.91,97.05,467.61
24.48,70.99,627.43
20.8,97.94,650.08
38.62,30.64,711.26
49.42,114.49,1141.86
28.38,85.37,736.48
35.14,115.23,930.82
30.02,78.17,738.04
36.78,31.93,703.79
18.88,21.94,386.72
49.86,75.29,1027.88
39.43,43.41,774.69
35.0,38.86,699.35
27.66,77.91,704.15
44.96,116.66,1076.2
33.54,116.77,898.67
21.66,32.42,475.75
0.71,26.63,138.05
38.21,100.74,918.86
48.78,78.83,998.99
11.5,29.49,309.81
20.75,119.06,722.74
17.95,57.58,487.76
7.86,51.57,322.87
5.35,95.91,414.0
28.55,88.26,729.36
5.36,65.24,321.99
25.97,58.83,620.48
37.66,21.54,683.06
31.29,14.24,556.9
7.06,104.14,475.42
30.89,45.79,650.97
46.2,73.58,959.02
48.6,20.69,852.57
26.51,15.47,495.61
29.35,75.35,722.81
38.65,81.3,880.6
11.18,51.49,372.43
15.97,30.92,379.18
25.54,74.7,659.58
21.62,43.51,498.66
28.5,94.97,766.97
38.14,49.74,777.02
37.71,49.48,767.47
16.3,53.79,447.71
24.87,103.48,717.15
12.76,52.0,398.89
26.03,90.8,710.76
19.29,46.45,476.79
19.89,96.25,637.24
31.38,31.7,603.21
36.08,67.92,805.64
12.55,106.57,556.67
28.27,75.06,700.42
30.28,91.62,780.62
21.95,67.95,585.79
0.56,37.48,169.96
29.41,73.48,711.82
25.72,88.41,711.8
25.18,74.98,651.24
19.56,5.41,362.74
30.86,8.42,545.75
27.72,36.01,573.94
39.42,36.02,754.58
8.91,109.09,518.44
10.43,118.8,567.96
39.72,34.52,757.53
22.49,80.8,641.08
31.88,18.18,579.54
39.16,87.88,892.37
13.77,50.22,408.98
14.36,31.2,360.87
28.49,30.98,576.86
45.94,26.99,810.42
10.59,42.32,337.92
0.85,83.4,315.45
18.28,60.19,501.81
48.3,32.85,881.31
11.44,62.61,412.79
17.83,93.77,596.05
39.08,32.04,749.25
37.8,104.52,933.18
20.7,117.91,716.92
19.29,78.44,580.54
3.76,92.79,387.93
38.85,82.25,878.69
5.97,59.23,311.31
12.57,45.15,372.21
4.29,110.79,444.05
26.76,50.63,616.68
46.13,25.55,823.56
15.13,117.22,627.33
7.81,8.03,191.14
49.5,37.07,899.91
4.54,60.38,299.51
20.61,74.71,587.47
26.97,84.78,708.17
44.88,21.89,786.03
7.41,63.95,352.13
16.4,53.66,452.76
16.27,65.67,491.52
47.36,49.99,908.89
7.71,31.45,258.35
31.1,12.75,567.55
21.38,7.2,389.38
49.28,47.22,924.46
24.01,49.67,565.3
17.46,7.51,337.17
34.67,21.72,633.34
29.76,107.61,812.67
43.46,39.68,824.69
22.98,65.51,591.89
24.26,74.54,626.45
24.23,112.45,744.77
46.08,13.83,775.47
30.67,83.4,775.03
9.05,103.05,495.17
7.43,51.09,314.98
33.65,113.24,887.41
37.1,67.23,807.89
28.28,73.55,700.11
20.79,101.43,667.67
36.25,108.96,908.49
44.25,63.51,893.36
23.67,109.22,744.69
46.57,107.97,1070.86
26.17,94.6,729.84
28.32,119.25,847.39
39.73,61.82,828.34
42.92,67.81,889.05
19.97,89.4,616.48
46.1,33.94,834.98
34.69,115.42,912.82
32.23,75.96,754.81
36.61,74.24,822.78
33.24,108.36,879.5
46.4,118.84,1109.95
29.27,17.52,549.51
1.87,11.54,112.44
3.82,89.07,365.84
5.73,89.21,403.66
16.39,35.51,405.45
18.44,78.77,574.01
13.93,96.41,544.99
39.23,86.41,893.53
9.54,18.37,249.36
16.7,80.69,545.65
6.65,63.31,339.51
4.2,59.64,291.26
21.37,56.1,538.14
37.95,47.43,758.26
35.9,47.49,742.84
47.56,17.52,800.04
2.13,74.92,297.78
32.43,68.9,732.41
31.89,105.51,844.7
23.36,78.55,646.75
23.06,57.64,576.34
14.3,65.1,459.58
17.58,17.05,365.61
17.71,119.41,671.19
15.47,32.45,383.98
10.03,86.58,461.32
3.54,110.68,422.29
48.68,118.89,1130.92
32.68,19.62,618.74
25.97,70.49,655.55
1.43,86.79,329.73
28.73,70.36,694.44
34.28,14.82,599.96
25.6,93.93,721.69
35.43,18.67,640.12
8.26,103.08,483.53
35.28,94.01,852.76
45.35,46.38,860.6
3.62,74.07,327.36
32.27,105.59,848.01
39.35,17.89,703.05
21.16,116.82,713.77
36.92,6.78,626.8
43.32,66.68,893.95
14.81,45.4,403.08
12.52,75.02,457.44
45.07,40.31,850.51
37.22,112.05,940.81
8.69,21.59,250.6
24.27,73.88,640.83
9.43,60.16,368.92
34.13,56.89,746.55
17.01,39.91,423.43
33.59,102.19,859.87
18.05,10.29,350.5
37.06,38.8,715.69
28.95,52.79,640.42
36.38,75.38,815.49
6.43,23.78,220.22
17.8,73.46,540.08
8.95,40.81,310.44
35.56,100.31,880.94
14.64,26.29,352.98
4.36,70.24,323.59
21.74,7.03,394.08
6.04,77.63,369.9
12.5,36.93,348.02
19.91,88.25,619.19
45.53,7.88,772.86
16.27,93.83,569.76
48.59,113.49,1109.57
47.9,57.74,934.71
10.81,86.3,466.39
44.02,23.69,774.21
3.69,35.96,211.2
23.84,77.14,640.74
42.51,31.44,777.6
34.0,54.53,728.43
6.18,87.14,401.74
18.24,80.13,561.09
12.08,26.12,309.51
21.72,31.89,470.19
3.16,54.36,262.27
43.11,6.1,721.52
48.34,44.26,888.26
18.11,101.86,624.59
37.45,119.1,961.91
4.96,119.6,494.21
27.8,85.55,731.89
47.16,24.14,811.35
14.97,22.49,341.21
25.95,51.72,591.5
2.72,115.11,438.5
12.26,35.15,344.79
24.81,53.21,587.02
24.33,80.31,651.87
9.87,66.35,398.24
39.15,93.43,899.38
18.03,84.84,575.89
7.85,83.17,419.61
5.69,105.29,440.43
3.32,48.79,247.02
45.21,7.41,756.11
20.04,54.24,513.09
29.14,58.24,666.6
5.77,29.26,224.75
18.83,98.01,630.09
3.22,113.21,436.4
28.26,80.76,725.1
8.75,10.62,211.86
20.08,103.18,661.47
28.82,19.94,550.98
42.11,95.5,963.79
48.24,106.09,1114.65
32.4,47.76,687.53
20.01,40.27,479.91
20.65,71.0,563.55
38.17,66.12,816.9
3.85,47.36,250.61
16.5,112.89,639.16
4.29,115.54,451.96
27.18,96.63,740.73
42.2,51.14,826.97
2.85,78.74,328.23
3.69,89.39,368.29
27.21,26.04,537.24
22.22,96.95,666.25
36.33,26.48,673.53
37.06,60.13,795.43
35.58,8.78,609.11
15.16,105.16,593.08
36.53,76.51,824.49
38.15,88.45,895.79
32.46,51.28,694.55
23.86,87.42,667.68
17.43,112.04,651.54
29.14,25.58,566.95
10.8,105.76,533.12
26.53,107.27,766.18
24.06,36.03,518.05
35.9,115.07,940.14
22.92,93.74,677.31
42.23,86.75,965.81
35.18,34.1,680.98
40.57,114.29,1020.1
36.98,81.16,845.44
27.58,106.39,777.4
42.31,82.51,931.42
42.54,20.93,753.4
41.25,86.5,924.72
7.0,81.75,399.52
20.97,55.93,537.39
4.57,107.58,447.95
10.53,81.77,455.58
32.66,108.64,852.1
3.3,82.93,353.25
16.75,58.79,480.45
41.36,56.82,843.06
19.7,32.57,439.44
48.57,71.0,988.79
6.83,45.57,294.04
2.26,114.35,437.25
14.13,6.86,282.93
7.32,9.8,187.77
19.29,76.62,567.3
21.18,23.34,434.67
25.55,14.8,477.78
12.77,15.97,287.66
21.48,110.24,708.72
43.66,116.85,1061.63
38.28,74.97,839.61
34.49,119.42,921.23
23.63,88.22,650.27
20.81,63.03,550.12
18.66,91.11,605.21
17.41,40.57,431.88
36.47,40.04,716.11
36.21,42.6,717.19
31.66,80.91,771.41
21.91,24.14,452.38
16.29,54.7,463.3
33.71,89.15,817.37
40.68,95.07,939.59
49.19,70.44,1017.73
10.54,38.67,325.66
9.35,14.47,234.17
44.14,110.26,1034.65
33.18,42.94,666.79
43.92,17.37,756.24
3.75,91.89,380.63
8.63,110.1,517.14
11.66,32.64,319.2
28.95,69.47,697.87
33.7,56.65,731.13
44.59,76.6,947.65
28.81,87.97,744.06
27.74,95.4,745.92
3.17,70.93,308.53
34.59,42.51,692.59
5.42,85.7,388.94
18.72,82.2,578.91
9.02,60.92,368.97
36.83,94.01,878.5
10.03,72.85,421.96
37.18,41.7,735.07
15.34,24.13,350.5
7.81,41.21,285.72
1.52,16.14,122.6
14.88,80.87,516.51
6.43,29.34,232.35
9.02,12.73,222.53
41.64,16.37,738.21
7.66,40.24,283.44
20.72,39.68,484.85
4.47,113.03,462.74
33.09,64.14,740.57
4.94,78.91,359.81
31.64,94.96,800.29
34.41,82.23,809.47
2.62,87.74,349.19
47.65,35.37,870.41
42.91,68.48,891.24
2.82,117.04,442.67
46.13,56.83,913.81
18.91,58.02,510.1
3.43,115.12,451.22
7.82,90.74,434.53
8.95,105.09,501.99
21.27,80.28,620.72
24.22,38.05,527.62
18.49,103.79,629.3
46.76,96.61,1039.52
3.26,119.88,454.61
12.24,84.63,489.89
39.1,32.49,727.67
30.1,24.76,569.55
5.66,83.07,384.13
18.51,54.68,499.2
19.73,115.4,687.24
19.52,67.56,549.04
30.84,58.84,693.14
25.51,103.26,747.45
37.68,94.54,903.67
38.73,111.55,962.49
3.62,77.19,335.91
8.21,19.73,229.63
1.1,77.48,296.58
16.48,24.43,369.44
47.11,41.8,890.42
32.56,86.67,794.71
31.98,113.81,873.91
33.29,79.61,797.54
3.39,30.07,191.14
19.23,92.63,619.76
26.46,6.51,470.63
8.67,115.02,529.92
11.58,57.64,397.6
19.08,45.61,468.69
41.44,6.1,692.15
49.31,72.79,1021.74
3.24,10.82,132.61
24.73,116.22,757.72
47.52,118.14,1123.54
35.59,115.72,926.51
28.78,14.79,534.75
11.41,50.32,375.31
30.13,48.02,639.84
47.07,91.31,1026.63
0.56,93.05,342.01
22.91,94.47,666.13
21.56,22.69,438.28
16.79,55.83,471.41
10.02,56.75,371.31
33.35,12.18,579.82
43.62,26.29,788.5
23.7,62.43,585.93
6.84,97.66,441.2
19.01,98.2,631.74
28.63,17.49,524.82
26.11,101.99,742.68
22.1,54.83,546.87
28.53,35.12,588.34
30.58,71.23,724.78
27.1,58.14,634.12
9.65,40.16,314.43
44.17,22.01,790.35
25.66,79.4,679.82
49.48,18.32,847.53
6.93,19.99,211.7
36.8,51.63,768.07
31.57,93.53,818.85
4.87,52.24,286.02
27.52,58.13,634.39
36.01,50.46,749.95
12.01,44.43,362.68
23.31,114.88,740.33
16.01,108.78,612.39
26.19,82.34,685.84
2.69,30.42,178.01
35.77,63.78,773.84
8.44,107.86,505.33
39.11,115.76,974.86
25.18,75.82,663.33
23.44,55.33,561.03
42.85,10.77,701.49
18.41,119.33,698.59
6.0,72.87,360.23
39.12,79.04,875.57
6.28,47.98,290.53
32.79,63.31,737.65
7.92,42.91,298.77
8.43,85.74,430.74
34.77,57.82,741.99
16.34,85.54,547.31
6.13,100.34,439.9
36.1,81.88,841.97
37.53,26.73,689.91
18.61,96.27,614.22
37.03,111.43,929.68
17.04,67.88,514.16
5.57,78.91,374.34
41.78,24.68,739.89
46.58,66.03,932.41
38.82,74.68,870.49
24.98,109.99,744.98
30.6,76.76,735.11
22.24,60.96,565.28
48.79,88.54,1044.46
45.79,39.94,864.18
15.09,68.34,486.14
31.56,60.33,707.03
42.6,97.39,984.78
24.66,48.87,566.3
12.7,63.34,436.04
7.52,84.54,411.35
47.85,94.34,1042.0
39.46,76.73,876.3
30.14,115.53,854.05
9.98,113.49,543.93
6.58,67.11,341.56
30.75,119.74,880.59
11.21,63.17,407.06
48.32,113.91,1127.88
9.23,87.99,455.26
31.09,15.53,559.03
23.65,46.05,545.26
27.75,86.24,726.18
23.48,50.75,565.46
43.16,43.05,833.79
18.31,102.4,626.38
16.73,85.72,557.42
17.49,98.92,606.12
48.37,58.0,954.73
48.39,98.28,1080.19
4.34,87.03,374.87
12.94,111.0,577.25
46.34,96.87,1035.91
42.45,104.13,983.98
31.0,111.74,858.74
22.98,36.88,505.34
45.86,49.61,868.37
33.31,119.43,908.31
1.76,108.48,403.9
3.01,68.65,299.11
15.1,20.37,335.21
11.57,36.63,335.72
29.54,80.86,721.99
44.27,95.59,993.17
31.48,43.87,659.21
29.94,95.21,788.51
37.58,70.75,835.05
10.74,94.64,490.85
40.33,99.55,940.41
5.44,90.49,402.58
44.37,79.85,954.81
29.94,94.38,784.0
36.95,116.3,955.06
34.75,107.36,884.77
43.77,117.47,1072.55
21.65,53.57,535.71
13.04,99.1,545.27
12.99,13.17,284.68
24.88,14.83,464.96
11.59,17.21,274.45
47.72,37.03,884.98
34.03,76.07,787.64
35.43,100.31,885.26
44.56,66.57,926.05
14.23,106.21,587.29
2.49,50.71,239.7
47.42,33.71,863.86
32.52,105.01,861.33
38.91,77.46,864.73
19.55,95.01,621.27
8.45,117.25,524.85
14.1,71.63,467.83
3.4,22.21,166.37
12.16,96.19,524.03
5.12,55.31,291.12
44.47,109.59,1048.6
5.7,118.93,489.82
0.75,51.98,216.66
31.68,43.2,658.14
17.83,89.45,590.44
47.05,15.71,800.0
25.15,67.35,617.38
15.38,81.73,531.13
6.13,59.85,327.47
18.13,61.47,506.17
1.19,55.47,236.18
41.12,94.71,935.15
23.52,69.83,612.83
49.99,79.08,1036.2
18.05,98.49,628.19
25.0,119.39,777.31
34.29,10.36,594.99
12.9,45.68,380.38
1.92,75.94,311.88
20.87,111.01,709.08
11.33,92.51,497.46
36.19,108.97,919.24
34.12,15.94,606.56
20.82,113.35,704.37
3.31,87.55,362.16
29.26,62.56,678.69
13.32,108.69,579.59
21.75,98.64,679.26
32.01,21.22,591.83
32.66,27.0,613.49
1.59,29.37,161.44
27.05,60.38,626.36
34.42,85.99,824.35
18.22,106.33,650.97
14.23,5.07,281.21
43.34,99.58,995.8
33.24,79.99,781.4
43.09,21.13,753.02
19.78,6.74,366.36
44.96,65.61,914.35
19.64,97.33,631.2
19.63,28.54,428.65
36.45,83.46,860.3
7.2,21.43,224.11
19.21,13.9,383.44
1.1,38.14,179.13
5.66,108.09,458.2
29.48,112.46,840.46
10.63,76.11,432.78
6.91,5.24,169.53
46.38,43.39,882.35
16.73,51.08,456.72
46.31,7.93,781.84
35.56,42.99,712.68
25.5,20.76,488.17
10.49,51.94,357.02
7.85,5.5,182.69
48.53,113.5,1120.62
33.85,12.92,596.47
6.33,110.35,480.95
44.96,56.51,897.45
2.9,26.65,171.79
8.75,56.27,349.27
17.34,58.78,495.74
46.89,17.4,798.0
5.41,103.07,447.34
11.16,100.32,518.56
46.23,78.08,984.19
2.32,96.88,378.35
7.33,30.57,247.65
33.24,74.93,777.44
5.85,80.44,372.64
23.25,38.01,518.12
18.03,8.32,345.53
25.28,49.13,577.39
27.2,48.71,600.78
14.16,25.71,332.21
28.05,101.92,779.18
46.5,56.21,926.95
49.17,39.07,910.95
19.22,77.03,562.06
15.6,76.06,515.26
6.73,26.76,235.54
14.83,107.37,605.37
5.96,35.94,247.7
47.95,35.61,867.91
6.89,31.82,247.25
32.3,57.37,699.33
40.2,95.17,939.89
1.57,49.1,221.85
12.2,57.47,406.49
9.63,47.69,335.27
35.89,67.48,791.05
41.53,36.25,784.09
9.91,82.86,453.03
35.78,118.32,925.43
34.34,117.63,920.85
9.27,42.49,312.51
1.6,43.75,205.58
43.34,10.0,741.11
47.68,118.33,1115.61
21.39,114.29,704.52
25.61,19.9,497.48
43.64,46.16,834.16
10.71,119.07,570.08
37.78,115.63,955.5
25.4,61.89,613.52
9.16,89.32,450.24
16.93,69.82,510.87
36.46,60.42,769.34
45.78,111.8,1072.96
34.33,7.03,598.95
49.74,119.55,1162.05
42.95,12.34,732.19
40.14,51.83,811.68
16.32,58.27,467.77
42.95,9.36,715.35
7.97,19.39,227.08
45.8,106.44,1053.58
2.1,91.45,360.11
24.98,119.01,787.17
2.67,31.95,183.93
46.11,69.4,929.13
2.73,51.9,247.8
30.16,78.1,736.09
35.81,93.55,856.6
43.77,89.19,980.58
37.22,119.6,971.86
47.59,22.38,834.75
25.14,71.77,648.43
38.24,87.9,883.12
49.86,34.83,905.68
15.99,23.47,366.27
44.85,73.48,944.88
11.39,43.82,356.84
19.39,116.89,695.27
20.08,8.02,375.16
11.61,113.71,565.44
4.24,37.94,226.73
4.86,103.85,438.17
34.57,116.67,920.34
25.74,78.45,667.75
42.37,79.12,947.56
40.16,95.43,943.72
10.38,72.08,417.29
34.03,119.68,917.89
41.17,102.07,966.69
36.98,108.14,923.48
3.38,103.0,408.63
36.66,85.34,846.1
47.93,12.34,793.63
38.8,40.61,762.99
35.53,66.5,775.21
38.98,71.82,858.65
29.66,6.46,509.6
45.13,67.75,934.0
21.08,56.69,520.52
44.81,95.64,1011.93
49.8,73.49,1007.71
39.4,93.44,909.76
36.34,62.5,771.13
28.74,86.98,736.62
7.77,38.56,284.73
25.62,44.35,563.78
25.73,47.32,578.47
26.97,53.59,618.53
9.65,83.36,443.59
46.27,66.95,915.66
0.9,55.97,230.38
18.77,82.03,574.05
23.03,94.1,664.77
22.45,8.12,413.73
25.94,71.83,656.86
8.57,30.37,268.6
46.44,65.01,927.49
10.01,35.6,311.6
22.28,50.13,526.96
28.45,32.81,573.11
17.15,93.89,587.63
35.96,75.26,811.47
44.31,50.91,873.77
20.34,51.62,507.96
16.31,13.59,332.44
8.04,10.16,202.53
17.3,19.22,365.66
32.46,119.61,888.84
48.61,25.56,847.84
25.81,32.56,531.79
20.47,32.87,460.06
44.59,110.17,1068.38
8.69,55.02,342.16
31.76,49.32,675.51
48.49,87.72,1041.9
27.67,35.97,579.59
42.34,6.11,711.52
11.4,81.54,467.08
20.97,46.58,507.66
37.03,90.24,862.6
46.3,68.47,957.46
39.63,29.65,739.59
2.98,63.92,285.45
24.34,91.39,682.91
46.34,70.75,950.5
5.68,27.2,213.9
44.34,91.84,1008.92
30.05,6.23,518.67
46.61,61.99,944.64
34.86,12.97,606.89
17.89,18.65,378.85
7.77,26.36,247.4
18.73,88.3,593.96
4.6,72.98,339.36
42.39,57.31,857.64
38.87,27.2,709.15
17.73,30.97,409.32
36.09,61.36,776.21
4.78,89.57,396.87
41.74,108.91,1018.27
37.73,22.91,687.67
8.63,13.15,218.26
49.9,54.56,943.04
36.45,84.74,866.61
49.91,46.24,941.33
44.87,48.92,877.2
3.12,14.01,141.1
1.53,47.65,214.36
30.49,38.22,625.35
39.95,96.82,941.01
14.59,98.09,571.75
9.71,38.32,312.32
34.47,80.04,799.1
21.07,16.52,415.68
20.65,72.71,582.99
10.04,20.24,257.66
12.59,107.64,559.04
26.77,60.6,635.04
6.05,100.86,443.83
29.41,21.81,555.67
34.71,32.9,656.71
26.98,83.74,713.71
43.54,59.13,879.12
48.66,13.69,834.62
24.08,19.36,475.39
8.94,103.0,495.01
33.38,73.73,778.22
10.54,54.25,372.18
1.42,114.66,423.1
42.32,34.96,795.17
5.25,62.85,317.91
23.08,52.17,550.55
3.65,12.57,144.02
2.62,52.05,243.26
32.5,84.02,794.75
13.13,74.06,467.48
17.17,76.2,546.59
48.9,54.09,938.56
4.27,68.61,312.49
16.77,18.96,357.95
20.39,17.16,407.29
1.7,99.81,368.34
24.93,55.21,591.41
13.82,85.55,517.63
25.18,58.8,611.08
25.12,55.26,592.54
26.66,84.57,686.14
35.7,48.43,717.67
27.06,57.14,619.61
44.54,85.08,976.27
48.56,78.11,1018.54
48.2,23.19,843.48
49.18,53.02,941.0
11.0,64.98,404.43
35.88,117.14,949.79
44.9,38.53,829.93
20.03,16.54,394.18
38.22,47.01,765.7
19.78,64.63,550.59
16.57,76.61,529.6
14.13,7.03,280.85
27.86,71.52,677.4
44.72,75.31,945.52
6.23,63.76,332.33
30.54,97.96,801.94
37.58,28.34,696.02
47.35,13.25,807.12
24.57,73.67,644.69
31.53,7.08,540.13
30.61,61.52,691.58
27.28,41.4,586.82
38.89,111.99,980.39
25.17,50.61,576.32
46.95,63.7,964.36
13.43,42.35,377.06
46.64,83.03,993.24
27.42,116.71,817.75
16.28,23.45,355.69
8.4,107.18,498.71
49.54,70.39,1009.33
35.2,10.08,610.59
8.3,13.16,210.98
3.7,65.93,301.52
14.03,96.54,551.26
10.85,119.38,571.56
38.79,88.56,903.76
32.87,76.34,755.81
35.4,14.47,618.85
13.4,24.85,319.21
7.38,47.13,299.87
47.35,93.0,1039.14
36.68,24.88,679.44
49.13,90.98,1085.12
29.0,102.84,788.6
6.21,90.64,416.29
13.89,77.29,489.02
11.25,17.25,272.0
6.96,12.16,190.62
16.38,86.25,549.82
43.58,95.25,980.06
35.63,46.73,725.17
4.74,101.88,421.88
43.64,108.75,1024.11
17.28,45.8,453.71
3.63,73.23,325.9
47.66,35.14,878.22
12.32,89.83,500.13
39.97,33.43,756.32
18.25,24.29,398.99
5.05,71.17,343.91
14.34,23.75,328.27
24.36,58.3,593.99
30.39,74.66,730.05
6.84,119.6,513.61
21.01,62.74,555.1
26.34,27.32,530.31
8.6,14.93,224.44
37.04,36.42,725.46
16.43,98.74,598.23
27.72,104.93,784.58
1.5,33.0,172.13
4.96,55.84,291.68
42.56,42.63,824.34
17.31,107.99,642.42
12.21,114.11,573.43
28.94,92.32,760.94
45.1,105.86,1034.81
2.82,39.93,209.42
36.63,26.22,676.63
17.66,81.28,568.31
48.08,18.4,825.34
35.62,31.49,675.74
7.23,41.77,283.53
17.43,108.45,627.65
16.72,41.78,428.49
16.66,82.39,534.4
7.88,7.55,192.04
11.33,17.36,271.17
36.35,49.35,745.02
4.13,98.46,401.32
44.79,10.2,755.8
10.49,91.49,476.89
3.57,103.68,418.81
16.03,27.51,376.29
2.66,93.07,369.24
28.84,53.93,640.97
45.69,81.93,977.19
22.18,70.92,600.38
46.03,54.09,909.43
15.02,78.56,519.92
21.29,22.59,430.31
23.74,84.46,659.27
8.68,52.69,343.11
39.42,52.48,799.31
12.44,96.56,536.44
4.67,65.36,314.02
35.49,90.65,892.56
36.53,52.1,762.54
21.37,73.68,602.72
47.39,27.18,833.04
31.51,20.09,577.07
44.18,100.28,1007.8
46.68,100.54,1073.62
25.22,85.72,698.86
16.88,58.14,484.73
4.37,46.1,254.37
48.17,68.91,980.15
30.53,26.36,584.45
14.59,81.86,515.46
15.86,10.73,318.44
3.62,13.6,146.41
12.96,25.47,318.53
40.33,24.99,737.89
24.9,84.12,683.38
46.28,31.28,852.05
24.94,106.66,748.86
13.36,26.88,326.78
23.21,75.56,619.66
30.87,113.76,845.41
33.9,95.03,831.95
22.99,97.82,682.75
23.09,102.37,696.65
43.6,7.66,724.78
16.13,26.24,371.41
45.65,116.82,1090.76
25.11,31.95,519.43
35.58,9.65,608.68
3.04,74.94,324.85
18.91,97.68,634.14
26.91,17.13,504.28
24.63,21.84,482.02
43.45,37.68,820.21
30.1,27.1,589.22
11.42,10.45,250.81
41.74,47.14,807.54
37.85,55.54,788.68
31.28,98.99,812.95
32.75,53.75,704.32
37.03,42.64,733.51
41.45,93.43,947.21
14.62,96.18,562.49
46.92,94.6,1022.9
26.52,31.85,546.51
40.5,49.5,802.83
41.3,43.33,808.34
22.29,75.78,613.48
42.05,104.56,1021.76
26.35,111.64,766.85
23.48,42.73,536.4
20.53,99.6,652.19
13.59,43.63,388.12
42.24,8.14,709.96
32.17,31.09,624.68
11.35,104.2,531.3
21.32,100.98,675.9
38.66,98.6,933.84
16.63,23.02,368.65
35.58,67.03,780.99
32.92,9.61,577.24
30.67,87.49,762.93
27.11,100.82,754.76
16.52,34.03,402.7
6.86,118.26,512.73
30.6,62.59,702.51
12.58,37.86,351.42
6.56,92.3,432.42
11.31,79.88,466.02
38.39,46.16,760.03
38.03,8.88,654.35
27.78,116.5,810.46
43.73,70.39,916.26
19.56,17.97,397.49
14.5,45.27,405.98
13.9,74.21,487.31
21.44,34.02,472.92
49.18,39.95,910.99
46.82,63.86,938.85
0.62,48.13,203.28
39.61,55.45,802.91
21.88,69.03,591.68
15.76,99.49,586.33
28.51,39.56,590.72
31.32,31.54,605.89
46.06,71.11,960.61
2.31,55.16,249.08
6.32,52.94,304.81
36.97,45.15,747.96
47.25,86.57,1001.15
45.97,71.29,936.19
35.47,52.96,746.38
30.59,62.65,690.47
31.39,28.95,605.74
20.6,97.97,657.53
29.96,68.01,703.9
25.99,9.83,473.02
3.94,5.85,126.43
23.69,102.22,717.68
30.66,75.09,741.4
8.71,11.11,212.88
9.98,35.79,309.98
11.28,82.82,461.99
5.01,21.93,192.51
43.05,116.41,1045.16
32.7,82.72,799.98
7.78,67.53,374.68
19.61,55.89,506.27
18.29,12.3,361.5
48.99,18.63,844.88
24.39,20.6,476.2
19.52,18.32,403.1
29.51,74.73,714.9
10.43,44.55,339.92
41.94,41.57,813.08
17.27,91.43,579.4
48.66,14.72,829.93
3.89,73.48,327.63
30.34,38.32,619.62
21.93,61.17,562.33
21.6,86.94,630.11
32.46,26.3,611.73
9.36,80.58,428.77
49.72,79.99,1020.68
15.97,109.77,629.54
48.47,62.13,972.82
7.06,93.04,431.73
41.04,19.36,723.63
12.68,71.93,459.34
21.29,28.68,463.72
4.01,43.34,238.12
1.38,91.19,342.36
48.25,7.6,797.97
29.7,94.28,772.09
2.72,69.62,307.91
20.76,93.87,653.7
5.52,20.29,191.98
7.42,10.24,194.77
30.72,71.12,725.62
34.19,44.06,685.24
35.75,23.59,650.14
1.14,73.56,288.2
39.25,82.37,891.1
25.12,87.62,686.07
17.14,30.73,401.74
22.88,106.78,704.92
43.09,64.27,875.91
27.0,103.99,782.38
4.74,25.54,197.51
20.52,61.91,541.1
48.22,84.27,1034.85
19.95,85.69,609.12
18.53,62.58,521.09
45.3,77.63,953.27
15.04,117.51,626.53
22.15,59.26,565.78
30.39,84.77,760.13
19.78,8.35,373.85
42.3,74.06,915.45
7.15,49.99,307.02
43.46,15.72,750.6
17.04,45.36,443.66
3.64,39.35,221.75
1.0,85.0,324.87
19.03,28.95,427.63
36.16,98.28,886.87
12.81,24.33,311.55
36.85,66.88,797.87
48.35,102.6,1071.94
44.06,57.9,871.8
4.35,51.12,272.51
29.9,38.02,611.51
18.67,19.36,388.79
20.54,9.56,384.19
24.17,67.53,605.7
14.11,65.15,447.97
41.59,67.75,877.96
16.95,113.94,639.93
14.4,81.28,517.48
49.05,77.07,1013.44
20.64,109.22,692.56
37.96,117.86,970.25
26.79,108.56,789.18
27.81,34.37,574.24
5.29,90.53,389.9
5.91,51.57,292.93
42.18,44.32,827.01
47.9,29.09,848.87
49.24,62.76,984.29
47.58,63.08,928.47
17.08,66.38,498.17
22.9,9.23,417.7
43.44,73.87,916.83
38.3,115.03,960.3
20.46,59.14,531.25
44.82,69.39,939.93
25.54,23.65,499.66
29.05,109.81,817.54
19.17,15.0,386.92
23.75,91.49,672.09
46.6,99.48,1040.43
32.09,20.73,588.22
42.21,119.19,1043.54
18.63,57.17,502.5
44.76,11.62,757.38
8.87,91.78,454.82
25.35,94.79,717.49
11.33,105.2,527.28
36.19,94.97,886.25
46.73,47.29,900.8
26.5,107.4,782.17
0.66,37.44,169.97
45.44,79.47,971.52
24.16,98.69,723.35
0.64,47.06,197.25
7.37,84.31,405.59
23.66,29.11,491.24
46.29,11.21,778.25
31.14,39.8,643.62
48.35,37.41,888.35
49.52,85.66,1060.58
10.83,51.64,362.9
38.14,72.19,827.84
2.39,105.91,401.3
26.87,30.79,548.85
13.35,75.26,475.06
26.01,58.6,620.36
44.17,84.19,961.14
21.73,115.32,709.47
9.18,15.3,233.68
33.16,69.79,765.0
3.94,73.52,329.04
47.02,33.77,860.17
16.07,77.27,522.9
44.16,9.63,753.22
46.15,27.58,823.01
41.72,82.24,931.11
9.21,110.58,515.68
40.8,17.18,707.79
11.49,62.92,410.0
27.61,86.79,726.35
43.1,112.59,1040.74
21.96,17.89,438.11
35.63,119.16,964.78
34.64,87.77,832.25
28.13,30.69,564.85
12.22,42.07,360.7
46.14,107.06,1058.22
2.9,37.65,206.25
31.64,72.18,751.49
1.44,17.08,123.9
18.29,22.81,393.6
40.86,91.55,931.62
40.94,81.57,900.59
49.65,26.06,881.07
11.12,38.23,333.25
26.24,116.62,803.11
34.93,113.64,904.57
42.81,22.23,749.41
47.32,63.36,947.83
35.94,60.53,775.03
31.53,63.0,714.46
15.05,47.73,418.04
5.56,108.5,454.35
46.05,97.64,1024.58
7.48,93.47,443.44
33.63,61.68,748.97
35.04,8.92,595.28
41.27,41.07,791.07
22.98,54.31,557.03
39.55,13.45,694.21
9.98,68.43,400.14
41.36,13.27,722.09
10.22,39.5,326.55
6.65,113.54,495.33
17.38,87.01,563.01
42.39,99.1,984.46
20.11,72.69,574.62
15.8,102.07,586.7
11.26,6.7,237.05
25.66,28.43,517.02
38.28,32.76,727.1
49.32,119.99,1169.18
43.54,92.4,994.03
47.86,7.69,786.01
27.13,30.07,539.38
29.0,68.36,707.01
48.03,68.5,971.47
22.19,59.1,565.1
14.3,48.68,416.61
32.0,45.46,678.48
16.13,75.34,515.95
2.59,13.35,128.15
12.55,7.25,261.94
3.52,55.22,265.16
45.7,96.0,1028.34
16.82,13.34,341.58
49.71,105.05,1133.42
33.73,27.37,635.4
10.4,59.0,391.55
34.49,11.73,600.42
21.22,72.14,586.33
8.51,66.55,385.18
45.68,6.79,750.9
0.82,22.33,129.56
21.43,97.27,668.74
20.85,31.95,452.02
25.96,96.71,731.64
17.26,96.25,599.31
11.0,89.92,494.37
35.24,25.25,649.11
48.62,75.76,1008.87
30.37,83.99,749.26
19.98,94.0,634.33
34.47,83.33,818.65
11.58,66.54,430.85
49.84,8.87,828.79
3.73,13.96,146.93
31.31,42.34,649.3
23.14,29.8,487.69
47.26,71.08,982.24
6.63,24.65,223.59
20.9,40.33,483.57
8.13,101.59,475.98
15.67,23.5,354.4
25.66,6.35,455.74
15.87,46.45,426.63
23.92,69.59,614.37
43.65,92.12,986.18
36.27,14.98,639.38
43.23,72.21,912.22
11.06,15.41,264.93
9.04,8.24,212.34
20.71,72.01,581.9
30.72,17.75,567.44
34.29,118.18,928.55
42.63,83.01,930.7
12.9,114.69,581.28
5.93,79.46,376.79
22.17,15.87,433.61
36.41,28.26,685.31
34.64,6.23,583.37
41.84,49.9,813.98
1.06,45.52,203.79
47.08,25.8,833.59
9.66,23.79,266.56
12.75,15.62,285.03
18.31,36.53,436.02
6.65,47.86,293.36
46.63,105.84,1083.79
4.85,86.94,380.36
48.66,66.81,966.9
31.87,72.9,746.7
32.77,8.0,578.06
10.77,28.96,301.82
14.17,86.85,528.79
15.14,109.89,608.8
37.31,50.43,759.06
47.86,40.69,886.31
16.83,26.8,380.48
16.85,52.65,464.59
21.97,52.3,543.75
41.05,96.81,956.33
5.51,96.96,427.95
49.47,75.22,1019.2
30.84,91.76,783.01
38.1,44.66,751.72
7.19,41.21,282.38
35.05,66.05,773.15
48.46,108.86,1113.56
20.51,31.5,452.27
12.02,81.17,483.95
34.46,7.57,589.7
3.17,66.26,297.8
27.83,72.36,676.6
15.47,78.58,518.85
10.07,83.37,456.61
46.91,29.36,836.26
36.97,51.75,756.37
3.6,105.62,412.78
17.53,38.38,430.9
23.05,43.76,534.99
33.89,38.86,676.72
26.67,101.61,770.24
10.96,90.7,490.5
32.49,111.18,875.42
4.64,70.01,327.37
27.82,49.66,607.02
37.3,9.95,640.04
41.66,101.38,976.27
31.71,6.65,547.08
42.47,88.14,967.96
5.17,65.8,325.71
14.92,116.85,627.07
46.72,44.89,891.38
45.09,42.4,861.34
1.41,46.52,212.6
1.46,119.67,431.42
39.63,28.15,721.32
24.51,74.85,645.13
15.32,29.27,365.57
28.14,52.19,614.65
16.61,35.77,405.39
27.46,97.57,747.33
24.04,12.94,446.77
35.21,64.61,757.19
45.28,15.41,775.16
43.56,48.32,851.37
5.66,100.63,439.37
34.27,8.71,592.22
33.3,90.86,814.42
36.15,80.84,838.26
13.41,109.92,589.51
1.4,47.15,211.35
1.73,12.59,115.58
32.61,115.96,890.47
16.26,34.52,409.3
1.54,36.39,179.75
4.82,87.54,384.02
44.78,112.73,1054.17
37.17,17.66,661.47
33.65,94.63,846.03
13.46,111.35,592.31
9.39,109.06,514.03
41.42,5.29,684.48
41.69,35.17,783.57
33.48,47.01,698.06
3.44,100.46,401.26
30.22,60.46,677.15
10.33,21.17,267.94
29.06,14.2,527.71
30.32,102.82,804.22
9.22,110.66,518.49
5.97,104.68,451.09
23.49,99.01,699.75
36.45,61.21,787.22
27.42,82.64,713.29
28.25,45.87,601.63
22.29,37.29,498.46
6.58,42.01,273.77
37.53,25.15,695.51
21.51,18.21,428.66
30.57,29.54,591.22
23.98,104.28,719.24
49.01,75.11,1012.05
23.78,54.45,565.23
46.54,76.95,980.43
9.61,69.7,409.09
29.39,26.1,576.39
30.37,11.5,545.74
32.94,107.98,886.53
42.59,117.78,1038.65
2.93,101.32,398.63
24.74,98.68,710.79
35.16,110.26,893.47
4.84,104.07,432.0
18.08,10.34,355.83
1.28,59.86,249.37
31.86,26.56,614.58
41.52,104.82,995.87
42.32,89.1,952.57
36.84,17.12,652.32
0.93,23.21,133.4
44.08,32.59,809.63
12.24,62.17,421.77
11.35,118.16,574.91
4.58,82.12,365.29
32.52,30.16,626.56
24.73,6.14,440.12
48.45,91.43,1046.32
8.45,93.16,451.81
3.42,101.65,406.92
11.04,46.41,356.29
24.12,74.53,639.35
17.89,107.46,653.16
4.53,58.62,296.4
33.21,6.49,570.83
9.42,44.34,320.03
46.52,90.17,1028.36
14.59,48.57,418.55
17.65,104.0,627.01
3.17,117.94,450.3
38.85,91.51,913.75
45.11,40.33,857.04
39.04,50.25,785.53
42.36,10.4,711.91
14.66,61.72,457.92
22.76,64.87,574.38
9.17,93.38,470.16
20.3,63.17,547.86
35.52,10.23,615.02
42.01,118.78,1041.6
27.59,57.86,637.25
16.9,80.62,543.48
1.85,38.62,193.15
20.09,68.49,554.04
5.61,34.97,234.85
2.89,69.34,299.11
18.71,6.91,353.56
42.06,94.7,963.29
47.79,50.08,911.85
26.55,45.85,587.61
49.88,94.09,1081.14
20.51,61.86,540.84
1.1,64.86,265.75
49.2,65.15,989.93
49.83,113.72,1136.0
36.61,69.19,814.84
35.5,53.17,759.38
33.63,18.99,615.9
45.24,66.99,924.82
2.07,111.6,412.9
30.12,54.42,676.16
23.53,106.98,720.98
1.06,31.13,158.48
16.97,8.63,334.59
5.3,73.43,356.68
49.93,113.61,1133.56
15.15,42.0,402.51
26.4,81.02,683.32
16.43,40.46,421.24
18.46,119.96,681.26
19.79,61.19,539.2
21.14,100.26,655.53
38.86,103.26,939.69
21.31,81.8,615.34
2.73,8.36,115.22
30.84,39.88,635.17
7.4,88.32,427.17
25.97,17.89,498.95
26.02,111.54,787.38
26.29,118.91,792.86
23.79,25.97,484.88
30.06,84.71,748.06
23.7,14.37,448.29
34.27,95.89,872.88
46.16,77.14,985.43
7.7,55.18,335.36
43.22,25.76,783.41
47.6,11.8,809.32
4.1,9.77,142.0
5.54,15.05,175.64
43.08,56.26,867.09
34.93,80.08,805.09
17.45,96.62,596.89
29.52,34.16,592.02
36.7,111.66,952.22
37.63,55.83,784.74
23.3,13.66,438.68
36.09,38.56,694.24
35.96,106.88,908.77
0.52,84.1,307.88
24.74,15.27,469.99
37.46,102.46,913.07
34.67,5.01,592.09
46.62,68.29,968.76
28.29,103.53,793.71
30.68,109.39,828.23
45.72,83.39,988.95
35.11,118.33,930.45
12.34,77.5,464.04
40.44,116.13,1019.65
45.89,83.58,986.8
12.52,74.9,466.31
10.42,33.3,307.13
47.67,20.55,823.94
29.68,74.44,709.19
14.95,110.87,605.66
22.0,85.79,642.2
33.32,48.96,684.23
12.15,57.69,401.23
34.48,90.33,833.37
38.35,5.75,650.72
24.11,96.3,697.39
32.41,109.3,883.57
28.54,96.98,765.15
19.04,70.03,546.13
39.96,55.38,811.37
24.56,97.29,721.25
15.16,16.13,334.47
39.96,116.36,1017.2
3.24,73.04,318.09
26.33,23.58,516.95
19.52,72.29,564.3
35.85,54.35,761.12
36.52,21.53,660.36
44.6,13.74,757.89
40.17,31.86,754.48
29.5,29.16,579.61
14.56,110.85,612.17
23.27,48.52,536.09
11.55,83.91,470.32
39.56,103.27,962.28
46.07,23.54,818.01
10.33,5.4,220.21
43.61,42.54,820.58
42.49,43.86,801.38
44.67,75.95,928.79
12.56,76.77,470.19
22.62,109.71,740.5
21.13,95.77,640.02
21.53,35.97,482.19
29.78,75.24,729.91
36.08,41.0,716.99
4.57,48.16,261.31
3.62,65.05,296.37
18.9,111.98,672.65
22.4,97.29,675.82
48.15,98.43,1074.59
41.94,6.74,698.39
12.01,115.66,577.62
25.28,50.75,570.83
17.82,40.38,433.09
10.9,24.88,290.05
25.69,39.27,554.39
8.38,100.47,476.82
14.9,74.17,496.95
38.88,57.37,816.72
48.05,23.98,849.86
49.87,50.1,953.44
24.59,85.28,685.85
20.09,19.5,422.54
10.49,112.6,536.59
11.76,52.06,383.06
15.73,61.27,464.11
11.62,11.18,259.43
17.37,10.46,346.11
43.35,24.53,773.54
17.35,90.3,585.61
43.9,47.63,839.29
46.15,84.64,976.54
12.76,26.27,317.78
11.89,80.73,466.46
6.24,49.55,288.0
3.73,14.41,150.48
6.74,101.12,452.1
19.86,37.04,459.88
29.11,65.12,668.53
7.32,90.37,430.04
44.05,113.58,1060.42
3.2,77.59,327.9
17.87,93.42,596.2
26.52,18.5,508.06
21.14,46.49,508.51
44.56,109.88,1037.66
39.77,25.26,718.15
46.16,86.54,1010.27
39.37,14.78,693.39
43.15,8.29,724.43
46.99,9.98,796.87
5.81,10.52,170.25
39.35,49.24,790.05
42.53,72.55,902.03
8.48,6.75,198.35
32.71,98.52,851.45
21.99,19.32,438.12
30.96,112.34,857.35
46.61,70.79,953.26
28.21,52.82,642.32
44.47,60.49,901.79
41.3,88.05,936.88
42.82,49.53,831.77
6.21,23.31,213.07
37.67,86.75,879.33
14.42,96.19,552.69
24.7,89.13,677.3
42.15,9.06,700.95
48.75,79.54,1039.96
6.58,64.12,337.52
49.26,32.06,880.72
32.8,28.56,638.25
23.79,117.71,763.93
28.99,69.98,686.73
30.95,62.76,699.73
20.96,93.61,647.81
49.01,114.38,1112.7
23.27,80.46,630.11
13.41,7.64,273.56
14.46,92.92,539.59
5.78,110.51,465.93
22.19,20.11,444.51
49.39,43.3,933.66
46.07,91.89,1021.07
33.89,58.59,728.16
44.25,67.53,918.27
2.49,110.79,424.35
42.92,98.81,989.91
3.54,33.41,198.71
9.17,116.37,528.13
11.05,26.96,293.07
46.97,6.25,779.1
0.78,63.06,247.73
24.98,52.34,581.46
44.57,6.06,737.2
8.02,10.38,201.93
27.14,32.01,547.37
32.68,68.66,740.12
4.36,65.55,312.64
47.56,22.04,837.31
49.68,79.09,1038.88
1.67,113.06,425.59
32.38,15.54,591.34
25.23,40.28,557.45
26.82,64.37,649.95
30.35,57.11,674.09
11.52,89.92,491.56
9.18,85.07,444.28
48.86,91.24,1050.13
19.52,102.99,641.0
38.68,72.73,850.26
32.84,116.6,891.39
29.22,99.44,782.34
48.22,7.52,804.2
38.55,116.04,988.38
28.33,92.57,742.59
43.38,74.35,918.51
11.82,54.53,394.62
34.05,26.53,634.29
39.88,9.24,686.8
33.57,79.73,793.73
39.92,109.03,978.41
33.92,38.37,676.47
21.51,86.71,636.37
43.45,117.2,1052.02
21.37,17.6,424.73
12.75,106.48,568.03
33.47,94.91,824.14
9.55,40.05,306.88
49.15,101.02,1081.64
24.24,106.12,740.47
11.57,93.82,501.88
23.09,17.36,445.45
37.59,13.39,643.93
33.15,87.34,819.14
9.32,72.52,410.29
47.09,75.24,996.38
16.99,85.55,565.35
45.85,6.25,754.03
23.07,103.02,708.14
41.28,107.57,991.09
32.99,49.91,699.35
17.86,54.63,481.84
40.8,90.7,949.97
1.51,77.48,300.38
41.01,67.97,849.42
44.34,86.97,991.47
2.4,8.11,110.69
4.63,55.32,291.18
14.3,42.01,392.59
17.11,85.35,573.13
29.8,93.41,755.81
4.97,94.34,415.28
16.71,52.08,460.12
11.94,117.62,582.99
24.74,30.27,511.9
25.62,9.55,466.31
29.2,119.62,859.5
14.26,94.66,549.9
41.48,119.83,1032.34
29.62,28.52,590.63
38.83,5.06,647.84
25.5,32.05,522.23
18.15,113.16,667.44
12.4,15.93,283.81
32.26,42.64,656.71
34.67,12.02,607.84
49.28,112.7,1130.93
18.13,50.92,471.92
16.04,18.63,347.86
23.02,68.48,596.2
3.45,59.3,284.95
26.08,103.29,748.45
10.85,40.87,336.01
6.26,57.54,316.55
37.22,83.54,861.96
42.57,29.81,781.81
8.99,44.88,320.54
48.52,94.79,1067.5
20.51,61.35,532.45
18.08,37.12,437.3
43.76,22.86,780.31
41.23,34.3,778.2
23.0,27.66,477.21
8.41,59.39,355.62
37.52,107.98,939.36
4.28,111.94,453.3
4.25,87.25,374.83
36.92,119.64,957.09
28.08,47.15,620.85
10.2,33.58,304.53
45.35,109.96,1044.34
3.21,14.19,139.57
5.2,49.67,274.66
29.59,71.49,694.0
35.47,100.05,887.0
17.64,14.84,356.43
23.63,22.93,471.25
23.41,30.42,486.26
0.55,104.96,373.9
33.74,16.38,611.79
23.93,53.21,577.62
44.41,33.19,802.26
38.67,110.39,951.78
42.56,96.74,981.93
44.25,101.83,1021.21
47.32,66.8,938.7
22.84,51.05,554.18
45.93,46.3,851.56
38.17,86.42,881.56
16.76,16.79,349.6
15.09,35.11,380.18
32.07,114.77,879.66
39.31,88.71,907.72
21.0,42.35,490.91
39.73,37.78,759.12
0.99,97.57,364.64
45.78,67.23,940.14
25.41,38.43,551.79
22.73,23.81,459.41
5.18,59.39,312.28
23.82,21.5,469.54
25.64,109.28,766.14
29.9,91.09,765.04
7.95,113.28,514.42
12.71,90.03,512.61
39.16,50.71,801.84
5.12,89.6,391.06
2.62,26.92,168.87
48.61,104.87,1096.88
31.5,99.19,817.45
42.55,27.4,774.42
20.96,69.2,576.56
18.19,94.13,595.93
32.76,31.96,639.6
22.8,24.43,460.64
16.66,39.85,419.93
38.3,71.18,829.95
41.4,19.67,744.74
33.96,85.02,804.79
36.58,79.91,840.78
36.38,119.25,947.89
34.82,83.99,833.38
49.84,94.59,1081.85
30.82,14.08,559.77
38.89,19.32,698.39
32.86,39.01,654.76
34.36,38.92,687.52
0.95,77.84,298.73
46.32,116.46,1085.63
12.18,98.06,530.83
39.48,13.5,680.83
20.65,43.79,489.01
34.39,74.28,799.48
48.79,112.85,1138.93
41.56,108.37,993.17
3.87,39.74,225.74
8.88,62.06,362.58
33.33,62.2,732.8
43.86,112.99,1048.91
31.09,106.36,837.87
6.4,51.92,300.67
16.53,72.34,519.97
18.69,103.99,633.3
31.88,29.76,623.21
19.63,66.62,541.93
32.62,45.0,672.79
11.14,37.68,323.99
3.57,39.96,223.83
29.69,95.55,781.46
2.75,17.25,143.65
9.95,51.55,358.02
27.16,102.02,764.52
35.99,117.46,936.26
40.45,36.77,774.61
36.62,99.32,904.29
45.23,16.32,778.43
12.99,11.73,279.55
20.36,99.29,655.69
0.68,17.62,112.15
17.87,14.61,358.97
26.4,26.18,528.73
14.42,64.34,457.29
15.19,111.56,614.1
21.74,112.97,715.11
14.76,95.94,560.63
8.39,33.99,276.9
10.48,79.88,453.21
36.77,19.38,653.71
19.3,92.8,613.42
35.83,81.19,824.92
7.75,52.19,319.95
4.22,91.25,388.45
4.94,107.36,452.41
48.3,28.27,866.33
27.22,42.18,587.7
24.19,63.91,608.75
37.32,32.75,706.92
29.49,84.2,742.18
45.32,70.22,931.59
11.24,19.12,283.75
17.05,77.5,544.06
3.9,21.69,172.34
44.1,21.35,776.13
33.86,49.99,717.85
25.22,88.45,689.95
25.51,73.18,655.95
30.97,95.76,813.05
47.48,48.32,899.76
18.26,52.39,481.8
41.84,64.04,877.77
11.6,8.63,249.69
21.95,86.01,625.06
33.66,34.25,643.3
37.72,22.61,694.88
41.5,96.03,950.02
36.22,46.3,730.09
43.31,103.59,1006.54
47.6,13.74,822.22
35.68,79.04,826.62
38.62,46.34,764.46
1.09,45.29,201.12
5.04,41.97,253.58
42.06,34.06,785.17
7.14,27.2,238.82
9.53,101.69,500.33
20.06,108.41,671.7
25.49,107.65,744.21
43.5,71.05,911.28
48.79,74.89,992.69
39.16,56.73,787.51
35.29,102.92,898.06
25.61,60.3,608.74
46.99,41.35,874.44
40.13,87.26,921.18
8.8,77.07,414.26
38.73,36.24,745.86
41.64,40.98,803.31
34.24,39.99,681.79
30.08,52.82,670.77
8.52,25.47,254.71
42.51,7.4,704.9
3.78,57.61,277.57
13.95,31.68,356.01
20.25,30.87,452.21
30.74,14.34,549.43
32.07,59.86,709.48
36.45,89.05,866.8
11.46,108.87,559.61
7.72,34.65,269.48
29.51,41.69,603.22
32.21,61.02,716.17
0.73,79.71,294.58
5.16,30.34,216.45
11.58,112.57,558.32
7.37,14.09,202.66
29.65,26.46,560.8
40.29,41.86,779.73
23.18,87.95,670.75
33.25,52.21,703.15
25.45,116.23,785.8
9.35,60.57,372.98
45.48,42.1,857.45
4.15,106.14,434.56
12.97,7.56,268.26
48.9,17.82,829.61
23.37,25.77,475.35
12.37,27.59,319.39
27.85,105.42,778.5
28.39,96.71,766.12
7.04,13.36,196.84
29.79,67.17,693.11
12.85,43.21,373.03
6.6,58.74,328.07
47.45,53.14,917.42
28.76,102.04,792.3
46.07,60.87,915.75
5.13,37.16,236.15
16.4,116.41,640.05
49.41,22.62,874.73
24.06,79.41,649.73
5.44,21.13,194.62
8.4,111.82,517.12
28.0,38.67,593.66
31.23,52.17,677.93
6.91,26.93,232.51
40.98,80.91,897.01
20.12,84.38,616.06
37.13,63.67,807.8
27.39,63.85,650.2
3.22,71.01,311.87
39.42,23.39,713.22
18.24,31.82,422.24
18.56,69.48,527.42
22.21,37.96,498.46
12.22,6.65,256.61
1.53,75.38,300.82
8.18,67.11,370.77
4.49,93.18,393.7
42.51,67.91,892.85
46.12,110.41,1055.8
38.6,35.39,734.61
36.5,101.29,895.03
20.38,52.52,517.8
24.82,24.25,498.39
26.82,99.29,727.84
26.11,31.54,542.13
16.31,79.21,535.47
7.77,44.32,304.65
42.77,115.23,1043.87
24.75,69.58,625.42
21.43,95.92,658.27
40.34,107.62,978.35
5.82,28.09,220.12
45.06,62.13,928.35
7.1,42.47,281.52
3.7,79.9,346.03
26.15,51.72,604.0
41.0,25.94,736.16
35.04,99.06,883.22
12.65,93.65,517.47
2.58,28.47,175.42
10.43,12.5,242.08
44.28,34.0,828.0
22.93,78.49,629.85
18.99,104.71,655.82
15.86,14.13,335.07
2.02,72.38,296.61
29.93,111.78,825.92
22.3,46.05,517.59
36.95,78.8,846.41
46.19,54.56,911.56
49.24,29.8,880.51
40.94,59.83,858.81
39.3,111.97,983.94
3.83,28.57,194.58
48.73,84.72,1014.29
2.7,47.45,235.01
25.2,29.32,516.13
29.5,32.59,582.58
29.58,108.54,828.75
46.4,15.63,792.21
5.24,59.75,303.05
16.66,78.71,545.97
0.6,116.33,408.63
5.9,32.38,235.4
12.13,119.56,592.88
18.46,115.21,678.03
44.73,54.9,889.75
49.14,56.73,957.99
42.44,39.73,797.12
10.85,80.54,452.5
25.78,31.58,522.42
49.37,103.16,1085.74
19.7,110.1,684.49
48.35,49.88,913.75
34.15,39.03,682.81
48.97,57.11,940.5
46.91,110.15,1077.7
32.34,64.58,718.05
5.25,119.28,484.71
31.1,15.07,570.52
25.02,112.05,759.18
26.8,85.2,712.74
17.33,12.46,356.08
0.79,15.99,109.97
10.76,45.03,340.16
14.17,104.98,579.59
7.68,61.98,351.61
36.0,54.59,757.4
1.49,79.3,307.65
23.38,110.26,733.55
10.65,58.03,389.05
41.32,92.32,945.15
18.59,13.28,373.61
35.29,115.98,916.93
22.96,77.73,620.19
23.33,67.66,603.73
47.56,47.15,905.15
12.5,27.04,319.84
7.51,57.09,333.77
49.43,82.06,1033.6
38.11,18.69,665.38
44.76,25.85,797.12
23.21,72.63,623.96
11.96,48.4,374.8
39.71,65.73,839.56
37.79,116.8,966.47
31.2,103.5,815.47
1.21,80.14,308.88
24.91,94.94,689.05
14.69,59.84,451.62
43.71,9.88,722.94
11.54,36.8,336.75
2.98,59.64,273.89
18.91,27.93,416.59
27.47,116.98,812.32
38.96,89.81,921.34
44.64,28.54,801.75
47.08,37.32,874.91
46.38,115.84,1094.98
24.68,68.3,624.99
34.87,116.35,915.87
15.5,16.23,333.49
32.4,25.79,616.46
16.67,70.16,508.92
20.18,13.51,388.62
44.84,42.31,834.67
19.27,95.03,628.72
47.71,96.49,1061.84
20.68,99.47,646.76
15.49,30.74,374.83
7.68,26.22,244.21
42.1,26.11,765.17
45.13,63.23,914.91
15.81,11.89,322.57
12.18,35.55,341.98
43.04,49.51,834.99
43.84,44.12,835.0
30.66,47.22,644.71
33.81,32.25,647.36
23.07,69.14,611.42
34.47,32.45,667.81
12.09,117.12,587.24
33.41,57.03,723.09
8.66,54.39,338.89
20.73,87.79,627.39
16.64,56.06,465.58
38.73,76.92,853.82
15.64,73.4,497.0
16.96,88.46,563.49
15.86,30.47,380.25
19.82,64.34,549.19
9.86,113.84,539.66
17.47,39.53,434.91
19.23,90.89,614.79
44.24,93.18,1000.04
38.12,117.63,985.68
21.84,12.73,413.25
15.07,72.49,493.26
15.83,83.82,537.25
45.06,14.18,778.0
42.09,100.29,970.62
15.6,98.31,572.89
41.67,42.92,795.37
23.7,119.86,767.14
8.36,113.97,514.63
1.33,88.34,333.03
32.38,25.48,608.05
7.18,53.59,321.56
5.0,35.27,233.14
39.73,55.92,810.71
36.37,70.39,816.88
34.33,76.2,786.51
31.09,83.54,774.39
8.53,106.65,496.39
17.44,19.38,363.58
40.87,54.54,837.77
33.59,40.45,671.86
30.54,80.55,740.12
29.12,118.63,846.39
6.34,12.06,181.63
15.89,20.71,357.35
28.96,90.7,776.71
48.58,106.0,1093.0
13.16,25.33,320.81
27.46,68.63,672.77
36.78,7.41,617.94
20.09,107.37,658.96
13.06,32.99,345.86
5.44,98.98,427.47
2.76,94.86,374.11
2.44,40.45,204.05
14.47,36.65,382.73
39.99,117.01,997.59
2.31,92.31,361.19
27.84,95.11,757.2
44.35,95.66,1004.98
24.02,40.43,537.77
30.71,26.4,613.1
32.95,57.51,707.08
22.0,29.17,470.43
43.83,61.12,881.21
49.48,66.38,997.92
14.8,80.63,518.06
15.76,118.65,638.7
30.45,102.11,811.38
37.01,80.33,841.15
10.12,45.96,342.04
17.56,40.54,428.72
10.77,52.04,360.54
11.95,78.11,458.32
34.43,58.77,742.39
30.88,56.78,685.88
16.43,13.89,342.57
1.34,71.94,285.4
44.1,30.02,805.99
13.13,27.08,326.08
19.21,50.14,490.02
20.6,66.45,563.59
47.72,18.02,817.85
2.96,80.31,331.63
4.34,11.67,151.0
21.63,46.0,512.35
49.9,66.18,983.02
10.15,63.91,387.93
22.22,36.14,489.32
25.68,11.71,466.2
8.11,113.98,509.89
34.81,12.11,608.91
37.07,91.25,891.13
4.85,88.58,391.75
7.27,44.04,291.18
48.39,15.23,827.27
24.14,12.18,445.6
9.18,34.77,292.62
37.56,23.86,684.32
48.98,17.69,834.18
5.54,91.38,411.83
10.4,57.91,376.03
13.63,56.93,428.41
26.03,111.76,781.68
13.56,32.64,356.7
2.8,74.89,321.22
19.03,90.96,609.72
0.58,78.18,297.2
37.57,33.63,718.16
15.26,30.66,370.73
10.94,69.26,422.43
15.51,78.44,520.77
31.43,73.65,745.44
21.79,7.14,394.14
27.22,118.77,816.9
5.26,89.23,396.23
6.16,36.46,256.61
38.87,75.76,872.92
29.88,109.92,815.49
8.51,51.0,329.78
35.78,9.89,607.21
8.73,73.17,402.43
38.18,43.2,745.7
46.79,43.74,884.58
49.88,117.54,1140.97
44.81,95.81,1010.49
48.63,74.96,1026.34
19.63,58.9,534.5
31.95,112.29,875.31
43.21,64.67,894.7
17.7,78.55,546.65
19.2,119.32,695.23
2.9,85.12,350.37
28.7,86.37,746.98
21.75,15.51,422.46
33.44,66.1,753.76
3.21,114.57,439.82
49.09,89.74,1059.63
23.88,75.31,635.05
4.15,67.66,312.25
27.86,105.56,777.24
44.48,70.92,937.78
30.52,24.43,585.58
24.7,23.85,489.97
33.61,83.67,801.71
8.79,27.31,260.4
19.87,115.61,689.65
47.6,79.25,1012.81
23.04,58.85,563.93
19.64,65.71,539.13
26.64,92.6,737.29
29.12,115.61,826.24
19.57,108.64,672.64
32.9,14.73,594.17
47.54,17.3,799.61
21.78,75.17,606.44
45.49,57.62,905.49
8.45,26.85,257.72
35.95,10.8,614.31
21.94,91.24,652.39
23.21,23.8,466.19
3.94,72.2,321.34
30.57,12.15,536.64
17.02,69.14,503.79
17.62,52.89,470.67
31.15,63.14,709.69
15.6,88.67,543.43
33.55,97.26,867.9
48.65,77.38,996.89
5.16,66.18,326.45
37.47,52.41,768.32
22.14,38.38,507.54
19.44,45.23,473.34
5.09,80.9,370.21
27.54,54.47,624.72
39.59,107.31,955.0
35.28,11.89,607.77
16.1,27.53,376.93
38.9,79.59,886.1
12.22,56.13,405.93
31.85,78.21,757.26
38.63,55.62,803.65
33.67,57.41,733.0
9.05,12.59,227.54
40.06,23.11,713.25
29.75,66.42,701.38
42.3,88.87,946.63
32.19,9.63,564.78
3.91,87.06,370.06
42.1,48.69,824.46
2.72,87.09,352.69
29.13,31.45,583.32
1.26,84.89,325.29
23.59,66.02,599.51
37.82,94.63,906.07
49.12,113.89,1130.46
41.3,86.15,921.21
13.94,5.65,276.88
7.3,55.51,328.37
40.25,113.73,989.32
49.88,117.27,1132.78
38.04,39.42,734.88
40.42,66.4,849.8
25.65,69.86,649.96
47.18,35.66,872.13
30.47,33.07,610.46
9.88,104.63,507.56
30.95,56.47,688.4
8.35,66.16,371.81
23.61,72.86,621.0
2.82,51.24,247.25
22.25,21.91,447.13
5.46,39.26,248.33
8.41,51.47,334.48
27.99,8.4,488.43
0.98,82.5,317.28
35.76,77.32,821.57
19.66,85.57,589.01
29.39,14.41,541.44
18.85,105.72,656.76
42.23,25.14,757.88
36.33,98.62,898.73
25.5,50.9,584.56
13.22,46.59,388.72
43.04,112.96,1039.27
13.28,116.62,596.93
30.07,5.81,521.46
11.53,116.45,568.46
31.99,84.64,786.1
33.56,104.41,864.78
47.85,19.45,828.07
18.62,80.05,575.39
15.63,32.41,375.95
24.44,115.01,761.15
42.07,113.29,1015.47
40.7,111.14,1005.12
47.38,83.57,1023.08
23.52,80.99,644.97
1.69,33.73,180.07
8.99,92.92,459.09
18.54,99.01,626.95
15.02,96.47,561.04
20.41,81.52,592.63
24.97,9.82,458.33
10.03,53.82,361.63
29.52,105.48,819.48
15.79,85.58,541.82
18.15,117.68,677.96
49.17,30.67,878.41
20.19,55.72,518.73
31.13,108.44,849.87
5.13,9.82,155.73
25.45,11.86,471.32
12.45,86.19,494.17
15.47,10.17,316.39
20.77,75.99,590.74
45.05,95.81,1019.46
25.34,90.79,696.76
24.98,19.72,482.34
26.14,106.07,781.47
44.79,57.16,902.25
26.22,114.29,763.28
32.65,36.91,665.09
32.17,72.3,753.62
9.3,8.86,214.29
3.56,98.72,392.14
17.53,110.07,634.32
46.9,6.18,771.44
20.92,111.58,693.04
15.49,62.27,468.11
9.67,58.65,373.44
18.37,102.06,621.87
35.98,16.55,633.81
13.12,25.46,324.08
9.07,75.89,408.49
49.51,53.51,955.55
5.3,18.87,186.72
28.81,114.14,825.04
22.48,55.12,563.21
18.7,104.35,643.55
1.95,55.57,252.03
14.17,54.16,426.11
24.48,83.99,674.15
17.41,119.94,676.71
42.51,34.9,787.56
22.89,102.84,694.92
39.03,102.89,950.14
14.52,17.54,315.43
34.37,21.44,637.35
40.61,21.05,732.02
39.28,119.92,1003.41
33.28,53.5,714.11
36.66,88.28,875.15
22.71,18.94,449.86
28.17,35.48,578.01
19.45,98.01,635.52
27.36,6.13,469.98
24.14,51.54,565.21
46.63,9.74,785.33
47.98,25.43,849.77
26.8,10.01,476.85
41.98,18.1,733.98
25.91,64.93,633.77
14.75,32.69,369.91
6.85,92.0,432.63
2.52,92.73,371.73
32.27,115.85,866.78
19.39,25.22,419.62
36.28,86.39,849.39
4.31,109.88,442.47
12.04,44.58,362.03
35.85,105.12,888.54
9.54,83.94,439.6
2.7,85.3,346.59
36.75,57.98,778.49
31.68,73.62,760.76
33.46,27.96,633.03
22.58,94.06,659.72
18.69,23.69,398.22
36.72,59.09,772.67
35.58,52.87,748.61
25.64,112.48,775.1
41.66,119.05,1045.32
27.37,34.8,568.15
18.06,107.81,645.14
18.94,49.47,479.55
44.29,103.19,1008.18
24.04,51.95,570.24
18.0,16.82,363.58
33.21,41.71,676.0
21.84,11.02,410.68
1.7,67.24,277.9
43.58,93.84,977.68
33.06,93.12,828.78
28.83,107.67,797.92
43.54,76.92,926.3
0.57,45.61,200.82
16.93,33.03,407.0
40.85,17.22,730.69
5.63,64.75,328.0
29.09,90.39,751.65
28.69,118.06,826.24
11.27,118.38,578.97
4.94,39.55,244.08
3.36,47.73,243.27
35.78,27.68,669.85
6.91,43.76,283.93
11.88,5.97,246.71
48.44,73.1,1004.85
7.65,73.42,390.03
7.01,51.14,313.81
6.39,8.96,176.16
40.01,88.48,917.89
49.81,34.21,903.07
24.65,32.19,511.77
6.8,13.27,192.35
34.83,61.82,764.86
37.15,58.1,783.77
49.23,57.47,961.27
15.8,62.91,473.81
28.16,32.61,579.17
13.69,49.09,404.02
13.78,99.36,558.35
8.92,13.46,225.05
6.41,23.52,217.75
18.18,115.23,668.61
2.39,111.59,417.95
24.8,48.78,562.86
33.54,117.1,918.14
4.86,77.2,357.09
22.97,106.86,726.39
11.79,34.83,328.09
19.12,39.97,457.18
25.37,61.49,610.64
28.94,38.01,598.32
17.07,100.05,619.04
36.52,50.27,737.56
45.83,26.79,819.38
2.9,42.66,222.26
32.05,114.46,875.79
5.07,11.99,162.7
25.38,10.92,463.89
11.45,33.15,320.12
45.29,64.29,921.12
33.71,12.72,594.51
44.42,65.78,908.08
43.95,98.26,996.95
14.89,53.14,441.29
22.54,109.71,715.06
27.11,85.3,708.66
31.72,113.29,868.01
11.13,56.85,392.92
34.82,101.37,877.36
26.58,7.03,472.0
4.07,22.95,179.66
17.18,78.3,539.39
27.02,73.54,663.9
47.66,14.94,807.9
46.98,40.79,868.39
4.01,54.4,273.44
37.21,35.98,703.94
19.74,109.24,677.04
42.86,64.34,879.68
47.73,28.31,845.76
40.5,47.43,810.13
48.1,117.26,1107.6
35.51,91.78,871.32
43.06,60.9,881.98
31.18,66.79,724.95
18.1,28.94,408.95
23.09,28.93,487.61
31.06,103.37,825.98
8.73,108.6,504.71
31.84,114.41,871.59
4.42,71.98,330.8
17.68,77.17,559.06
3.11,91.6,362.66
15.72,100.55,587.9
46.77,105.48,1078.9
46.08,52.06,897.92
14.53,16.3,318.97
28.26,81.77,718.98
6.09,21.5,207.14
18.36,105.91,642.81
6.45,75.96,378.52
0.66,26.84,140.83
11.37,114.25,574.47
42.28,114.12,1051.12
27.16,111.95,785.75
46.46,81.76,1001.16
21.0,83.23,609.01
36.09,99.77,888.55
36.58,31.35,684.43
2.88,51.66,246.1
31.34,106.49,854.39
42.26,58.51,857.31
39.36,60.51,826.38
33.95,88.59,805.61
18.16,70.7,530.96
34.0,52.69,713.84
1.7,44.89,211.33
24.99,59.35,606.33
29.19,30.23,576.87
24.04,43.65,541.63
33.91,78.41,799.59
4.08,17.38,161.16
32.53,91.91,812.73
47.31,113.74,1078.58
15.72,98.15,582.26
24.14,94.09,694.84
38.52,62.2,809.04
6.55,53.89,312.44
47.21,62.59,958.73
7.06,49.88,310.05
35.49,116.78,929.72
5.21,32.87,224.08
19.15,67.17,534.81
39.0,115.7,974.97
16.52,84.12,551.41
33.81,97.31,847.99
2.94,73.83,309.74
13.49,71.7,468.61
35.47,8.81,600.97
7.45,76.66,392.72
15.89,55.7,461.72
23.77,115.8,744.15
17.94,90.13,589.85
27.85,42.85,586.17
23.85,37.12,524.36
14.37,51.92,424.46
2.35,32.26,182.96
10.69,34.61,318.4
40.93,29.04,760.3
28.28,58.0,640.16
45.04,30.27,810.76
30.98,105.12,834.13
23.17,88.29,660.68
35.44,110.78,916.05
29.03,26.4,562.54
5.62,64.04,324.52
3.95,30.69,199.03
28.49,86.15,716.56
2.84,14.27,135.25
2.57,90.8,358.54
11.54,113.01,545.96
39.14,87.01,891.59
30.56,112.54,857.05
19.31,101.41,641.76
13.34,38.27,361.03
11.84,40.11,350.22
34.11,107.28,891.99
27.41,12.93,502.5
5.47,68.76,334.59
23.58,81.65,644.23
19.56,97.29,640.92
49.27,38.95,914.08
32.41,103.38,857.95
21.02,72.91,586.24
3.26,118.36,455.56
34.87,26.4,654.1
2.04,104.44,388.05
28.3,53.4,630.55
32.76,60.64,729.13
10.18,42.88,332.82
22.12,115.64,718.96
32.85,53.21,691.73
47.59,107.86,1111.5
3.37,85.01,356.31
35.51,46.31,735.1
2.15,52.62,237.96
40.95,49.57,802.29
21.12,111.68,705.11
28.54,108.72,814.05
20.41,7.94,374.19
24.09,55.85,574.19
11.27,34.43,325.4
15.54,73.9,494.34
19.03,47.66,476.7
48.63,31.79,879.84
0.78,119.22,423.03
37.94,83.48,880.33
13.04,9.08,267.03
41.88,108.1,1007.02
37.19,25.51,680.76
21.38,53.62,534.93
5.19,69.74,338.71
38.21,95.41,910.16
42.95,41.63,809.5
21.54,97.5,663.94
5.07,84.68,379.48
11.09,112.5,537.82
22.0,84.65,641.51
22.89,19.79,451.87
4.16,65.88,313.13
32.54,36.69,652.06
32.69,53.39,707.95
48.11,36.53,865.87
37.37,10.5,646.61
2.77,98.25,378.92
30.57,85.72,759.66
10.46,26.32,286.15
19.81,97.17,641.94
26.5,32.79,543.37
43.06,12.07,722.59
11.32,107.71,544.59
11.07,74.67,436.12
19.46,16.69,398.8
34.17,78.26,803.59
25.26,64.74,631.97
32.92,72.5,769.01
8.21,29.22,261.64
38.09,68.58,825.58
12.98,17.75,298.47
22.61,42.26,514.75
37.09,75.65,823.68
16.82,62.79,484.98
14.51,56.1,441.92
30.37,80.17,740.32
10.92,42.43,340.43
30.33,119.78,863.39
5.49,99.44,432.16
32.34,108.81,854.84
6.14,41.28,265.45
45.62,94.88,1010.62
36.28,66.3,792.05
7.91,101.32,477.36
14.34,11.17,299.45
30.55,34.92,607.13
36.5,93.97,880.77
39.08,91.61,918.02
13.26,40.68,369.5
15.22,59.5,456.72
5.85,19.52,199.69
41.77,67.83,877.63
24.0,49.19,555.41
39.7,58.48,818.18
39.62,85.97,902.64
22.48,53.75,540.78
27.36,117.94,812.51
22.37,78.84,619.78
25.29,108.87,755.5
22.94,95.27,687.91
5.11,106.49,449.69
49.73,64.57,993.26
5.12,24.15,197.88
40.86,39.14,777.93
48.81,85.8,1038.56
23.61,61.64,581.43
27.02,8.58,480.39
39.65,98.77,959.69
11.91,10.57,256.08
8.26,38.06,287.03
16.73,53.75,456.3
3.02,47.93,241.18
42.85,62.31,879.72
14.16,27.23,345.95
34.88,66.68,784.3
36.43,9.99,630.07
40.23,66.26,859.0
30.82,22.19,565.59
21.16,43.59,494.68
8.41,23.61,246.35
18.97,107.87,655.63
15.92,95.55,567.69
2.98,27.6,175.57
13.97,24.3,333.16
6.67,96.68,450.26
16.9,68.67,509.13
13.25,40.42,366.48
31.05,103.01,828.21
6.46,108.21,470.46
30.72,69.33,714.26
5.27,96.88,420.26
46.83,25.25,835.98
39.71,11.87,683.6
18.83,26.9,416.27
40.92,74.37,879.65
41.41,43.98,786.76
4.94,109.8,446.32
10.62,108.2,527.62
11.27,78.22,452.24
33.07,47.83,697.78
34.93,34.24,674.15
41.21,28.68,745.56
43.35,62.24,899.7
17.4,44.94,440.55
36.81,40.63,728.1
40.37,62.22,837.62
26.57,85.05,684.99
49.75,21.98,864.75
29.84,106.87,824.15
17.15,36.28,417.58
42.64,50.32,834.12
37.91,68.13,826.79
13.8,61.87,445.47
11.4,91.59,506.37
15.52,36.84,401.2
46.48,21.26,808.33
20.13,12.7,388.81
35.49,42.05,719.61
42.29,66.51,897.87
30.21,7.67,526.61
48.63,39.3,896.5
27.34,93.12,727.21
19.97,55.6,504.33
45.77,102.89,1053.27
23.02,5.02,407.82
9.4,97.33,480.79
29.19,114.95,832.0
48.88,100.04,1066.28
36.57,26.73,674.11
26.76,75.05,684.7
30.66,88.55,771.41
23.14,81.36,642.46
15.15,41.0,399.38
49.35,37.81,894.61
26.81,90.47,730.59
2.43,21.75,151.25
16.47,44.73,427.32
41.25,94.54,955.68
25.25,29.46,511.82
9.91,77.07,431.59
49.57,107.47,1126.76
49.92,67.95,1026.1
21.3,109.6,696.09
31.89,16.02,575.2
18.97,53.71,496.77
11.44,48.21,366.31
7.05,74.88,379.86
12.67,76.4,477.53
27.19,24.69,524.6
49.14,102.67,1073.19
36.85,107.21,928.55
3.2,57.45,271.06
37.47,72.08,824.14
16.23,35.05,394.53
17.49,64.21,507.2
41.84,106.61,1003.85
21.1,44.79,501.27
19.22,114.11,679.65
21.27,98.91,659.24
29.98,119.77,849.87
26.12,112.68,784.78
22.08,49.45,532.8
10.0,115.85,541.96
49.44,12.65,822.78
42.26,45.88,831.39
4.98,45.73,261.12
47.63,85.39,1028.85
3.5,28.37,189.11
24.82,47.34,572.13
1.23,80.96,309.97
0.51,12.25,95.48
7.68,68.78,370.4
34.09,31.4,661.33
25.86,23.09,507.3
31.58,73.1,740.65
18.9,107.42,644.88
30.8,105.76,821.95
23.43,99.53,700.45
10.11,15.49,245.55
15.66,20.55,341.04
12.92,83.46,501.86
27.05,68.14,651.34
12.8,64.98,436.7
28.84,25.93,558.22
13.2,30.25,338.06
48.96,45.7,916.2
23.3,80.11,642.65
42.95,96.3,984.58
47.61,31.54,866.34
31.39,117.4,875.38
5.47,55.52,298.43
37.11,8.5,633.68
34.89,112.48,908.67
1.88,107.58,400.71
36.26,17.27,644.28
15.43,94.7,566.57
26.51,115.01,808.7
25.73,113.44,774.59
20.23,31.43,451.68
25.15,45.74,562.03
27.44,20.32,530.67
41.42,111.57,1013.75
20.9,90.16,633.07
10.96,38.0,324.97
32.57,46.23,663.07
8.86,13.51,226.49
12.19,11.64,271.11
17.32,49.52,460.65
40.9,30.6,755.32
32.49,73.96,751.31
35.84,11.53,612.8
38.08,105.36,933.4
14.43,15.95,312.89
16.46,66.89,496.18
48.7,50.93,927.97
9.07,27.15,266.22
38.23,12.02,659.55
27.44,46.12,600.73
34.67,59.22,738.8
46.32,38.46,852.72
22.1,45.29,520.43
20.63,94.93,638.13
35.59,27.09,675.81
31.84,74.0,752.72
37.11,11.53,635.33
28.81,32.87,586.21
42.02,60.26,871.17
44.82,89.19,995.51
7.86,103.27,484.6
46.11,33.62,855.68
12.36,64.02,426.02
31.88,57.04,710.51
30.71,99.56,813.87
39.48,56.42,804.02
16.5,6.56,315.23
18.19,43.64,458.59
25.19,85.79,681.53
33.32,87.88,824.53
15.2,16.11,327.35
32.58,11.77,578.0
40.98,70.1,881.6
2.38,93.69,361.24
6.03,52.23,298.83
0.8,51.35,218.04
2.58,82.45,336.28
11.61,45.85,362.46
48.84,30.77,856.97
38.53,104.75,954.14
17.37,80.95,543.8
13.96,66.94,461.99
8.12,98.24,462.75
24.05,50.96,561.75
36.23,114.6,930.65
46.81,50.1,907.48
23.97,53.48,573.16
16.95,71.54,517.27
12.38,96.7,521.93
34.24,85.95,829.59
28.34,74.07,691.76
33.68,59.02,733.3
22.2,103.9,700.8
6.36,74.21,363.5
49.23,38.56,888.86
33.84,102.16,870.86
8.98,57.04,351.69
43.11,53.49,848.81
17.28,74.4,528.71
26.25,52.07,595.64
15.1,11.2,314.27
42.64,32.08,786.53
30.18,103.43,818.59
45.2,28.94,813.63
13.32,25.75,331.56
19.83,77.65,592.05
47.39,24.58,822.74
21.83,62.88,559.35
38.01,50.09,777.99
42.56,31.77,779.72
16.08,99.89,589.49
22.69,26.51,467.22
9.41,53.86,355.01
48.97,13.51,829.07
11.23,92.01,484.67
10.68,37.25,323.45
21.75,25.37,459.5
33.74,29.53,641.43
17.28,64.01,504.55
23.91,55.96,588.8
25.16,54.95,598.12
31.83,88.1,792.59
30.08,78.95,735.08
49.98,8.87,826.86
20.06,17.09,402.42
21.58,97.13,664.53
14.0,34.49,365.85
40.84,57.01,821.93
19.27,116.96,689.68
20.72,16.28,405.42
13.78,8.27,282.27
40.84,64.98,865.67
30.18,85.6,768.8
47.94,117.79,1111.35
32.09,27.26,604.91
46.73,17.02,799.68
36.61,76.91,827.77
7.92,74.52,389.81
24.12,5.49,428.15
13.28,30.58,341.24
8.36,119.9,531.1
43.63,78.82,925.67
18.75,108.31,650.86
32.37,111.08,875.26
25.07,89.37,692.38
29.96,36.69,607.03
47.9,51.62,940.37
26.45,48.95,591.28
4.29,73.59,336.45
19.38,19.69,402.91
40.91,113.3,1018.37
20.83,62.76,546.76
41.91,14.59,711.71
17.32,79.11,547.99
1.85,73.29,300.46
7.51,89.62,426.26
32.46,116.69,884.74
1.85,80.37,320.38
30.34,8.15,530.73
45.64,109.25,1051.84
8.0,49.23,317.56
37.78,95.85,898.89
25.2,16.03,479.13
11.87,41.77,352.74
37.47,89.36,878.3
25.97,58.75,620.52
46.42,93.47,1025.1
39.7,54.79,811.02
1.66,11.91,109.46
43.47,89.44,984.68
1.57,83.99,324.45
31.42,105.36,826.43
23.08,97.98,687.25
25.3,85.56,695.7
2.04,107.44,399.89
49.07,25.63,869.93
45.75,42.31,860.94
36.96,22.92,683.69
13.84,16.48,305.77
34.88,99.33,877.62
45.12,17.22,777.62
36.98,88.82,872.38
0.92,30.37,150.74
45.97,46.37,876.27
46.88,57.83,916.69
15.23,76.71,509.9
36.45,9.51,641.0
4.4,62.58,307.36
35.84,11.12,623.7
41.74,30.08,777.84
41.75,15.87,714.5
43.86,86.07,962.11
1.76,6.1,93.99
31.7,81.34,766.13
47.13,114.48,1102.68
25.21,74.38,636.72
48.05,106.8,1087.74
41.74,99.8,970.4
14.13,89.02,527.36
10.47,107.19,539.35
34.05,24.43,640.58
44.4,30.63,814.96
49.44,22.64,873.89
21.24,59.63,553.35
44.6,79.21,946.21
0.86,19.37,121.0
47.83,92.87,1043.3
39.21,48.81,785.4
5.24,70.33,342.71
33.08,86.08,794.27
49.63,49.47,955.96
29.13,9.28,513.98
42.23,10.92,715.61
13.02,19.55,301.97
33.11,31.0,639.32
15.87,41.64,411.7
22.54,81.93,637.76
26.13,59.35,621.01
11.06,91.87,491.37
21.36,80.7,605.46
45.92,113.86,1074.73
40.68,64.6,847.77
22.93,86.72,656.58
29.41,58.59,667.47
27.37,97.98,766.43
48.59,76.12,1019.42
19.32,84.5,603.23
25.2,94.66,710.38
22.82,118.08,742.57
21.79,67.3,577.19
17.78,32.86,410.8
31.75,94.59,822.25
38.17,48.16,754.85
43.6,106.06,1044.07
17.52,15.55,357.91
28.43,80.53,710.33
16.9,81.76,549.77
8.35,71.66,392.26
27.32,105.13,767.79
30.13,65.31,684.93
36.09,9.64,613.97
16.1,81.09,535.68
8.29,40.52,298.82
5.01,71.39,343.82
7.79,34.01,266.25
49.69,24.02,866.52
39.17,100.43,938.76
43.77,115.12,1052.51
9.06,60.14,366.91
29.28,28.47,571.26
40.0,9.29,673.72
12.94,88.02,509.32
14.38,63.78,464.04
39.07,50.15,775.81
8.51,54.88,344.73
11.91,25.12,306.11
46.07,10.06,767.87
24.29,39.32,531.21
21.15,81.47,608.09
39.24,79.03,865.33
16.65,81.39,546.64
12.36,5.03,254.08
40.24,99.6,947.91
29.47,99.42,792.05
19.79,27.77,435.36
2.92,73.65,315.77
32.34,74.27,767.48
6.95,32.02,253.92
31.14,7.03,545.89
12.34,73.79,461.79
26.94,34.98,563.96
21.62,77.43,606.11
2.25,13.95,124.08
37.49,24.55,681.44
12.7,54.56,407.78
17.22,50.19,450.79
43.21,106.72,1020.42
28.7,79.32,719.8
28.08,95.34,749.82
40.57,92.47,937.16
41.1,26.9,740.23
25.65,20.4,490.78
19.58,25.95,425.36
42.81,7.63,707.68
28.51,9.15,506.35
36.91,98.61,894.99
23.97,103.88,717.49
7.16,96.72,444.5
11.82,22.88,293.92
2.72,17.27,142.89
0.51,85.15,308.68
12.03,98.26,526.82
25.34,85.33,675.38
48.53,70.05,985.32
6.98,51.7,306.41
46.71,106.31,1062.59
10.36,45.5,339.39
29.78,85.48,758.11
32.87,86.24,808.45
1.58,38.14,187.48
2.91,79.89,332.59
35.88,104.13,901.2
33.23,8.51,576.47
19.23,42.79,469.94
24.25,104.72,724.82
43.3,8.02,721.65
45.59,40.16,844.86
45.16,91.23,1001.34
46.25,83.57,988.76
24.6,74.83,637.43
46.36,49.15,907.1
15.03,43.41,403.47
1.84,116.71,434.54
5.77,61.22,316.89
22.41,29.84,471.21
27.04,82.16,697.22
36.39,91.74,870.19
38.81,109.06,955.11
30.31,11.02,533.91
37.55,12.3,649.04
9.69,52.95,345.87
23.44,87.02,656.44
18.78,67.99,530.27
30.88,61.41,687.98
36.29,69.46,800.69
24.81,82.05,677.42
11.45,49.38,368.75
22.13,73.87,604.05
48.39,105.86,1094.08
3.29,32.69,193.84
38.86,19.18,693.98
43.3,91.2,978.83
6.47,64.4,333.95
41.79,58.38,847.33
3.48,36.62,212.88
32.55,69.44,744.55
25.58,79.76,675.25
46.95,117.34,1123.74
49.77,81.98,1040.93
43.05,109.56,1031.39
45.25,100.55,1018.7
17.03,93.24,583.35
12.03,60.0,418.68
46.82,81.07,1008.08
39.42,71.92,852.61
10.89,111.53,551.95
34.83,82.23,800.63
28.01,18.87,523.6
23.01,57.37,579.57
47.89,80.0,1014.58
44.24,68.97,914.69
7.1,71.66,372.17
20.09,96.86,648.46
48.63,21.98,846.36
20.04,81.47,588.56
40.78,117.74,1005.73
38.8,65.22,840.85
23.41,62.83,576.02
10.57,108.93,539.6
47.52,37.71,885.72
4.52,100.01,418.14
14.24,110.23,589.63
22.84,108.32,711.38
47.38,28.15,832.17
29.14,49.68,633.23
22.14,85.38,640.4
20.65,11.73,395.06
1.06,75.46,297.8
46.03,17.77,806.19
4.0,7.6,133.62
23.48,95.99,692.23
33.0,43.2,672.57
26.03,116.04,788.55
31.41,20.87,574.97
2.65,6.55,108.82
40.29,119.69,1011.21
3.53,54.76,264.64
47.02,50.52,892.24
25.07,33.24,527.25
49.97,20.92,853.78
21.49,94.75,655.94
8.42,109.34,503.51
9.43,9.65,216.5
20.58,18.69,418.95
37.54,74.18,826.62
29.88,94.54,778.33
15.96,7.97,315.41
49.46,6.54,802.99
15.65,12.13,318.38
46.08,14.26,770.85
38.97,50.49,786.49
2.44,113.81,433.91
4.6,73.73,344.54
49.32,88.3,1056.94
14.28,85.45,525.96
42.79,15.05,744.88
5.87,78.67,373.89
48.05,112.88,1116.17
45.19,109.63,1059.22
15.95,96.24,581.44
24.67,21.34,482.47
35.09,38.42,697.04
25.25,98.87,725.8
45.84,113.75,1070.57
11.99,21.56,298.78
28.23,26.62,552.91
24.61,110.95,763.05
17.15,26.68,390.3
13.15,66.32,447.71
35.54,89.46,836.48
8.65,91.3,454.42
19.49,21.8,405.66
2.7,23.33,161.61
31.15,88.45,782.94
14.49,72.73,484.16
2.15,29.91,170.15
4.21,49.59,260.93
41.67,80.5,926.28
25.72,32.24,537.67
22.33,32.64,490.14
21.82,105.37,687.1
1.43,113.44,405.39
16.8,51.48,456.71
28.53,25.27,558.72
25.18,110.59,747.24
2.04,43.67,212.43
28.84,9.9,514.91
39.28,8.32,680.04
39.15,64.9,834.93
8.43,67.25,377.82
16.39,65.66,488.58
33.23,77.97,783.22
38.59,15.43,681.79
7.27,82.92,402.39
3.42,43.52,232.87
32.42,105.1,856.29
35.61,64.73,766.48
45.17,39.01,858.9
0.96,27.63,146.81
41.38,79.93,904.09
8.86,95.71,487.0
18.42,104.43,647.26
16.26,15.83,345.08
33.05,26.62,619.41
6.03,81.0,379.27
42.22,117.49,1050.66
10.68,71.36,418.79
37.73,98.22,907.32
6.0,9.71,171.04
39.77,67.8,837.28
29.25,96.98,798.0
26.05,106.25,764.13
12.16,35.36,339.09
20.88,45.01,497.18
49.08,111.58,1117.37
1.13,50.0,218.53
25.71,17.45,494.44
19.19,45.55,475.24
17.27,111.16,642.05
13.6,107.79,573.83
5.25,52.32,288.34
11.17,79.16,454.02
7.15,114.71,510.07
21.97,44.36,519.18
11.03,74.46,438.25
44.22,22.11,782.96
46.84,45.31,882.37
36.05,87.76,834.86
24.24,65.16,613.65
28.14,86.64,717.61
35.99,32.05,682.21
36.62,65.62,798.55
22.14,84.43,642.11
19.36,34.76,446.26
26.18,76.57,679.13
26.41,9.12,472.51
11.54,56.82,389.61
48.82,41.63,913.61
26.86,7.18,475.55
10.18,112.32,541.35
16.13,84.6,548.86
45.92,104.39,1059.91
49.73,26.0,882.57
36.79,66.48,789.97
4.16,101.78,417.33
11.63,7.22,247.3
12.25,85.49,499.21
14.18,70.54,476.69
35.9,101.34,907.02
15.44,29.5,368.95
9.77,46.27,339.69
4.14,38.05,229.25
28.69,41.63,615.25
0.96,36.79,173.66
7.55,19.68,222.03
26.59,89.39,720.13
2.85,32.72,191.28
18.96,48.11,479.59
37.97,38.93,733.87
19.67,11.0,376.05
24.19,90.1,677.78
22.29,86.52,644.07
3.38,11.88,134.73
46.77,71.85,962.25
14.72,86.05,523.92
12.24,78.92,468.84
3.07,36.36,203.88
34.3,99.97,859.29
35.94,79.26,824.35
18.94,53.08,487.48
10.72,22.19,279.55
19.9,9.99,378.53
35.46,38.48,691.86
36.33,99.16,882.26
29.61,42.09,615.82
46.7,78.39,981.98
1.84,81.17,322.54
41.04,24.7,739.33
36.15,60.84,779.31
27.6,8.49,484.95
32.51,78.02,768.65
29.5,20.96,550.19
42.71,8.16,731.61
20.49,38.2,474.49
40.56,12.85,692.6
41.14,23.74,732.25
39.12,82.63,889.33
22.5,19.77,438.08
45.41,70.51,943.09
4.45,28.84,203.37
7.69,100.54,467.38
5.66,20.6,198.91
40.77,111.86,996.29
41.48,61.52,856.5
32.27,52.32,682.88
38.64,84.99,878.78
18.36,41.93,452.44
22.02,100.16,696.74
25.44,49.22,581.36
29.02,15.63,530.15
32.62,53.88,711.57
3.3,69.43,309.81
37.89,62.13,811.73
10.31,16.3,254.07
34.69,99.63,872.68
41.74,85.58,941.99
4.83,92.64,398.18
20.04,41.18,470.98
16.42,24.46,375.46
43.18,99.35,994.18
21.11,89.0,632.24
33.96,79.61,797.38
40.18,75.85,881.81
31.55,97.88,815.48
38.82,39.25,748.49
23.25,109.28,724.19
43.66,87.64,960.24
40.15,110.18,986.57
18.03,86.17,581.56
1.56,22.34,139.26
35.64,86.86,842.19
33.91,93.99,859.19
48.34,107.19,1103.81
28.92,18.87,545.73
8.7,99.33,480.71
22.22,7.99,412.29
16.7,53.37,464.2
5.88,64.67,332.12
18.71,118.86,685.96
49.98,64.12,1002.94
8.77,68.93,390.77
46.9,95.41,1026.68
14.02,39.14,377.06
5.08,62.44,312.41
35.56,91.39,856.08
14.76,16.99,320.83
18.44,39.42,448.69
23.01,90.87,669.78
7.73,107.92,487.94
5.77,40.61,257.33
27.84,118.62,819.26
29.0,76.68,723.99
41.22,89.69,954.77
37.42,20.31,677.34
10.42,84.19,457.56
49.0,29.85,884.17
21.13,48.53,511.64
23.8,26.53,488.31
26.3,103.6,762.39
45.61,13.39,769.74
37.94,34.36,724.85
35.43,50.4,723.96
2.44,109.5,411.26
25.09,8.2,455.16
17.29,65.09,497.24
38.95,39.37,753.01
29.23,36.23,588.92
31.83,53.94,686.84
1.3,8.24,92.96
29.46,51.94,646.93
32.89,114.53,900.02
37.78,111.01,951.13
11.09,100.14,515.66
16.03,114.48,639.03
31.57,48.78,665.46
9.23,67.56,394.99
28.53,99.96,788.22
15.91,71.17,501.24
10.82,49.33,358.94
40.61,37.53,775.38
2.21,17.64,134.9
32.88,85.41,806.51
17.58,59.62,495.43
16.34,26.08,372.87
18.6,81.99,577.66
44.15,38.16,828.53
23.03,90.94,666.64
22.5,108.44,717.25
18.24,60.26,500.46
17.97,109.96,642.03
49.95,94.01,1078.22
35.03,49.78,724.72
31.83,74.77,756.9
1.65,86.9,335.35
20.79,87.09,617.69
8.77,88.77,445.17
12.36,59.59,416.16
36.17,43.07,710.81
30.35,99.86,807.05
16.5,19.1,352.92
27.51,31.02,555.98
29.65,88.94,754.46
13.33,101.8,555.34
38.15,65.36,823.46
3.94,42.5,238.1
14.58,80.12,502.62
10.91,95.31,501.96
3.84,28.99,196.34
43.04,19.03,753.84
14.07,30.54,348.44
29.0,47.85,629.24
19.66,89.47,606.35
5.59,76.37,355.63
12.0,8.5,252.01
42.46,42.54,817.34
28.47,50.67,629.94
13.78,112.42,600.69
21.59,102.18,688.88
35.83,37.57,690.6
0.83,97.88,363.02
6.58,63.64,335.44
24.13,119.66,761.08
20.71,25.97,432.56
5.72,10.77,169.1
1.63,54.58,235.12
39.31,19.87,697.16
45.81,72.57,950.23
14.57,88.77,524.91
24.54,20.22,480.21
12.24,20.85,294.58
25.22,97.32,713.29
41.78,22.0,735.59
31.03,114.83,852.7
47.49,118.38,1112.75
12.13,82.02,475.78
9.79,6.29,217.01
20.89,108.44,685.84
39.14,75.36,851.77
25.94,73.07,657.98
49.61,15.17,831.94
26.2,39.0,573.16
29.08,103.0,805.31
19.79,64.38,544.11
13.65,6.24,271.89
8.16,118.35,523.75
6.38,40.69,266.9
2.36,63.82,277.14
7.47,54.43,320.5
30.1,12.13,529.26
12.4,74.52,455.78
29.63,77.53,723.44
10.88,67.16,411.42
23.32,42.98,528.03
48.76,18.4,837.39
38.77,47.35,762.03
49.66,118.34,1136.83
9.9,77.44,425.65
8.81,118.76,539.09
22.91,19.47,448.9
25.79,43.59,562.73
23.02,24.15,465.35
44.54,27.86,800.02
37.97,45.2,741.2
34.97,102.12,878.91
14.67,32.86,364.92
32.17,15.86,583.61
31.2,64.04,712.34
22.6,29.97,475.03
17.99,61.59,501.02
41.23,42.09,797.08
30.04,36.87,616.8
27.83,32.71,570.99
13.06,49.03,391.36
34.38,100.55,859.5
16.96,31.86,398.46
34.9,95.16,858.36
1.39,73.43,285.98
37.61,54.24,786.91
34.0,64.47,757.98
36.98,117.0,942.01
19.32,12.41,373.74
41.86,106.24,992.86
25.31,26.46,510.24
25.57,84.9,681.34
15.61,51.27,438.22
21.45,110.77,702.23
32.27,50.85,689.59
1.31,42.59,196.92
47.2,80.21,984.36
41.75,28.48,762.89
12.79,27.06,328.4
47.74,31.52,871.25
0.79,73.87,274.12
3.56,57.26,278.36
14.73,36.57,378.07
17.98,40.51,436.26
48.95,112.26,1124.66
49.56,45.93,931.66
22.54,115.29,724.38
34.62,28.66,658.52
17.3,31.17,401.55
4.78,15.0,167.82
28.02,119.19,843.48
15.07,39.79,388.16
21.51,41.13,499.45
41.78,17.83,725.87
48.7,84.74,1031.27
15.21,22.25,338.96
14.91,71.71,486.56
17.72,58.82,497.61
32.41,91.44,817.52
19.77,87.39,598.11
8.65,34.55,286.08
28.88,116.02,829.77
5.61,57.92,313.49
40.69,101.77,951.53
33.67,78.78,790.3
41.72,110.97,1014.06
24.83,88.85,681.65
29.53,27.59,573.51
23.15,105.38,701.83
21.19,51.66,528.17
4.79,5.41,137.83
21.59,116.77,725.98
41.42,17.41,736.26
35.07,92.5,854.11
23.14,25.23,482.83
30.63,13.11,546.01
3.72,116.0,451.67
38.5,52.11,777.61
9.48,58.73,362.82
45.99,37.74,871.9
33.24,17.91,611.12
11.63,72.82,440.02
8.1,16.81,226.42
6.11,110.54,474.54
11.68,18.8,280.16
4.99,96.75,413.2
25.03,49.68,573.69
8.77,36.51,292.5
12.33,62.36,422.64
33.63,94.39,822.03
35.65,28.64,671.42
10.35,14.77,247.04
26.59,42.58,572.01
48.95,92.23,1072.56
3.36,63.52,296.19
25.14,60.6,612.41
18.71,36.22,438.67
3.64,24.24,177.95
42.94,72.46,917.28
41.25,68.32,878.73
9.27,22.05,250.34
28.12,62.32,665.72
30.31,8.69,533.62
27.56,117.91,808.13
41.85,52.51,827.73
19.63,89.4,614.33
31.32,60.71,705.26
14.02,99.36,555.55
30.77,47.86,647.9
32.53,58.62,731.31
32.39,40.35,660.18
16.83,100.53,609.1
24.62,25.08,495.64
43.32,97.86,988.69
32.95,21.26,606.41
42.82,115.6,1031.83
12.45,92.64,512.32
27.37,97.68,754.13
14.17,108.2,586.69
8.42,101.26,479.85
21.16,96.65,646.13
40.44,53.7,840.13
40.2,16.58,712.61
45.01,30.8,825.28
30.41,54.82,664.9
7.14,101.25,459.68
37.61,48.97,768.29
42.02,47.87,826.56
37.39,54.16,774.19
38.36,14.04,675.73
29.71,68.28,711.42
45.95,95.35,1034.29
11.37,99.98,522.03
44.2,16.63,755.92
42.56,96.84,959.72
20.57,116.4,708.02
10.48,71.65,418.87
49.3,62.59,987.38
26.07,9.18,457.8
21.07,78.98,608.09
33.27,22.74,626.37
22.44,24.07,458.8
16.0,29.42,377.11
27.28,13.37,494.67
30.39,119.2,865.31
9.33,100.89,485.61
38.97,91.91,905.32
36.58,45.86,740.8
33.51,19.03,608.6
14.89,97.8,560.99
23.95,60.72,586.23
17.98,92.05,604.05
39.11,6.66,654.17
17.9,38.52,432.04
33.59,100.24,856.9
18.71,63.16,513.19
31.23,107.76,830.41
8.56,18.47,237.59
28.17,39.55,594.48
12.59,61.82,419.05
24.39,57.16,583.71
45.26,96.0,1023.45
16.99,25.77,378.61
28.07,10.33,495.89
45.76,16.35,780.95
13.21,101.33,550.35
30.95,31.14,609.29
37.81,102.48,927.63
31.17,62.67,696.49
28.09,107.29,788.57
29.9,110.75,842.16
32.61,82.1,777.54
32.43,30.49,627.65
21.54,46.4,509.19
39.21,90.72,908.39
28.43,107.62,805.84
49.7,116.47,1136.64
1.65,99.9,376.1
42.13,90.83,962.7
16.15,56.82,456.41
19.43,110.07,674.55
18.37,81.25,560.9
28.45,111.26,808.99
38.43,47.41,766.6
8.71,62.88,367.87
14.94,98.08,569.07
26.25,9.07,475.07
10.37,100.15,499.07
33.99,59.21,736.03
12.14,81.06,478.87
28.88,43.55,607.2
14.91,86.68,524.81
32.74,55.69,696.42
14.53,14.86,308.6
13.78,41.94,388.3
20.09,113.65,694.12
41.45,118.25,1029.47
30.12,19.9,566.74
36.26,74.02,831.85
22.48,65.24,583.33
20.22,87.5,614.32
44.45,27.65,803.23
22.26,91.18,650.29
34.09,68.13,779.63
14.15,79.33,503.47
0.65,68.11,261.48
20.35,39.86,485.3
48.28,100.8,1079.17
36.0,60.08,767.19
18.28,102.56,631.3
19.51,58.08,512.05
3.56,75.59,327.05
22.68,74.69,622.87
37.68,93.72,898.33
25.21,45.7,563.77
30.89,5.94,525.15
36.11,69.25,778.03
26.21,23.61,511.23
5.88,38.31,254.88
24.27,70.72,636.46
28.18,40.31,603.19
23.47,92.0,683.57
29.43,11.19,523.28
7.33,15.12,206.67
36.16,85.96,854.62
17.77,69.53,526.43
31.17,117.64,872.32
7.86,92.86,446.09
31.83,98.94,825.51
30.35,109.2,827.04
23.65,12.83,446.03
49.9,52.4,960.97
1.46,31.99,168.69
5.63,18.98,191.57
35.24,81.73,829.86
6.87,111.46,484.57
10.45,14.36,247.19
26.58,83.99,696.86
24.8,80.97,663.19
48.72,99.23,1077.69
4.13,56.66,278.69
29.11,66.37,689.2
10.81,21.24,273.74
12.58,89.86,514.0
36.94,36.79,717.21
17.62,54.16,480.4
36.47,29.33,699.5
27.21,74.96,680.1
27.54,27.91,551.55
39.11,80.2,855.97
21.62,117.06,724.23
17.39,31.29,403.78
31.46,9.55,547.48
34.33,105.72,874.44
40.03,25.94,724.97
15.87,97.69,581.49
23.1,22.24,456.9
19.96,61.1,531.22
17.8,112.75,662.99
38.16,81.03,867.36
25.1,5.25,435.29
6.33,56.13,317.22
36.91,115.59,957.45
42.64,43.41,801.96
7.54,37.42,274.21
42.43,112.84,1004.37
21.58,112.17,708.28
47.49,63.61,950.62
9.7,61.12,381.04
43.27,70.5,915.09
43.41,63.65,904.65
21.56,13.46,416.19
17.83,76.75,545.55
15.01,8.69,300.19
37.3,34.75,716.44
42.22,7.29,700.16
12.06,113.7,575.46
14.07,30.08,350.73
11.1,14.8,262.04
41.4,28.96,765.0
19.7,78.7,583.67
42.03,59.5,866.08
36.01,117.7,963.99
43.95,52.11,868.55
21.23,65.63,565.32
14.91,111.71,606.38
4.84,57.82,298.23
14.4,47.2,414.35
4.96,95.4,415.41
18.2,58.4,492.08
27.97,97.21,757.65
6.94,13.71,192.65
30.43,26.75,580.2
3.14,18.78,153.6
23.83,81.87,646.78
31.86,51.56,685.19
23.5,97.16,687.75
43.74,29.4,790.92
15.05,86.26,539.93
9.6,45.51,332.57
6.73,67.22,356.22
0.52,11.86,92.33
21.91,115.19,720.16
15.64,82.71,532.18
7.19,39.5,276.24
10.84,15.49,257.3
20.86,45.39,507.24
6.07,95.98,430.05
1.8,55.96,246.17
28.91,23.26,553.99
26.12,50.52,585.0
25.29,22.25,495.62
37.33,73.3,817.06
2.76,77.71,327.7
18.99,109.38,667.75
43.5,16.6,744.84
12.32,7.77,256.48
24.91,95.6,717.15
25.0,54.36,588.27
6.67,92.93,427.84
13.26,82.53,502.63
13.71,35.72,368.43
43.22,6.47,720.66
40.94,46.21,793.2
32.85,69.07,751.24
40.79,119.13,1013.01
1.97,80.91,321.84
30.91,19.08,570.75
19.24,35.06,443.25
18.28,68.56,517.91
12.31,78.07,466.96
25.64,79.6,676.9
28.45,47.05,616.47
18.81,66.25,531.27
1.52,63.38,266.15
6.11,118.91,502.0
30.51,46.77,650.87
44.14,64.87,892.68
33.24,46.14,676.63
35.43,46.31,714.68
9.94,47.48,343.06
17.06,109.28,637.93
4.2,10.72,145.53
30.24,79.47,737.19
34.57,92.04,849.06
29.21,113.52,818.4
12.0,11.75,268.6
14.52,70.65,483.62
3.45,115.41,447.58
5.31,90.63,399.3
44.99,34.93,826.05
19.63,38.69,461.08
11.82,79.14,470.51
46.8,113.37,1102.75
27.81,61.97,661.18
27.14,112.28,786.4
12.31,40.68,360.24
5.4,57.4,301.39
21.67,13.41,416.89
3.72,63.63,289.01
47.98,117.58,1138.18
14.63,119.67,646.95
14.07,57.08,432.8
28.27,70.8,685.04
14.68,98.71,570.17
12.11,67.23,434.49
27.13,105.53,772.76
9.53,7.48,214.1
7.78,117.29,514.45
29.3,41.63,616.34
19.47,55.62,518.18
38.53,42.86,750.04
46.26,112.92,1102.74
14.26,34.83,362.74
34.08,74.2,775.33
34.34,17.96,627.74
23.68,24.43,477.96
7.96,77.85,401.68
33.87,22.1,632.73
42.01,88.37,945.04
12.74,87.82,500.64
27.58,83.07,707.99
3.13,11.9,133.26
30.42,54.32,671.71
42.34,88.81,934.73
10.3,53.15,366.79
14.7,44.01,397.37
40.41,21.74,721.81
24.31,90.79,671.6
24.01,102.6,716.21
49.53,77.58,1041.38
25.88,37.91,554.43
42.69,73.64,927.85
42.87,89.17,969.28
10.95,58.68,390.45
46.94,98.54,1053.55
33.47,45.18,694.5
21.91,96.86,660.05
38.14,40.9,744.42
16.5,52.49,463.61
44.82,46.34,853.33
11.12,67.63,414.11
7.8,99.01,466.32
6.69,117.52,495.95
23.0,99.55,698.95
41.45,16.55,728.32
34.09,35.57,658.54
6.55,16.28,194.39
19.55,119.09,714.28
23.82,81.17,658.05
47.85,72.7,985.73
49.64,49.55,936.21
29.9,17.26,544.41
19.67,116.15,685.91
4.68,99.16,421.59
49.59,45.1,925.2
6.9,21.6,217.03
13.39,28.51,337.8
18.11,13.55,368.72
32.28,91.16,796.56
26.27,63.69,644.21
17.66,42.99,447.98
13.85,68.12,464.95
20.6,101.22,648.51
4.12,70.8,318.04
21.34,97.02,669.32
14.39,105.21,583.16
38.76,75.49,864.38
26.5,116.17,789.95
14.73,75.68,495.61
9.67,109.51,529.37
12.84,41.01,364.6
3.43,34.64,206.75
19.75,78.57,581.87
21.67,10.38,403.14
44.24,91.6,988.46
19.24,78.63,576.43
41.23,99.5,960.69
14.57,35.33,376.46
46.07,46.36,880.34
39.1,110.95,976.44
13.76,44.48,387.78
10.34,63.31,395.42
6.61,33.95,254.05
28.36,72.07,686.32
37.81,109.58,947.2
25.77,87.67,701.22
33.88,87.96,827.74
13.39,72.01,464.6
44.91,76.34,960.48
21.45,76.67,608.61
24.37,108.64,739.02
25.74,80.94,674.57
42.02,73.59,904.85
46.94,104.59,1072.65
8.84,19.88,248.24
28.42,10.63,509.36
39.38,6.84,663.08
2.86,68.23,294.97
33.88,79.37,793.32
5.52,58.75,308.8
33.88,98.87,872.69
34.45,75.85,785.14
40.98,29.58,750.49
46.48,7.63,771.32
38.85,50.83,791.18
49.59,31.17,886.74
33.91,84.06,816.46
43.79,81.47,967.83
37.67,26.38,697.76
5.93,13.61,179.71
30.97,115.17,839.87
16.87,92.5,571.81
30.96,116.23,864.55
6.65,63.34,339.3
31.22,101.72,820.59
36.65,58.23,772.36
37.82,59.51,800.27
44.98,96.7,1013.38
33.57,89.92,824.93
37.25,62.96,804.59
42.12,17.04,729.71
47.52,25.98,829.13
43.09,91.18,965.86
18.0,83.42,567.76
19.17,32.36,429.51
43.88,83.07,948.33
1.39,44.86,203.77
26.58,36.94,555.42
16.16,112.99,641.87
13.51,50.8,399.51
11.27,39.77,336.25
43.28,93.21,974.34
25.63,35.72,552.09
4.18,43.07,240.22
4.87,35.25,228.78
18.67,50.23,479.35
13.45,12.78,288.92
16.64,13.31,336.63
16.67,19.55,364.17
11.71,31.76,321.01
13.17,17.0,298.24
35.43,20.13,655.03
27.95,117.43,814.35
39.39,94.03,924.84
7.51,39.1,279.84
8.95,59.65,361.04
45.36,67.66,943.71
23.54,95.51,691.06
12.53,37.29,348.76
30.17,108.72,844.01
38.94,34.82,745.74
41.45,53.07,826.92
12.68,31.3,330.58
14.49,25.81,347.73
32.6,44.53,684.67
38.6,19.91,677.34
26.62,42.22,578.98
39.63,107.5,959.84
14.11,110.73,597.1
22.14,113.24,725.64
46.32,80.96,986.44
0.94,51.04,216.36
41.86,71.46,881.27
42.44,100.06,986.36
3.68,41.98,232.85
17.89,98.1,618.1
1.58,109.73,407.35
11.17,77.34,449.69
31.65,10.8,556.02
14.88,102.92,580.96
21.51,101.86,676.6
13.12,119.67,598.33
6.54,83.22,391.5
12.55,77.32,467.68
42.91,89.97,950.74
8.15,74.89,393.96
23.56,34.98,509.53
23.62,94.36,677.15
32.09,57.82,700.53
48.24,30.18,878.53
41.37,51.8,831.99
34.5,39.87,693.49
47.52,87.66,1024.23
19.03,99.31,625.37
47.59,55.15,938.39
21.75,82.98,624.29
11.09,93.93,505.96
16.36,25.14,368.08
48.58,77.73,1014.29
49.3,43.97,913.66
25.85,42.66,565.33
17.11,78.1,543.57
29.31,110.22,815.3
18.56,118.01,685.19
1.84,88.72,343.98
40.92,11.11,706.39
28.27,12.34,512.85
34.83,11.97,605.81
31.85,117.28,873.64
6.33,21.41,211.41
23.63,41.99,528.22
28.28,34.96,569.39
40.3,111.29,978.6
38.1,55.49,779.52
37.47,73.59,832.92
45.17,28.07,818.07
13.66,81.75,505.62
46.26,110.62,1079.63
15.87,26.53,370.76
6.25,10.78,174.68
1.7,50.69,229.33
24.39,24.46,486.45
27.97,21.84,536.37
10.19,50.2,348.76
37.59,13.6,646.94
43.09,98.87,985.43
41.23,26.02,754.41
6.66,10.17,180.11
45.92,36.35,851.03
45.42,108.95,1058.07
43.36,114.34,1051.91
16.57,53.17,453.6
37.81,13.5,664.68
26.41,19.07,498.21
42.03,27.25,755.52
40.52,96.31,931.7
11.73,58.47,401.33
0.94,66.11,263.77
43.1,102.79,1005.69
41.18,40.54,771.79
21.0,43.43,494.97
11.01,76.12,437.2
5.24,96.64,428.49
9.16,18.17,238.62
3.46,45.89,243.52
38.7,75.75,847.92
31.77,107.07,843.43
32.49,98.48,847.85
44.86,93.92,1006.45
45.54,54.58,898.97
43.57,9.53,737.91
33.06,102.52,857.74
41.34,38.11,776.5
20.56,70.49,566.63
5.38,16.55,180.39
13.48,33.27,353.68
38.32,13.04,674.42
24.52,42.23,547.01
43.53,10.34,739.7
36.18,67.1,794.23
27.24,10.95,497.9
33.59,36.41,662.28
43.47,115.36,1051.88
47.19,106.4,1073.67
8.0,78.52,407.94
24.66,16.36,472.07
43.22,75.06,940.68
28.91,55.69,654.66
7.35,56.32,329.05
32.96,54.8,701.79
12.07,44.55,361.02
43.65,63.1,888.59
5.74,108.96,456.62
20.71,117.74,721.03
13.19,13.76,287.82
2.07,74.71,303.49
41.02,33.53,751.72
15.78,102.21,601.04
19.04,50.81,487.89
8.77,110.38,518.94
21.04,57.24,535.32
41.58,25.4,744.67
39.51,47.85,777.92
18.23,119.86,673.52
31.35,97.22,806.7
3.95,76.17,337.86
13.22,40.26,367.09
23.62,111.62,741.48
33.17,5.82,565.87
13.65,109.16,579.43
18.44,42.55,450.55
12.97,56.0,406.85
4.45,86.48,380.11
23.22,69.0,611.21
28.16,111.18,805.04
25.77,38.65,554.35
26.73,84.04,687.66
11.61,80.77,469.68
24.35,119.04,780.79
20.54,17.26,407.78
35.81,25.58,667.69
1.34,23.38,139.06
10.29,92.93,481.87
38.61,99.01,923.67
43.44,65.48,908.47
23.79,87.63,674.06
21.76,19.64,432.54
6.41,23.96,215.06
11.33,99.74,514.3
10.86,111.27,550.59
27.92,84.43,724.25
31.16,100.59,821.72
31.81,111.02,870.23
46.53,81.39,985.46
30.21,71.31,711.96
14.83,28.88,363.19
39.66,87.76,913.03
44.43,30.0,808.48
41.2,71.94,876.23
48.17,96.49,1058.47
5.83,95.26,423.88
10.31,8.32,231.16
2.87,37.78,204.99
31.37,92.77,791.38
4.24,73.85,340.84
32.26,98.89,815.85
17.75,64.75,507.82
46.87,89.54,1009.58
7.89,62.75,357.57
36.57,91.37,870.13
19.53,110.59,673.38
27.5,41.81,583.15
23.92,96.01,694.11
48.44,62.68,969.51
37.96,13.25,653.09
42.58,100.37,1015.42
35.81,82.83,825.81
1.32,19.08,127.67
22.28,67.73,583.57
38.75,44.21,761.05
19.17,43.3,474.91
48.26,93.78,1049.63
4.28,40.44,236.5
31.4,75.9,745.6
10.99,10.82,243.08
26.09,44.9,579.83
7.6,5.23,179.8
4.31,58.21,291.17
25.0,45.71,571.56
15.84,48.27,427.52
38.68,71.15,846.85
13.82,62.63,444.13
32.1,29.41,611.14
46.6,78.9,982.18
41.53,48.5,824.92
13.01,109.84,575.89
27.21,92.11,734.35
0.85,62.12,251.21
8.32,53.18,336.71
21.24,16.92,425.02
15.36,54.75,443.54
48.07,8.65,809.06
38.16,87.33,889.42
36.46,11.79,641.68
5.16,6.39,146.83
40.82,86.91,928.96
38.45,116.3,974.4
46.5,60.35,935.76
40.67,95.58,957.85
8.08,31.88,268.92
40.63,61.96,840.48
29.25,100.1,786.71
24.39,110.08,745.17
39.63,47.16,787.36
41.81,81.47,916.24
21.54,19.19,429.61
11.6,98.84,522.87
49.07,80.92,1013.45
1.51,27.06,155.42
29.43,22.4,557.91
26.34,63.88,637.77
30.4,42.65,632.96
35.16,78.13,820.3
6.3,76.6,377.77
44.1,22.36,779.5
4.54,38.88,237.1
32.51,30.1,638.02
11.72,54.52,389.94
20.19,38.77,465.25
16.13,28.84,373.45
35.05,19.25,631.0
47.44,15.33,812.38
7.39,25.28,237.31
12.98,33.15,346.57
1.89,48.96,221.27
12.7,74.76,464.84
21.57,47.35,517.37
39.35,13.28,679.47
16.03,117.02,644.81
46.83,78.82,978.24
8.36,65.2,365.11
37.36,36.4,720.96
42.54,114.61,1026.07
38.47,27.96,712.44
28.0,55.89,629.93
49.22,11.86,813.81
26.6,94.67,736.88
12.71,50.24,385.73
21.55,94.02,657.78
41.12,33.13,760.93
1.65,68.1,279.82
11.61,14.07,266.32
39.92,81.35,908.59
36.63,40.35,725.1
10.4,98.77,494.78
26.38,31.1,541.91
4.56,17.57,171.37
42.27,17.6,736.05
23.6,70.49,613.44
25.61,110.02,757.68
47.8,5.47,783.03
38.92,8.6,650.41
11.7,61.55,407.71
8.96,82.39,425.3
23.33,67.4,595.64
7.53,86.39,420.64
9.43,92.46,471.66
9.59,9.74,220.04
9.0,117.88,541.99
14.95,108.9,603.61
25.35,14.04,470.26
36.81,107.59,929.63
22.53,91.7,658.01
35.84,8.06,611.05
46.71,44.34,872.02
31.63,6.39,547.77
35.91,109.04,930.07
7.75,35.08,274.12
34.31,31.16,664.39
11.15,81.63,464.64
24.88,49.46,565.58
15.36,113.97,640.15
47.49,80.2,1006.75
47.91,17.23,816.72
40.62,103.4,978.51
13.94,52.02,413.08
37.9,17.7,673.5
45.77,36.78,838.62
13.84,51.45,412.74
24.61,5.01,433.46
26.43,28.95,541.49
30.56,66.78,705.25
3.81,12.62,144.09
1.18,30.35,156.9
17.47,20.17,376.81
28.99,44.35,625.06
29.44,36.75,606.94
25.68,33.97,538.21
24.9,116.03,773.98
27.56,42.78,592.32
43.09,104.67,1001.24
30.43,50.25,665.29
20.88,59.77,546.34
34.19,105.82,877.01
29.42,109.17,828.02
45.62,95.06,1026.41
5.5,107.8,451.99
7.88,81.17,417.21
27.8,11.85,505.22
35.44,49.06,740.61
26.55,93.55,733.97
37.73,80.57,857.61
35.46,96.74,872.74
19.11,57.58,508.5
0.57,108.4,375.7
14.67,34.64,371.84
33.05,99.47,851.09
39.73,94.92,907.47
28.07,39.36,589.19
24.54,43.5,551.61
33.84,100.36,849.08
43.8,86.01,961.56
5.93,98.44,434.93
12.03,45.89,366.88
38.88,35.11,735.64
22.73,22.44,463.61
18.4,95.25,617.31
12.38,84.57,488.06
13.52,19.13,309.63
8.9,43.42,316.45
10.18,116.75,551.94
40.6,106.37,978.65
39.54,55.35,809.9
25.77,112.24,769.81
38.26,70.91,835.64
40.84,13.69,694.01
45.21,17.64,786.22
42.23,15.18,737.2
7.02,55.29,316.4
10.61,103.36,518.55
31.75,110.01,852.76
43.47,107.95,1028.27
15.92,109.85,619.34
20.43,77.92,580.02
27.56,45.93,590.32
39.74,77.87,870.41
48.49,80.92,1027.71
10.26,91.31,490.19
9.85,45.06,337.36
47.32,37.78,882.44
11.96,68.26,429.11
19.62,115.58,704.42
47.27,118.76,1098.09
5.53,100.95,441.77
19.06,51.13,480.95
8.36,70.87,382.78
27.32,116.91,812.17
35.86,60.31,769.95
7.18,67.96,364.49
9.46,93.26,471.25
22.03,53.47,542.51
14.62,96.33,554.85
42.02,26.52,761.12
48.97,48.32,922.99
17.56,97.27,606.38
24.12,109.03,744.32
49.14,57.2,959.93
28.48,101.02,783.99
29.8,88.43,759.48
4.45,93.11,399.95
25.7,36.58,541.93
47.66,92.98,1056.26
34.53,9.41,605.67
14.94,109.57,605.92
11.07,119.7,574.66
35.03,94.29,865.27
27.5,83.31,710.97
5.19,77.64,360.42
37.02,7.92,629.78
46.35,118.04,1090.71
33.1,8.43,570.12
24.38,36.25,522.47
3.05,6.84,116.25
31.15,69.41,730.4
44.27,36.89,814.54
41.68,81.19,917.88
25.63,89.15,699.35
14.71,118.01,618.33
5.3,25.86,210.13
24.64,61.89,609.93
10.46,73.42,431.05
1.52,50.83,224.08
41.86,117.26,1044.22
30.56,21.68,580.29
31.68,95.4,814.5
40.1,102.87,966.0
32.88,38.32,655.62
49.37,114.27,1146.53
13.44,52.84,411.15
9.61,64.81,382.79
33.8,18.55,612.52
3.55,49.26,246.75
13.27,43.96,377.68
8.59,51.4,332.5
34.38,21.31,631.14
18.02,41.94,445.61
34.68,74.28,798.49
7.48,113.05,499.46
15.37,43.6,410.83
5.09,76.3,359.63
0.83,117.94,410.18
8.94,80.82,423.06
6.03,22.55,209.22
12.72,24.35,311.3
27.12,10.44,496.83
43.13,24.62,766.07
7.27,81.57,402.95
34.78,82.85,825.22
25.61,56.68,604.61
12.75,16.37,284.85
26.44,28.7,535.33
41.99,119.97,1049.17
43.71,119.55,1059.3
17.46,91.94,591.25
35.39,90.23,840.43
10.76,102.6,511.92
27.36,104.29,770.25
48.37,91.04,1032.38
6.13,106.46,456.14
30.96,96.59,794.25
16.22,55.42,451.44
30.71,61.69,684.61
47.29,89.53,1026.03
32.19,90.72,803.81
21.32,23.1,438.46
42.8,71.48,900.82
29.76,18.4,550.55
37.29,97.32,890.76
39.45,40.4,764.07
11.52,59.11,399.25
45.33,11.17,766.96
4.63,85.33,373.24
7.25,43.21,285.53
14.38,89.68,535.39
36.36,84.9,850.56
34.86,106.54,883.16
37.19,31.3,694.25
45.64,66.5,943.47
15.96,115.78,632.12
49.16,81.68,1029.06
26.01,102.92,744.9
9.65,17.01,245.81
44.29,9.87,737.99
11.01,84.72,471.44
39.36,19.93,703.57
20.16,118.25,707.24
35.61,114.4,927.92
22.77,20.74,454.97
35.01,97.38,868.13
21.43,16.09,418.41
47.79,62.24,953.53
41.9,68.07,884.84
49.87,8.99,818.17
42.17,32.08,766.22
44.99,63.02,901.61
22.64,99.07,694.1
25.18,30.51,519.61
40.35,38.85,771.6
3.0,9.19,121.0
25.05,29.74,502.51
7.21,71.66,371.2
35.66,82.69,824.5
25.22,107.4,748.26
23.7,27.5,483.84
15.12,107.95,607.31
9.29,66.53,386.01
2.48,31.19,183.58
45.14,65.16,924.72
47.21,109.55,1101.08
24.4,41.6,549.69
25.17,99.56,733.17
9.57,43.46,320.38
22.27,115.83,737.44
31.48,114.14,872.94
29.8,21.35,566.4
26.23,34.06,548.93
25.79,7.46,453.2
6.91,98.27,443.2
23.53,34.11,505.01
11.57,115.14,566.46
48.53,96.41,1065.75
13.09,52.02,400.94
28.59,66.51,684.69
20.36,78.54,588.61
40.81,18.01,716.02
23.47,71.69,612.72
36.91,20.11,674.89
32.85,100.03,844.46
15.99,23.79,364.61
17.61,67.1,522.75
12.65,65.25,436.82
20.6,27.6,445.37
16.73,105.85,605.66
43.3,25.56,778.27
19.6,66.04,538.26
32.8,11.08,573.26
13.7,10.63,282.14
4.79,97.2,416.58
47.74,39.45,873.41
42.83,63.19,881.55
47.67,57.75,942.31
26.74,97.55,749.57
21.14,96.13,665.03
47.44,6.13,788.07
32.83,97.1,835.82
44.81,91.36,998.77
4.78,32.49,219.82
28.06,86.6,726.51
15.9,93.67,567.93
43.93,109.98,1023.49
20.63,48.22,497.01
33.48,46.21,690.51
11.6,8.31,248.03
23.81,28.68,484.62
30.38,118.95,859.36
27.59,79.39,700.55
8.74,37.52,295.71
20.44,79.18,592.04
35.46,28.38,669.08
44.91,41.41,852.85
1.15,27.31,148.82
21.39,85.58,636.06
44.06,18.92,776.68
26.35,88.43,704.94
1.35,11.95,108.3
6.39,44.47,278.73
9.34,94.6,469.25
43.64,49.81,859.36
27.01,119.43,813.57
7.54,104.16,473.53
48.63,115.98,1127.36
19.47,114.73,689.12
10.0,33.36,297.57
39.08,48.4,787.07
10.13,101.86,502.06
13.72,50.2,410.35
5.51,59.98,308.33
17.06,106.68,625.1
26.29,118.64,799.46
2.2,58.03,253.04
16.93,107.93,620.72
1.44,94.12,351.61
21.3,40.04,482.74
5.13,18.15,183.01
7.16,90.4,426.21
14.8,106.6,584.51
49.3,25.31,863.1
28.6,70.47,693.77
42.27,100.43,983.99
48.72,57.57,955.5
19.35,26.89,419.59
24.42,111.46,752.93
21.2,20.73,428.97
42.49,116.51,1026.28
19.83,98.62,636.32
1.02,30.76,156.41
16.85,105.31,628.69
45.91,114.02,1085.33
36.98,22.73,671.3
30.71,8.03,540.2
39.57,24.84,724.61
31.6,25.57,601.6
5.22,26.51,208.62
33.34,59.82,722.98
33.07,25.35,628.14
27.41,115.15,802.6
49.44,23.04,861.93
36.04,66.24,782.43
9.3,103.72,497.88
43.71,58.49,856.27
20.66,46.98,497.85
26.54,74.52,678.05
16.22,71.51,507.42
15.35,91.64,552.22
31.47,116.58,876.19
26.38,26.55,530.4
17.91,88.2,580.14
38.98,62.64,817.01
26.05,83.95,699.9
8.82,36.47,295.52
24.92,96.49,722.38
24.36,106.35,727.96
20.07,81.78,603.09
44.78,25.55,790.05
14.33,83.89,516.83
4.35,81.17,361.27
46.36,15.51,785.61
20.99,110.73,690.51
22.77,42.52,519.44
14.47,67.27,456.8
4.86,97.27,405.01
24.33,99.4,709.35
0.72,109.79,393.86
38.15,17.33,674.41
5.25,115.9,474.21
44.74,79.73,958.51
18.9,60.3,512.03
8.86,71.41,399.63
46.84,70.03,961.82
32.4,20.85,600.15
35.11,26.78,655.78
28.73,112.5,809.69
47.13,58.05,926.19
21.15,35.77,472.65
22.61,25.8,466.16
7.57,50.21,313.81
8.55,84.21,428.55
4.4,67.88,317.72
4.88,89.13,391.75
11.16,56.43,392.11
18.27,119.82,688.21
14.34,72.85,480.77
28.6,45.64,613.86
29.37,69.25,691.0
22.29,98.38,680.29
16.1,56.04,464.83
32.95,16.52,593.7
43.33,100.69,999.84
38.0,60.06,813.16
36.96,106.21,921.98
43.04,16.67,752.87
5.54,68.05,333.99
23.87,15.85,457.52
30.3,103.34,808.64
49.69,81.24,1053.72
40.85,82.02,888.2
34.27,72.88,785.28
31.65,44.45,668.92
42.04,92.73,939.45
6.37,33.24,246.91
45.29,50.05,874.09
28.38,86.2,735.28
35.67,40.45,702.75
42.77,57.07,859.92
1.76,94.97,358.96
3.11,91.13,371.6
31.53,52.82,680.89
40.24,38.96,776.97
19.83,20.63,404.18
3.81,95.6,390.54
44.86,52.25,894.84
35.66,109.55,913.92
34.19,52.57,729.47
32.54,34.62,632.94
2.39,72.68,302.93
43.29,7.94,721.86
33.46,24.69,617.29
3.31,64.69,297.61
6.97,32.13,247.88
27.01,114.62,798.15
20.3,108.2,666.58
4.06,70.11,318.32
20.89,45.44,507.16
30.38,90.03,773.27
35.98,110.37,932.29
46.08,85.96,1004.13
9.57,19.22,256.73
24.54,23.34,497.21
26.52,9.19,480.05
3.36,18.03,152.49
3.09,78.06,327.33
32.78,25.18,616.73
23.19,45.08,524.73
40.97,17.57,705.87
23.7,104.06,704.27
11.3,16.84,266.95
4.21,54.06,276.46
11.37,46.54,358.71
28.24,8.11,496.74
48.34,44.25,916.41
14.32,91.1,541.29
41.7,32.75,778.95
10.11,85.3,454.44
42.85,115.31,1043.68
20.88,30.08,453.32
25.94,79.73,693.89
21.11,65.35,554.58
47.65,62.48,960.17
17.21,98.86,599.9
3.31,43.2,226.64
43.64,64.39,911.86
15.12,87.9,547.07
32.36,24.21,611.09
33.68,50.03,711.03
18.32,75.38,550.55
18.49,15.89,383.4
20.67,49.93,504.38
41.11,8.41,698.15
46.07,52.41,892.94
44.5,27.88,805.43
45.21,30.62,816.48
3.44,15.39,149.05
25.74,57.39,603.45
29.41,107.38,815.47
46.38,29.54,829.61
41.97,85.27,935.89
26.63,31.67,558.02
33.91,35.64,655.04
33.77,15.38,594.65
10.67,28.06,293.7
30.55,89.2,773.97
33.19,59.65,730.37
45.69,85.24,981.47
11.29,41.32,343.61
30.84,88.43,775.09
1.04,99.05,360.43
17.71,78.43,553.29
25.04,18.24,480.49
8.22,24.79,247.54
41.63,75.4,896.32
28.67,74.2,719.78
48.41,30.64,873.47
6.01,46.92,286.55
9.34,43.12,319.85
0.87,34.04,165.67
1.01,87.21,327.44
36.81,64.56,795.73
40.33,86.05,914.84
28.02,56.89,630.61
9.37,30.69,283.31
34.64,70.82,786.36
34.62,117.91,936.88
18.3,103.24,629.08
42.97,108.76,1019.43
25.02,34.43,522.81
36.31,36.02,700.73
18.68,76.56,561.61
30.46,13.97,550.53
43.56,104.78,1028.97
27.52,109.74,794.42
23.73,29.38,495.73
45.58,88.09,988.75
34.46,59.95,737.28
4.53,21.27,180.27
25.63,93.16,722.31
37.68,24.21,689.17
37.21,22.14,668.77
18.91,105.08,648.44
4.44,34.64,221.99
12.03,32.48,336.64
6.56,107.28,469.32
31.19,73.68,737.53
12.39,64.4,430.63
25.68,31.05,526.1
34.61,59.86,762.89
48.88,43.49,909.32
41.2,95.81,973.7
40.11,15.89,695.74
1.77,30.04,167.63
24.22,90.34,682.0
32.48,118.15,889.45
30.24,84.47,767.97
48.8,67.57,987.8
21.13,103.94,688.06
26.9,52.06,611.91
32.93,36.06,658.01
40.48,80.01,900.19
42.12,38.02,805.12
31.31,24.39,603.25
14.22,37.97,378.56
47.73,31.13,860.01
15.59,9.15,314.86
45.83,32.2,831.16
13.66,30.4,349.96
32.52,95.38,819.42
29.36,34.64,597.43
38.53,13.56,671.46
38.23,10.26,653.3
24.07,98.85,700.95
34.14,22.63,625.31
6.62,38.08,261.04
36.57,32.76,696.04
16.49,52.43,460.33
35.62,64.43,781.72
4.1,32.46,215.6
38.99,107.49,936.69
3.47,83.45,353.91
14.28,11.33,297.65
1.09,17.76,122.13
35.11,12.32,611.13
4.89,92.37,403.6
26.46,40.26,565.92
33.3,47.06,690.26
35.84,77.24,828.72
31.74,53.15,689.61
19.8,18.75,406.1
12.69,104.21,557.16
29.66,60.05,674.78
32.21,15.32,578.17
23.25,119.25,759.39
26.89,10.03,491.97
47.89,111.74,1096.42
10.79,26.15,291.16
26.22,28.9,532.28
1.37,90.57,348.63
9.85,99.86,490.57
1.08,118.59,416.82
30.79,53.61,674.62
14.5,118.65,619.82
47.55,89.56,1022.02
4.06,116.81,457.38
3.47,103.52,410.1
1.43,5.7,89.72
10.6,61.8,403.51
38.71,48.4,767.0
8.44,97.01,461.87
38.33,112.43,952.94
45.79,20.81,792.03
48.07,29.75,860.36
10.27,107.22,525.5
40.92,70.83,867.08
7.06,24.77,230.4
35.44,47.9,733.41
26.86,117.37,814.78
9.04,19.0,239.73
39.29,102.07,936.71
12.41,109.79,568.13
14.79,99.17,570.9
45.77,9.98,765.48
38.64,24.49,701.61
29.03,42.47,603.83
28.98,24.63,558.9
26.11,84.31,692.02
32.67,108.21,862.68
31.72,82.64,773.57
26.31,84.27,691.34
33.4,33.2,647.73
23.09,61.54,595.28
1.96,118.81,433.34
35.96,53.92,742.08
11.86,48.69,378.22
29.85,82.25,751.35
11.33,78.23,456.31
5.51,68.01,332.0
19.89,100.13,651.41
7.85,54.97,332.68
36.39,100.09,902.93
10.59,30.09,301.5
3.48,42.09,230.33
20.23,100.34,659.35
49.83,94.78,1080.31
33.49,50.07,703.4
18.4,45.35,458.77
34.54,58.32,738.72
7.97,58.05,348.67
47.58,97.18,1050.25
46.43,19.23,793.84
13.07,35.16,344.84
4.45,77.36,354.11
5.4,74.74,345.73
3.84,78.51,353.28
21.85,52.28,543.43
1.24,19.4,128.7
12.21,82.97,489.34
37.16,103.12,920.88
19.15,44.68,468.89
23.33,27.35,485.1
45.74,51.9,897.82
12.61,113.5,573.79
18.7,81.43,581.07
44.9,95.61,1004.77
42.5,16.72,739.12
43.53,83.71,960.52
10.49,75.1,433.82
20.75,22.45,426.18
48.97,108.62,1112.44
34.75,80.33,814.27
5.75,108.57,463.51
46.4,68.6,956.72
22.66,116.31,754.73
18.97,78.18,565.98
36.14,76.84,806.93
32.37,109.47,865.16
0.84,20.4,124.27
29.35,58.1,665.46
39.72,23.51,711.7
15.27,47.7,412.54
4.37,27.77,201.03
9.53,44.86,325.54
3.71,69.07,315.96
41.05,37.82,781.56
7.28,22.95,228.07
2.61,20.73,151.37
24.55,28.9,506.57
30.83,58.22,696.27
13.18,72.78,462.1
25.49,101.56,747.5
7.86,67.7,375.9
1.43,82.1,314.61
5.59,12.45,172.65
44.8,64.76,928.67
26.74,86.31,708.79
11.89,32.37,325.24
17.12,113.5,649.42
44.12,58.56,874.26
25.52,20.46,485.01
17.91,107.04,631.42
3.44,116.8,460.24
9.76,80.23,438.98
44.16,21.04,772.53
8.51,17.72,229.12
34.08,29.59,655.59
32.78,18.73,600.28
28.89,50.27,625.93
46.51,90.39,1007.4
7.13,59.74,339.98
24.23,29.51,493.52
33.19,43.42,670.12
35.16,81.8,835.61
25.69,86.05,686.48
9.51,33.29,292.22
3.63,86.81,362.14
41.09,83.62,914.96
22.89,33.45,493.0
44.32,26.67,785.41
28.65,115.59,819.24
35.96,99.83,906.77
29.73,105.26,822.17
47.62,62.64,952.76
30.45,75.09,736.36
1.85,89.34,347.56
39.3,85.55,907.79
46.73,31.39,843.12
29.17,97.5,785.13
1.43,88.25,340.85
38.78,88.13,892.6
49.69,93.64,1092.4
29.14,112.43,833.47
16.77,33.85,413.53
25.86,71.44,653.46
28.09,65.55,667.23
22.06,11.68,414.48
32.3,74.85,764.61
29.43,65.46,683.88
26.45,95.77,727.93
21.88,28.45,464.74
21.46,19.42,427.38
33.89,28.87,632.42
46.62,31.25,843.81
21.29,115.34,723.19
16.18,17.73,341.15
31.56,110.34,872.73
30.64,52.74,662.44
30.94,34.82,612.51
43.27,45.06,816.97
31.94,29.54,622.43
38.23,58.14,787.72
17.09,109.68,638.03
34.66,84.38,817.4
46.8,88.74,1008.05
19.86,8.54,368.47
45.72,13.46,784.43
42.26,68.64,898.03
36.4,39.81,709.78
45.19,23.79,809.13
16.13,62.36,482.53
10.93,21.59,280.98
15.55,60.63,454.14
33.32,54.17,721.58
47.34,35.01,876.99
14.44,52.34,430.26
18.59,24.84,393.8
9.33,56.74,358.46
21.38,20.11,432.57
35.48,113.24,913.71
4.81,18.55,177.88
31.33,51.41,669.78
40.0,83.97,901.16
1.44,112.25,407.68
15.55,68.53,483.39
8.04,41.84,293.76
30.96,116.74,876.66
2.25,101.61,398.19
2.72,109.22,413.18
22.86,119.42,752.27
15.6,35.99,392.91
4.92,93.09,399.26
46.0,112.17,1078.03
5.31,70.78,338.73
40.84,66.85,865.4
14.19,77.46,496.82
0.87,50.54,218.36
36.73,93.92,873.39
36.92,38.25,722.13
30.07,5.09,526.08
13.28,112.03,582.28
9.74,20.94,254.41
10.83,68.67,417.46
16.51,69.88,510.21
18.16,109.7,650.29
26.9,94.94,720.86
28.41,32.5,575.63
26.19,6.41,467.73
39.15,27.78,714.94
8.3,60.32,352.29
14.54,119.23,635.82
11.43,52.0,384.72
6.64,92.69,432.69
18.9,118.71,684.2
8.97,5.18,201.18
32.53,14.86,583.19
27.25,109.59,788.29
34.41,85.8,816.36
39.78,110.53,974.27
18.44,82.24,572.61
11.07,98.15,519.58
17.81,91.12,590.88
22.2,24.75,458.45
19.59,109.97,670.32
27.24,45.07,588.57
29.89,71.95,711.62
40.1,28.14,731.86
15.12,54.23,438.23
48.22,80.1,1006.8
7.65,34.52,271.23
13.2,72.06,468.39
49.43,44.48,921.17
35.4,80.61,828.1
17.71,47.21,453.57
23.04,104.42,704.61
34.54,92.44,844.3
42.81,90.54,965.51
46.84,27.21,836.75
25.24,119.3,792.43
2.0,105.25,397.18
35.04,24.64,651.13
46.01,56.31,914.64
46.86,58.24,923.39
49.69,43.39,921.94
8.42,5.97,195.38
26.93,77.73,684.86
46.16,63.98,929.85
48.87,14.06,832.85
36.38,80.97,834.91
15.99,15.87,333.33
29.45,119.27,863.72
2.5,21.01,153.83
25.9,118.3,790.62
27.38,68.56,671.88
34.43,84.09,825.53
24.64,12.32,456.34
11.85,71.55,441.72
16.79,98.75,593.16
5.95,83.52,396.04
10.67,75.12,428.0
33.86,13.08,598.66
3.65,74.37,328.61
29.9,6.43,518.8
27.99,112.32,806.28
33.94,8.26,585.06
27.95,19.62,526.09
30.9,98.18,801.43
13.28,116.3,602.97
44.43,41.61,838.18
10.24,25.84,282.11
4.84,103.29,425.7
42.51,97.3,984.57
5.5,79.08,373.31
36.3,24.49,674.6
16.1,102.08,595.97
1.64,103.87,388.27
19.17,42.89,461.61
19.22,70.14,538.86
4.41,116.73,467.94
11.44,10.69,255.73
5.42,42.26,258.68
22.05,65.33,576.75
34.91,25.78,651.32
14.17,112.54,604.68
31.46,60.62,714.56
8.15,104.46,488.04
48.0,70.2,988.71
19.05,119.18,696.19
34.18,53.76,725.76
6.03,96.52,438.67
28.44,96.52,767.18
38.45,118.66,970.93
44.28,104.4,1034.18
8.88,27.78,265.23
5.95,103.62,452.09
44.07,53.1,856.99
27.54,24.15,532.17
20.79,72.89,578.18
14.56,102.29,572.23
20.01,110.41,673.81
33.11,9.67,574.68
41.97,41.2,787.08
19.14,42.87,463.72
6.9,61.41,335.28
46.64,16.58,796.24
38.66,78.74,865.7
35.14,59.32,753.67
25.95,84.96,699.88
26.27,26.77,521.15
21.91,75.08,602.23
6.37,77.52,376.95
11.49,107.7,549.51
34.75,17.12,633.24
28.93,76.13,705.92
28.57,96.78,777.89
49.56,49.85,933.44
39.66,33.3,747.0
1.78,30.0,166.45
24.4,51.21,562.94
3.99,47.47,253.5
26.46,69.63,662.71
12.66,92.92,530.08
4.85,27.81,204.35
24.93,42.63,557.16
25.6,44.87,573.47
32.08,70.07,743.48
28.68,62.09,667.89
42.52,6.2,713.1
43.53,18.82,754.77
34.21,77.24,807.74
8.59,64.18,373.1
37.03,14.34,637.47
26.03,76.03,669.47
26.25,25.99,521.39
5.84,67.29,335.44
2.02,70.16,289.38
30.13,21.31,568.93
48.93,107.18,1106.83
40.45,29.08,742.57
31.17,102.83,816.22
11.98,60.16,407.12
22.98,30.89,497.21
49.34,59.65,954.54
25.95,34.37,543.3
10.52,36.71,320.58
2.52,9.97,117.43
44.35,19.56,777.6
17.34,81.82,558.38
25.61,109.04,758.39
10.0,85.8,452.14
34.08,68.01,772.73
38.93,32.53,741.72
21.73,22.44,450.99
34.72,86.58,825.49
15.78,81.15,532.93
17.5,74.35,534.71
37.63,109.24,923.42
21.79,42.23,499.08
32.87,112.26,881.32
44.93,16.51,765.44
24.95,104.5,738.0
1.74,17.15,128.75
29.54,19.24,553.15
37.66,101.92,915.64
5.73,27.79,220.47
40.39,118.82,1020.29
43.29,64.85,899.79
32.11,43.56,650.48
38.66,15.67,684.62
4.78,64.54,315.3
8.39,107.9,501.4
9.65,39.79,315.96
25.09,72.72,640.1
6.85,60.5,336.61
8.31,84.78,435.75
3.64,115.94,454.66
0.5,42.43,184.28
4.63,13.82,161.09
29.28,108.03,830.55
17.63,7.16,339.75
1.57,107.16,396.96
47.47,46.66,893.58
36.85,45.35,731.6
41.14,34.6,765.99
14.52,119.88,622.39
49.51,47.47,918.23
18.62,100.19,623.14
21.45,85.57,623.72
2.64,48.0,230.72
32.89,38.35,653.51
30.53,63.0,692.01
8.94,11.51,216.75
31.15,82.37,767.3
49.11,13.56,818.12
24.77,89.3,686.48
7.63,61.72,353.61
4.04,65.04,296.52
10.21,46.55,339.78
9.5,89.57,463.42
14.34,80.55,500.5
27.25,53.7,614.54
41.16,88.9,950.51
27.26,105.86,777.44
3.89,70.09,322.7
18.09,67.11,529.58
33.84,83.12,817.78
5.91,27.05,217.1
38.26,19.36,693.9
9.98,69.22,400.25
20.71,9.02,387.73
2.33,15.92,134.12
13.38,8.9,278.02
35.58,103.37,890.98
8.36,17.23,224.82
32.58,116.27,895.63
10.65,18.56,265.03
35.27,47.71,730.41
17.01,70.84,511.39
15.32,95.13,567.22
1.65,96.05,355.9
31.21,27.11,595.28
29.04,68.06,683.99
14.06,84.82,524.45
29.53,7.25,506.66
10.92,12.11,254.94
8.41,43.3,308.84
16.83,99.28,601.59
39.26,100.4,927.22
33.5,39.45,674.57
35.37,12.74,623.35
2.64,84.97,345.1
15.58,82.94,539.21
35.74,82.67,832.85
2.46,109.47,417.42
8.44,85.19,430.52
41.61,43.19,809.75
39.82,13.03,695.35
24.83,84.02,682.22
46.2,89.39,1010.56
26.65,35.33,558.75
49.29,11.34,812.03
19.63,110.54,669.56
18.72,110.45,669.48
26.33,40.81,566.02
22.74,53.8,547.62
9.73,43.64,323.58
31.41,49.45,664.96
8.62,50.1,322.25
36.48,30.0,684.12
41.02,76.72,885.14
47.9,109.02,1101.44
26.02,20.42,489.25
6.68,10.39,180.93
4.95,105.91,440.53
47.96,35.11,866.13
25.37,83.48,671.42
25.47,114.37,775.52
17.06,48.42,450.88
35.59,111.88,928.12
37.66,41.91,746.08
37.97,95.22,925.57
38.11,98.96,937.3
17.19,97.18,595.97
35.99,26.45,673.71
5.11,71.07,339.95
43.11,102.0,1015.74
43.83,93.42,984.44
15.54,32.89,383.11
37.25,22.67,677.84
35.44,105.67,897.4
7.4,50.88,311.07
5.06,70.15,331.42
19.47,10.34,376.96
41.81,60.84,867.65
48.45,110.12,1084.83
0.65,86.76,326.04
28.47,112.82,808.24
39.95,95.41,931.38
10.97,92.95,488.81
25.34,112.08,767.84
25.57,95.7,720.64
17.22,79.36,550.04
45.85,25.33,804.64
25.08,67.15,625.68
47.24,52.44,924.87
16.41,82.53,544.66
37.98,43.01,748.81
18.16,35.64,423.9
48.68,62.75,965.26
47.0,96.36,1048.1
40.53,49.82,828.01
39.59,102.64,948.03
4.36,108.97,442.92
9.74,99.12,496.68
27.66,98.98,758.91
47.33,39.11,898.71
10.7,108.16,537.38
15.35,70.3,487.0
31.0,53.0,665.53
31.74,51.83,668.23
5.3,113.95,462.9
22.61,29.91,474.3
5.46,22.09,197.31
21.29,76.75,596.72
31.63,5.01,538.93
33.41,24.32,626.22
40.94,23.56,733.99
29.93,69.36,692.53
5.55,53.49,298.14
6.03,28.03,228.78
13.01,61.14,427.32
6.74,55.53,323.14
8.55,91.38,452.09
34.82,31.24,657.57
4.26,69.78,323.63
37.8,42.87,741.08
24.67,111.81,756.57
8.27,86.53,433.6
32.8,105.32,855.7
7.04,112.31,490.13
21.62,109.66,698.36
15.18,73.68,496.82
42.34,49.32,831.66
34.83,89.61,843.58
14.06,8.1,283.94
45.09,114.66,1068.93
36.9,88.57,868.44
40.2,69.3,860.44
34.24,94.66,838.44
39.85,57.18,817.04
41.43,55.34,832.69
37.32,71.11,819.09
20.53,61.59,534.23
19.22,38.63,455.54
19.73,62.56,531.6
19.58,37.89,452.04
49.93,13.47,830.39
42.06,110.13,1016.04
20.37,99.7,650.75
16.14,44.29,423.21
20.17,47.89,504.32
12.66,7.14,259.52
24.74,56.55,581.35
43.94,24.93,784.36
1.5,56.47,238.39
32.56,72.05,753.99
13.63,12.92,294.68
42.19,34.88,799.25
32.82,18.65,604.06
41.37,41.91,786.0
40.04,82.94,907.05
25.71,79.55,672.0
25.03,57.06,593.83
2.31,106.18,406.4
41.34,47.15,816.08
4.4,53.73,274.42
4.75,73.76,342.78
33.82,61.02,738.34
9.16,16.66,236.52
32.29,5.14,539.14
35.7,86.96,829.63
42.19,95.23,961.75
49.17,47.77,922.12
22.32,76.89,600.7
8.93,104.64,502.34
0.63,77.45,292.14
20.92,63.09,548.46
10.64,85.85,470.63
26.31,31.87,524.56
34.73,5.31,580.14
29.54,74.65,720.54
22.29,44.39,519.11
5.56,43.74,263.69
13.35,18.57,309.94
42.64,105.91,1014.78
13.3,30.89,337.31
1.55,71.37,286.46
33.62,28.3,634.95
44.44,38.18,821.9
13.06,13.53,284.58
15.09,103.86,592.32
5.69,57.4,308.7
11.85,87.94,491.47
1.91,9.62,107.45
4.44,36.78,225.07
20.54,93.71,628.89
7.5,23.14,234.46
8.12,103.01,490.13
16.79,47.2,435.58
28.09,49.69,615.48
13.34,109.01,583.53
17.69,55.05,475.35
12.18,91.52,507.34
24.92,98.43,726.3
7.35,80.18,407.54
1.99,73.16,298.83
28.06,101.7,781.9
44.42,51.94,875.21
7.3,77.48,388.06
1.84,83.16,327.57
34.25,74.08,772.02
37.04,107.86,929.42
34.64,96.07,849.36
43.27,75.71,916.78
12.09,65.28,422.72
32.92,9.85,577.31
15.53,82.51,528.28
44.02,82.55,952.94
25.2,29.25,520.23
8.19,60.4,347.48
20.74,59.82,548.09
32.96,18.45,597.62
15.19,41.07,407.12
46.21,95.85,1049.34
42.91,107.49,1010.1
11.14,70.75,433.93
34.63,49.46,707.59
42.22,7.79,722.79
6.89,102.25,457.47
44.5,45.42,867.26
31.88,77.95,757.6
45.84,26.09,808.87
9.09,60.16,367.71
17.32,97.49,597.33
29.7,49.66,645.66
34.7,90.07,840.95
2.09,7.46,102.94
16.79,47.57,442.56
37.54,104.62,934.01
38.41,89.93,907.42
24.05,43.62,546.83
47.99,71.82,973.8
45.67,6.64,758.31
31.73,112.42,866.39
29.7,32.66,595.17
45.37,13.32,759.34
30.42,93.53,776.03
10.32,27.85,285.99
6.97,75.25,384.59
26.85,114.58,804.82
44.09,115.13,1066.65
38.26,44.1,754.11
5.78,83.5,385.58
25.27,83.19,673.62
46.35,73.22,953.18
34.52,55.35,741.9
42.92,50.13,823.11
40.65,114.68,991.99
16.7,59.63,482.27
24.94,17.52,478.15
18.75,68.29,529.29
2.33,84.05,335.97
49.64,110.71,1136.75
13.16,76.58,479.42
3.5,86.33,366.78
47.22,29.84,849.3
39.77,36.03,758.89
9.15,23.18,254.68
28.0,101.02,778.68
40.49,71.6,867.85
32.5,9.65,558.73
7.93,49.81,315.94
18.07,88.82,592.13
7.7,11.87,201.49
26.96,5.12,469.9
24.66,46.69,568.29
19.06,54.58,493.67
39.05,36.57,745.59
5.35,32.05,225.67
7.51,42.24,289.08
15.87,97.04,576.95
6.64,77.93,385.04
40.33,115.83,1010.01
3.58,83.27,355.41
14.8,13.58,308.89
36.98,90.25,875.11
42.18,48.42,843.74
19.41,66.65,539.39
26.45,23.97,513.44
40.49,84.42,929.18
6.02,61.21,322.25
39.73,30.53,739.42
25.4,113.16,756.41
0.84,20.34,125.74
29.14,61.79,676.86
16.96,66.77,503.65
28.65,65.66,662.59
45.48,56.84,900.13
26.66,80.49,706.18
38.71,105.52,948.82
19.91,98.31,648.85
5.58,7.3,153.68
5.24,41.73,254.01
16.17,89.68,559.81
2.77,29.92,178.17
6.98,119.33,505.73
14.58,87.92,534.58
19.69,108.6,669.17
17.42,5.99,338.37
6.43,32.02,247.11
39.28,9.23,687.78
34.59,9.31,590.34
29.49,5.36,508.42
45.61,19.56,779.04
8.88,81.96,435.24
49.87,118.49,1136.73
18.01,62.95,498.03
15.1,119.33,629.16
36.81,49.71,750.98
43.7,35.63,822.89
11.57,33.44,317.97
7.78,119.38,526.6
45.07,78.03,962.2
44.16,70.3,942.01
6.78,47.19,295.37
33.13,105.66,863.16
38.0,40.63,735.43
20.7,97.7,657.69
30.79,99.92,818.52
10.52,67.71,407.49
21.96,68.99,584.29
33.51,69.23,753.26
27.67,63.75,647.26
27.97,15.99,510.79
15.5,31.55,379.49
19.53,24.68,411.82
44.43,105.53,1029.89
3.32,17.28,153.17
14.16,30.3,355.36
29.64,93.54,781.43
47.38,74.15,980.52
29.4,43.35,619.34
45.56,75.34,932.4
35.44,49.0,728.26
48.84,82.07,1035.13
49.76,27.75,881.71
40.62,23.67,723.53
31.36,58.88,696.34
31.62,82.97,761.69
41.93,68.44,891.91
24.75,118.51,778.6
34.28,19.4,611.16
18.03,97.19,611.77
31.72,82.18,759.97
36.55,104.59,926.18
36.74,39.53,713.9
48.42,104.5,1100.64
36.03,54.62,745.31
43.26,84.38,941.01
20.69,54.9,528.5
36.82,76.12,828.55
23.92,89.72,674.25
37.31,61.41,791.07
13.11,94.82,527.64
9.41,58.47,367.24
49.96,114.59,1143.95
36.05,90.84,868.03
47.61,56.26,936.61
21.12,57.95,546.93
43.59,57.46,882.14
18.49,118.09,676.63
35.91,25.66,660.93
20.27,38.62,471.27
18.99,58.16,503.2
10.2,93.3,477.59
12.98,54.96,404.28
23.45,65.91,596.78
30.81,15.31,558.68
35.66,49.86,726.26
29.71,27.67,565.05
46.4,54.79,914.94
11.35,21.51,282.97
28.36,82.22,735.72
6.22,59.74,325.23
18.17,116.94,672.74
47.12,118.1,1108.78
41.33,13.74,696.57
40.42,11.33,698.99
10.26,61.26,389.55
41.13,86.02,917.09
22.29,106.01,699.47
24.73,12.05,454.24
5.24,50.71,277.52
9.32,48.42,334.7
10.9,14.54,259.26
14.92,94.58,567.42
38.91,61.47,808.46
30.72,51.58,670.75
31.95,59.5,719.98
30.88,14.19,555.18
3.74,40.08,222.59
32.75,27.44,620.36
35.35,93.91,864.93
48.09,27.17,845.59
45.51,74.7,951.14
37.54,60.0,794.04
36.2,98.06,871.95
7.51,23.46,233.43
43.41,19.21,746.92
43.34,59.93,870.32
49.82,89.76,1060.28
23.45,87.6,661.89
8.87,19.97,239.69
24.23,10.88,448.64
34.19,67.25,754.52
14.29,97.16,560.64
36.07,71.67,799.89
42.88,93.54,976.17
29.73,110.64,832.12
48.17,40.65,886.35
1.26,89.51,337.98
19.17,28.38,420.68
44.96,90.82,984.22
36.93,101.21,899.07
35.93,78.6,829.19
37.61,64.49,804.27
25.82,70.45,652.12
42.88,63.34,889.63
31.42,103.28,828.5
31.22,110.24,836.11
1.28,29.45,156.39
14.45,72.87,479.88
44.34,78.25,955.07
31.79,30.18,614.98
18.4,95.85,616.66
7.67,97.38,464.42
15.72,93.73,559.63
11.01,20.05,277.54
12.48,23.15,310.95
29.52,78.82,741.38
40.83,110.06,997.26
4.38,18.82,169.69
32.89,60.96,723.07
6.82,105.29,475.26
4.6,26.73,199.3
38.6,78.19,840.44
42.15,60.94,850.64
46.51,83.71,984.94
31.26,92.15,785.86
16.3,69.16,503.05
1.4,55.3,235.35
3.7,101.14,410.96
31.06,25.31,595.14
17.04,48.26,455.26
8.22,101.05,490.28
44.23,6.82,737.27
3.81,23.58,177.99
31.88,29.24,614.86
7.9,21.75,233.97
29.48,42.09,619.84
21.94,15.28,430.4
25.46,34.6,545.23
11.71,68.2,433.7
45.76,6.25,756.03
5.82,72.05,354.91
10.43,13.35,248.57
2.85,75.39,317.53
45.38,65.02,927.8
45.27,108.69,1050.05
7.16,94.12,434.4
25.45,111.81,772.2
49.47,81.52,1026.1
3.9,72.67,322.53
39.54,47.97,780.23
36.78,6.87,618.76
30.59,118.38,853.0
18.04,11.4,358.26
6.65,20.52,212.73
6.06,103.57,454.25
26.05,67.6,635.93
10.17,78.05,440.84
13.23,59.27,424.12
1.39,14.07,111.66
34.87,95.32,862.78
42.59,20.39,754.9
38.72,18.45,685.71
25.37,111.07,773.0
25.04,17.28,476.41
7.82,10.37,198.62
32.68,89.97,809.45
31.27,49.45,649.1
49.81,49.15,964.92
42.78,104.17,1001.32
48.79,53.98,942.0
0.61,62.39,249.54
47.18,110.24,1094.58
47.04,8.69,774.18
9.78,97.04,491.43
21.15,110.41,696.93
24.13,50.49,562.02
24.57,113.1,748.11
9.06,53.31,349.17
22.86,74.15,620.76
5.37,69.45,336.29
31.36,28.79,609.23
32.46,62.24,731.9
45.52,84.8,973.79
4.02,24.02,181.24
49.64,51.78,954.88
5.01,73.31,344.79
46.0,114.21,1083.95
32.78,30.35,633.5
36.67,117.51,936.39
28.89,84.42,737.97
10.81,87.71,483.69
15.65,22.86,358.19
31.36,72.42,728.33
17.69,61.34,494.36
48.75,92.81,1059.88
26.54,28.5,539.93
36.19,53.48,749.0
5.87,24.9,215.98
40.67,34.74,766.2
33.05,18.15,599.37
7.61,36.32,277.13
14.09,105.12,579.87
5.9,28.87,225.87
4.12,60.63,295.57
26.19,112.2,768.22
6.07,78.5,368.51
10.94,13.92,256.96
41.17,12.37,699.19
5.72,15.37,182.15
29.62,81.22,735.17
25.53,99.01,735.98
24.54,95.93,706.54
20.66,55.05,533.81
37.65,73.02,837.8
22.68,34.99,494.0
40.05,8.64,681.69
11.99,44.74,359.66
2.55,24.99,165.1
13.33,25.25,327.77
20.9,51.6,514.68
48.35,56.37,942.45
20.33,50.57,508.84
27.53,72.19,684.75
25.08,5.81,440.7
29.77,96.78,791.03
32.62,107.38,860.0
39.4,8.22,665.95
6.92,58.02,325.42
47.75,38.9,861.72
31.68,27.29,605.67
13.37,103.76,564.91
38.66,57.84,808.17
36.58,49.53,745.61
8.35,49.95,322.36
15.22,73.9,506.95
25.85,110.74,762.76
5.01,84.09,378.75
18.89,40.13,454.35
9.03,35.51,295.64
14.57,23.14,337.99
13.97,16.61,306.05
45.32,5.2,739.33
30.23,110.34,833.2
11.33,111.08,553.2
1.34,50.4,222.44
24.14,31.74,509.57
30.19,35.33,613.51
8.14,5.63,187.84
17.17,61.46,496.72
33.34,77.05,786.79
33.45,36.23,670.21
3.75,38.96,219.8
20.62,66.35,568.49
23.93,108.97,735.03
19.33,65.42,534.15
13.03,67.51,451.78
4.4,66.13,311.54
39.67,81.13,874.93
22.58,71.41,607.56
9.67,39.61,316.5
17.74,26.57,396.61
17.41,74.96,543.32
37.12,45.76,738.64
30.06,45.99,638.51
21.96,53.6,545.88
21.39,6.95,399.22
31.24,106.15,833.93
27.19,32.13,551.55
2.21,51.26,234.56
47.68,32.42,854.69
6.91,19.41,213.19
6.91,30.27,246.62
37.49,36.58,722.31
10.0,103.76,513.16
16.31,38.21,413.9
9.07,48.91,330.37
2.03,100.06,376.0
29.2,86.07,740.47
40.74,45.0,794.89
5.51,102.33,445.59
27.61,74.28,687.64
0.78,105.12,379.7
14.6,62.7,454.11
34.49,54.4,723.6
31.54,99.71,828.91
38.99,87.24,879.61
27.22,49.09,596.95
17.77,85.39,561.44
6.71,116.26,495.85
2.61,86.8,353.01
36.85,115.82,947.31
45.8,34.74,839.7
36.22,11.98,626.07
34.93,66.22,775.33
47.8,9.25,791.72
44.02,73.3,928.49
26.98,20.12,502.14
16.13,93.8,571.79
3.53,79.37,338.13
30.23,21.26,572.74
6.29,78.44,380.26
11.3,75.36,441.41
11.12,18.4,275.03
34.41,99.15,864.81
13.68,106.89,581.75
23.82,35.8,512.87
13.38,70.28,457.45
12.05,5.35,243.76
34.78,72.91,788.77
45.7,17.32,791.65
37.32,71.63,819.31
30.43,8.04,529.4
25.31,74.48,647.51
17.39,89.13,571.56
46.63,117.05,1107.9
31.77,30.8,614.74
37.23,21.25,675.56
48.64,22.28,851.06
45.38,44.23,855.42
31.53,119.4,859.53
30.2,111.57,832.6
25.47,42.13,550.22
48.85,88.45,1065.38
23.64,6.98,424.95
27.39,76.9,685.09
7.88,75.2,393.91
11.96,91.16,495.28
24.94,5.1,439.73
43.21,6.46,712.04
31.49,99.6,816.02
18.42,54.72,485.98
10.5,31.99,303.95
22.47,10.25,421.08
1.71,77.56,308.33
41.87,40.93,806.79
11.85,100.64,540.5
36.91,36.79,708.2
33.93,18.63,619.82
34.77,32.46,660.68
36.44,12.0,634.33
8.69,26.18,259.29
48.9,80.98,1016.15
19.02,21.81,399.14
35.83,8.66,607.26
42.68,113.28,1039.56
9.75,56.35,364.08
2.69,9.61,121.65
37.56,44.29,764.38
38.21,60.78,808.2
23.83,53.12,567.38
45.33,108.8,1056.57
17.54,32.64,411.84
2.19,88.57,350.49
45.87,114.27,1065.91
0.72,41.46,185.43
40.47,103.13,978.4
22.41,46.28,535.77
18.67,94.12,608.74
45.25,37.47,842.01
43.97,16.95,763.3
12.95,41.92,366.73
43.48,53.14,857.03
48.17,72.1,990.25
49.68,69.99,993.96
0.59,112.3,398.76
26.0,42.42,561.2
14.49,111.81,602.95
13.3,16.77,302.44
8.25,65.06,368.37
23.03,90.81,667.45
44.64,72.31,928.69
25.06,88.91,702.16
36.52,53.82,765.3
31.78,78.9,764.03
39.34,18.25,698.86
18.4,38.92,442.89
30.26,30.43,588.14
29.2,74.27,712.18
21.21,49.02,511.21
25.17,33.48,521.82
39.25,86.54,894.11
0.51,73.62,277.75
10.96,6.45,234.58
34.65,103.64,879.71
7.66,13.43,204.42
20.03,89.0,605.99
15.84,66.58,487.28
27.79,62.79,655.88
40.26,35.69,764.95
21.07,110.08,691.56
32.39,69.9,746.67
34.46,78.61,800.47
13.76,113.88,592.76
49.37,90.82,1058.2
21.03,112.63,696.63
45.9,101.64,1049.06
15.67,107.22,607.08
46.81,103.37,1056.14
18.13,26.03,400.34
30.04,8.77,519.14
20.97,100.49,657.72
47.77,35.62,871.58
40.02,27.29,729.7
25.28,64.39,605.5
11.63,64.33,411.33
49.42,104.54,1103.9
44.44,83.84,970.42
41.16,9.45,687.5
25.04,50.55,574.17
49.18,88.17,1038.93
15.33,74.62,506.92
44.86,69.04,916.91
36.8,57.13,788.22
40.71,80.84,905.31
48.89,99.28,1087.08
14.42,54.69,432.25
28.44,58.17,653.21
3.43,31.1,194.27
17.89,91.34,595.82
11.78,105.29,542.99
14.5,33.23,364.31
19.52,45.9,480.49
8.43,103.99,489.35
45.04,27.4,807.44
25.5,74.21,652.65
24.32,106.75,735.79
35.85,105.07,900.34
48.42,110.57,1109.24
6.77,17.96,208.71
19.42,20.68,404.32
25.77,43.82,575.46
44.34,69.24,910.44
34.54,80.89,795.62
19.2,41.31,464.26
45.92,100.06,1047.51
44.38,111.68,1052.4
11.48,87.51,491.87
13.54,84.9,511.3
20.79,100.92,660.55
9.6,87.54,459.48
27.75,69.08,677.56
12.33,68.89,443.52
41.53,105.37,983.36
12.02,113.73,569.72
23.39,53.14,565.43
28.99,17.69,547.23
17.93,98.42,618.36
16.81,80.7,544.07
29.64,22.21,561.77
9.65,84.93,449.29
48.25,18.74,818.6
11.47,18.68,276.7
32.65,90.83,816.57
7.71,41.78,291.64
17.56,31.69,408.29
41.8,114.77,1009.51
6.9,99.66,450.68
5.95,118.85,501.56
32.95,117.95,876.0
12.74,118.11,593.15
13.04,7.73,262.47
13.44,77.98,486.7
18.53,51.26,482.04
6.54,29.59,236.06
36.0,41.02,715.0
11.14,36.16,321.72
31.26,90.08,788.14
22.99,95.58,693.23
10.06,22.5,265.84
35.64,34.51,700.06
16.58,108.12,634.34
5.78,25.57,210.08
2.28,53.8,247.96
29.91,47.41,643.15
9.09,80.1,425.16
41.38,19.86,720.79
6.89,30.81,241.82
25.41,39.73,552.2
25.56,36.93,544.16
37.31,85.56,869.82
24.78,32.47,529.55
23.27,14.42,442.84
1.39,42.71,198.22
35.75,98.77,872.18
24.15,25.83,486.97
18.55,45.1,456.13
7.03,110.03,485.26
49.03,80.87,1023.35
18.09,21.8,389.64
1.75,88.4,342.67
49.94,78.56,1045.15
27.93,91.19,740.82
29.6,9.4,515.68
42.86,91.25,963.69
28.87,61.24,665.62
32.24,94.96,804.74
4.54,86.47,378.99
11.11,67.01,424.44
25.38,59.71,603.82
9.55,16.19,241.58
12.5,35.3,340.77
36.9,99.14,894.84
16.69,40.09,422.21
15.03,87.07,542.31
17.56,72.45,529.67
27.24,57.9,635.38
39.27,12.03,684.1
23.87,17.11,462.35
12.62,83.16,487.9
28.24,31.26,572.55
20.9,43.73,492.19
29.1,12.64,527.11
12.72,24.81,319.17
25.22,112.28,756.34
11.03,46.88,352.01
49.66,49.53,936.52
47.06,49.9,902.88
42.85,8.69,717.14
48.24,53.09,938.89
7.08,13.3,193.38
41.48,53.84,822.75
3.54,47.29,245.15
25.55,93.02,723.07
6.21,12.36,180.24
8.36,93.78,454.15
2.03,83.81,333.24
42.84,91.72,971.41
37.99,34.42,713.45
26.62,41.16,572.14
7.27,88.71,428.79
13.16,24.38,322.4
5.32,70.75,334.18
1.26,107.56,392.33
23.59,34.31,508.53
37.33,112.16,945.27
16.11,46.03,424.49
20.59,114.46,701.87
47.6,59.75,927.16
43.25,11.76,720.51
21.94,33.81,477.96
48.28,40.16,886.62
41.31,67.39,875.14
48.98,53.69,940.5
36.98,80.8,837.76
39.03,13.45,680.57
5.84,15.85,185.39
35.97,41.25,717.43
49.31,107.24,1133.87
34.06,35.09,669.83
29.47,95.77,776.69
22.77,16.85,437.91
39.2,85.56,890.49
4.88,76.46,353.93
25.8,40.86,563.63
44.41,53.62,880.39
40.9,118.83,1024.93
37.56,8.91,637.05
23.89,108.37,733.47
37.55,113.55,955.57
16.27,61.79,472.06
28.08,9.16,502.51
38.76,70.49,834.45
13.91,51.58,414.59
12.01,112.46,560.77
37.9,36.43,741.45
14.71,21.43,331.59
33.93,56.79,725.45
29.23,88.44,750.85
14.55,89.54,534.02
37.37,80.92,844.44
13.89,19.05,314.49
39.59,33.46,732.72
27.4,15.39,500.54
10.95,47.19,355.31
38.19,90.56,885.86
14.39,63.12,454.23
43.54,116.35,1037.45
34.83,43.67,712.51
31.46,33.03,619.06
21.3,76.09,596.75
39.55,98.19,969.28
40.32,35.63,753.49
3.93,41.08,234.41
2.12,41.13,204.64
36.48,30.47,691.19
30.99,118.74,868.34
7.17,45.95,297.54
13.14,45.65,382.67
7.57,94.17,437.08
9.29,20.36,247.42
44.88,12.8,759.75
47.67,14.82,806.41
40.89,107.59,971.57
34.03,85.8,810.7
39.11,100.52,946.7
7.18,63.73,344.98
30.84,23.6,588.92
26.83,91.08,724.28
9.12,17.19,236.52
27.63,106.34,774.96
21.59,64.66,569.22
24.57,27.19,497.56
29.83,67.63,702.04
38.47,37.95,735.65
34.53,27.97,653.77
22.37,33.13,485.83
20.26,33.76,459.35
4.13,80.91,359.05
46.56,13.57,801.64
33.55,31.05,642.63
8.57,95.19,464.59
46.49,84.4,1004.97
45.49,23.58,799.03
1.86,64.52,272.89
16.25,10.01,319.1
9.6,64.25,384.29
30.5,59.33,677.75
22.37,14.8,428.3
43.32,10.39,725.01
38.86,40.96,753.94
6.1,66.12,342.72
2.0,20.16,139.13
25.22,31.31,532.19
45.84,107.57,1040.93
32.04,34.6,630.33
48.28,5.67,796.05
28.7,15.17,535.19
34.64,95.34,845.4
29.87,33.9,600.19
8.42,100.05,476.88
48.65,78.28,1022.16
17.46,82.73,551.54
27.47,111.89,787.5
36.39,39.6,718.42
13.98,50.05,416.14
13.26,90.86,522.43
28.57,53.78,639.85
33.04,6.76,568.66
15.42,107.2,604.26
45.06,60.92,923.14
28.54,48.95,615.44
19.58,116.13,699.08
6.01,17.1,191.26
20.21,15.87,399.75
27.68,72.08,675.5
4.88,94.42,407.55
32.69,23.62,616.38
28.52,72.28,688.85
10.9,77.34,447.31
36.97,71.28,820.7
33.83,60.79,742.83
26.86,73.35,671.0
49.51,118.28,1142.27
20.11,112.79,690.6
14.77,119.92,632.16
26.01,34.37,538.82
47.46,76.2,984.79
36.2,39.24,701.19
44.04,24.05,777.53
5.66,39.54,252.4
49.96,15.85,841.08
31.15,90.71,782.5
37.72,5.99,641.68
26.12,48.61,596.15
39.97,44.55,777.39
22.26,29.62,467.78
30.57,106.68,818.62
39.95,91.02,942.16
18.67,74.48,548.45
18.63,17.16,384.07
49.39,14.88,834.84
43.33,45.93,827.04
38.55,82.74,885.32
1.2,111.85,405.19
41.55,112.85,1015.11
10.55,41.71,334.22
16.1,17.55,341.89
3.1,94.18,380.61
45.28,92.87,1011.35
44.44,62.12,913.76
49.42,16.89,846.32
29.24,88.47,762.53
42.09,104.23,989.37
1.3,20.16,129.33
13.56,87.92,525.51
24.58,68.89,624.42
6.0,94.3,419.55
16.76,30.26,396.35
40.79,90.91,921.57
9.01,10.78,218.76
2.76,26.52,171.18
18.23,56.17,487.45
29.91,80.8,731.5
40.58,110.54,998.23
16.14,6.96,311.18
45.77,29.93,833.9
43.13,12.89,731.97
42.92,18.55,746.73
5.32,42.19,259.96
44.12,67.2,921.61
19.97,46.27,490.68
45.32,115.86,1085.3
15.35,65.91,472.9
3.14,104.79,413.18
27.01,70.64,677.59
7.7,75.62,393.69
23.74,108.15,735.61
17.99,116.19,668.63
43.82,72.19,912.17
38.75,71.77,833.92
20.38,78.15,587.77
40.28,45.38,778.65
1.37,60.59,253.7
25.31,92.99,702.99
43.25,33.87,807.88
43.15,54.46,874.37
3.07,71.03,306.74
38.41,42.18,744.43
12.33,79.58,465.42
17.68,17.48,363.55
18.36,96.77,626.06
8.6,13.02,214.4
44.06,43.11,847.35
35.53,91.97,855.98
34.26,17.17,619.74
20.77,83.63,608.7
8.7,66.93,381.68
12.56,57.03,405.12
33.56,105.86,880.45
25.87,104.15,747.89
33.31,63.5,736.56
8.75,94.65,470.91
49.5,37.08,891.85
32.35,73.25,747.2
45.99,93.12,1027.12
29.84,102.71,806.32
42.13,110.71,1015.45
23.69,61.41,585.46
23.27,101.31,700.17
10.43,33.95,302.28
33.19,18.45,603.94
2.67,19.6,146.82
43.24,102.31,992.48
46.86,7.97,766.71
29.22,73.7,703.35
33.73,116.24,886.79
44.59,81.71,968.33
44.34,77.77,937.82
33.37,16.94,598.05
32.75,42.51,682.13
29.28,53.77,643.08
20.09,48.04,496.41
36.95,86.24,865.04
16.07,95.07,580.53
25.1,27.25,505.32
9.32,92.26,468.39
38.62,95.94,923.75
36.27,100.91,893.12
35.58,71.65,801.27
34.68,40.94,688.81
36.92,68.3,792.29
6.28,29.95,236.18
38.56,36.22,741.58
46.38,73.97,956.56
40.05,117.28,1004.37
18.5,60.48,514.58
42.17,103.14,995.06
24.11,40.8,539.96
0.67,92.92,335.68
42.25,11.01,708.12
46.42,5.16,761.23
5.56,82.53,383.66
44.84,55.38,894.81
15.11,54.03,436.31
14.45,56.29,444.62
32.05,72.14,740.78
15.01,113.95,608.84
27.95,91.13,738.89
1.11,36.78,177.04
20.72,112.05,706.09
4.93,75.79,349.35
11.08,77.21,446.91
1.9,73.11,295.15
23.52,50.19,551.24
48.6,118.83,1123.01
45.58,96.26,1019.62
25.81,47.02,583.47
9.64,97.78,487.37
1.4,110.87,397.34
0.64,69.35,267.65
12.6,77.6,469.61
25.5,69.92,640.67
22.9,57.67,570.65
7.06,27.66,244.82
7.52,84.73,406.38
40.02,42.47,785.78
28.62,13.56,524.42
40.22,106.71,983.85
38.02,102.12,914.7
47.24,110.18,1075.29
27.65,47.15,603.8
8.1,78.54,410.46
2.61,48.6,233.52
46.6,114.92,1103.77
40.88,118.58,1044.52
41.89,61.67,873.0
20.63,75.7,593.73
33.58,90.76,832.34
33.89,60.25,741.61
2.02,119.14,435.82
41.51,82.15,919.97
3.29,69.33,308.55
14.22,47.49,411.93
25.39,59.59,608.26
15.45,67.09,479.0
37.98,44.39,746.27
3.04,44.52,231.73
48.12,90.82,1049.43
21.73,39.4,495.74
25.74,82.94,678.52
12.24,42.22,363.6
8.98,74.97,406.96
3.04,68.2,299.25
17.51,100.04,607.89
11.67,14.93,274.19
15.09,74.32,503.76
38.91,44.97,759.56
1.67,117.86,428.99
15.34,37.07,397.89
35.64,92.78,869.15
3.83,52.48,263.82
20.92,75.86,590.25
9.34,40.08,313.62
43.5,95.99,1008.83
48.3,73.68,1003.24
42.08,87.65,948.17
25.26,36.42,539.8
41.98,21.19,746.36
16.08,53.86,457.23
4.35,52.1,268.47
24.59,93.05,695.83
26.62,79.46,692.82
16.77,118.34,654.09
25.64,31.55,532.94
25.97,83.58,691.03
1.77,100.62,378.49
39.7,20.28,711.82
26.16,51.15,593.87
45.32,15.73,793.56
30.62,35.39,613.15
28.38,86.48,747.82
13.18,100.78,554.41
22.76,118.53,746.51
9.43,68.9,397.14
12.54,89.81,506.26
8.45,105.67,495.39
18.38,54.98,488.76
11.95,81.58,467.21
25.19,95.63,715.16
13.35,112.46,575.99
26.34,24.95,517.88
1.88,65.48,274.04
17.19,115.83,658.44
16.14,30.71,382.2
48.5,97.3,1084.83
49.57,73.22,1022.9
5.54,12.46,172.55
37.53,17.51,674.02
47.27,68.38,961.4
48.07,69.7,981.06
28.39,113.51,817.39
1.44,32.58,169.72
20.94,72.02,574.53
41.92,102.26,992.22
31.93,110.93,856.92
40.03,114.62,1000.56
7.31,117.55,512.41
38.81,95.9,915.73
36.87,65.88,811.31
24.98,73.5,651.66
42.4,40.98,806.9
34.53,27.47,650.44
24.31,29.17,502.08
21.53,53.89,532.29
10.84,113.93,550.25
23.87,118.72,768.33
32.36,19.65,583.66
40.21,110.36,960.64
4.57,41.11,244.33
21.59,88.11,639.19
14.69,109.86,608.22
13.16,84.76,500.66
20.56,8.62,389.11
8.01,26.15,243.14
23.51,44.41,527.62
7.43,25.84,233.4
42.48,23.71,751.66
48.43,12.6,828.83
41.6,61.52,844.14
18.44,110.42,652.37
18.37,53.17,488.62
4.66,85.97,380.27
24.39,20.39,470.75
19.41,71.74,552.19
36.75,74.62,831.85
43.75,103.98,1022.24
8.08,33.87,266.68
7.02,38.09,269.67
48.78,44.9,910.58
5.61,116.38,491.09
38.98,88.51,899.3
36.07,28.71,680.64
35.01,6.62,593.79
1.1,58.13,238.43
26.38,76.48,685.81
1.78,67.14,281.27
39.36,12.95,667.43
45.73,26.37,807.96
16.26,108.32,621.19
2.14,118.26,428.01
41.33,77.96,887.78
31.33,73.79,744.07
42.01,37.36,803.56
24.79,100.52,726.31
7.0,89.4,422.5
18.63,14.61,374.9
32.25,68.53,724.19
43.87,50.85,877.61
32.94,75.77,765.79
1.56,54.25,235.62
24.32,99.61,702.08
23.37,32.37,494.51
5.02,18.0,180.51
12.11,17.73,282.98
47.48,76.58,999.95
3.88,30.8,205.12
46.49,70.78,944.45
7.12,51.3,309.52
46.16,10.6,770.05
29.45,60.61,672.86
33.5,67.41,766.0
1.74,67.22,275.98
6.14,55.14,306.16
46.82,107.18,1077.7
21.04,5.69,383.94
9.15,110.36,519.64
45.75,59.2,911.5
28.42,41.78,610.01
8.39,90.85,446.81
16.98,72.56,524.81
12.72,102.46,554.35
11.69,9.76,249.95
9.1,10.31,222.75
2.71,15.41,135.67
24.53,96.91,702.88
44.43,110.51,1050.76
16.59,75.84,530.06
25.68,115.4,781.3
10.37,44.74,342.06
36.74,103.86,918.77
35.28,78.15,798.38
20.6,76.32,574.19
20.63,21.96,418.3
20.59,18.51,412.8
6.98,97.08,444.18
33.56,75.07,780.62
35.81,59.56,772.54
18.88,30.18,418.52
20.73,92.78,627.19
41.68,106.39,992.09
21.95,48.09,520.45
34.72,94.96,856.96
20.17,25.08,428.12
13.82,58.35,431.22
19.62,25.11,406.65
31.4,33.97,626.9
11.12,98.65,517.88
6.6,30.76,243.07
28.99,103.58,803.9
12.02,64.42,413.44
44.35,104.7,1029.08
20.82,81.57,611.34
21.13,9.82,392.55
2.93,7.37,117.2
46.6,33.99,856.25
23.64,14.04,446.4
27.82,15.14,517.83
25.69,30.57,520.87
26.13,12.93,482.28
11.81,80.92,459.84
3.06,60.75,276.61
43.79,77.7,955.87
47.95,37.67,883.59
37.39,108.75,942.91
27.78,104.15,796.95
22.53,21.75,457.55
27.9,117.41,826.37
32.34,45.01,675.47
8.9,30.82,274.31
5.05,43.61,258.65
14.96,56.85,441.2
45.42,43.51,851.15
39.38,76.97,880.62
29.96,5.99,514.64
3.9,91.55,374.91
7.72,23.09,232.21
39.99,100.34,934.03
46.67,76.76,985.41
39.93,5.38,672.19
17.24,88.55,573.43
33.05,22.51,611.02
36.53,118.96,957.33
47.92,97.03,1081.01
36.54,5.97,618.43
5.57,73.66,348.5
19.99,102.84,657.89
46.4,18.37,804.33
29.48,94.64,787.19
11.53,66.07,418.51
5.7,20.69,197.02
30.94,17.17,576.42
45.24,77.03,974.26
49.29,8.56,809.09
30.76,40.6,642.47
8.38,88.2,439.38
17.2,49.67,451.83
37.78,81.04,841.23
45.98,6.22,772.3
49.46,60.17,958.09
42.7,69.63,911.27
33.31,79.62,783.4
40.48,38.32,770.55
42.52,74.99,922.93
32.45,86.27,781.82
41.21,23.37,737.35
43.09,30.36,792.28
1.94,70.93,292.44
17.83,15.21,372.91
12.07,26.18,312.12
38.96,116.44,990.76
44.27,62.25,907.95
30.76,38.86,626.96
28.44,119.1,830.01
47.67,117.87,1126.99
11.94,107.99,546.29
33.89,110.06,898.02
25.19,52.66,584.42
38.25,94.36,901.22
36.43,9.5,627.68
17.91,24.06,394.89
44.27,118.68,1070.89
13.43,100.72,550.17
17.63,87.18,588.27
42.97,59.1,889.54
42.36,46.79,824.32
25.17,60.01,599.77
40.51,69.94,867.79
11.62,19.89,286.82
43.48,11.46,744.34
1.48,64.29,258.54
19.99,93.97,635.02
23.94,29.86,503.28
42.43,44.29,824.85
48.79,108.29,1104.14
49.91,104.92,1101.75
47.67,105.81,1093.72
12.42,61.25,413.61
14.97,117.78,630.64
30.97,53.38,668.37
4.21,73.16,332.63
25.84,46.3,572.16
47.23,38.78,875.81
4.05,24.49,187.1
13.98,55.13,422.77
46.47,39.02,859.93
9.33,57.46,363.84
12.09,108.85,558.58
30.41,12.59,540.84
36.76,58.92,784.38
16.48,60.72,481.97
13.41,28.17,334.74
0.94,38.16,178.52
1.19,48.07,213.45
20.76,101.23,666.91
1.95,94.43,363.47
41.13,69.57,878.67
13.61,78.97,490.5
24.1,79.89,651.08
1.19,76.46,294.31
21.84,115.9,728.48
44.27,52.24,863.34
2.24,39.21,200.54
47.04,115.24,1095.57
7.61,73.49,388.83
32.5,53.83,706.56
39.26,62.76,834.14
39.69,7.93,661.76
13.89,15.5,307.15
10.02,119.08,561.59
8.56,28.47,263.43
28.11,45.2,601.14
40.67,54.63,839.25
28.83,41.92,614.22
20.15,36.74,468.5
30.9,113.46,856.38
27.38,65.44,654.65
48.1,74.68,996.1
12.87,84.87,504.05
46.2,101.74,1041.8
26.09,70.73,646.94
10.09,31.45,298.08
42.04,112.29,1026.68
15.76,103.85,599.78
13.97,36.01,367.99
35.36,111.77,920.78
19.67,87.54,612.48
40.15,91.63,924.25
33.16,60.0,728.29
48.1,74.83,993.36
32.98,41.25,665.24
17.63,107.65,631.66
15.89,13.75,330.19
28.03,24.93,546.53
3.44,39.6,222.81
31.01,43.58,651.66
17.83,43.63,448.47
41.08,41.66,793.48
7.3,82.59,401.19
9.67,10.73,226.05
5.87,100.9,445.03
38.24,83.63,874.29
6.84,12.05,190.42
16.26,14.99,337.76
22.47,25.52,463.72
18.73,82.63,571.15
49.54,87.66,1042.89
25.94,71.63,652.22
4.47,79.66,356.27
18.54,11.38,359.61
45.86,28.34,819.65
7.61,77.01,405.49
22.08,58.72,561.56
39.05,30.29,730.18
9.9,38.78,314.49
9.98,7.36,220.89
1.53,91.59,344.2
39.88,52.31,798.92
41.95,113.68,1026.52
12.2,83.94,480.73
24.01,16.22,463.71
9.07,12.08,226.82
45.85,67.35,949.01
13.4,11.84,286.36
37.0,6.68,631.4
24.66,42.46,535.86
40.39,56.4,826.38
0.67,113.61,403.73
40.91,23.67,730.8
23.96,9.62,444.03
12.23,18.47,286.46
25.6,66.75,641.43
34.94,102.22,887.53
11.53,70.52,436.06
22.29,115.37,729.67
38.57,87.62,865.45
26.56,38.77,562.26
45.27,96.35,1015.04
4.02,83.55,365.84
19.03,105.1,647.51
30.28,84.6,760.98
28.62,64.11,666.71
38.52,7.15,644.35
39.06,65.58,824.8
24.02,28.48,504.44
5.41,71.56,343.68
21.27,68.8,580.03
45.44,20.94,795.85
2.46,80.45,327.88
32.16,49.07,687.49
8.67,31.63,274.65
25.86,52.12,598.9
45.9,31.45,834.0
15.46,23.64,352.23
22.76,97.3,688.06
25.89,18.77,504.61
36.1,79.22,821.22
6.4,40.0,267.53
2.84,9.86,122.61
32.35,68.03,740.58
48.74,77.55,1001.66
22.73,100.17,688.63
26.62,63.02,629.61
46.09,38.66,852.63
26.78,117.23,793.1
27.0,56.49,627.07
40.99,24.43,738.69
40.26,101.73,969.33
22.32,78.79,629.22
37.01,19.12,657.35
42.14,83.2,925.94
22.81,100.0,695.36
4.3,63.55,305.89
35.48,28.86,663.21
39.82,61.76,817.79
24.9,54.55,591.11
7.86,54.94,326.65
45.24,119.48,1076.09
16.07,42.63,417.25
32.4,62.06,727.65
12.94,95.19,535.02
42.45,73.81,915.7
30.22,64.94,699.48
18.13,106.53,641.07
27.1,68.8,655.91
32.77,63.17,735.68
33.05,103.69,853.13
14.16,78.26,493.15
40.71,5.29,686.59
29.95,75.56,742.04
8.78,83.75,435.45
17.12,56.99,476.23
31.27,101.41,806.33
24.43,42.17,553.64
17.66,52.64,472.23
28.36,38.81,589.26
17.95,10.56,349.7
29.38,25.23,558.33
31.7,102.79,827.57
31.85,67.39,729.48
6.58,15.92,196.5
5.36,34.96,232.9
46.79,103.24,1062.46
48.6,9.89,811.54
45.15,65.71,928.18
39.5,10.9,675.4
49.86,106.07,1111.54
15.85,49.43,442.41
17.39,22.0,374.22
37.48,57.67,782.63
33.83,63.12,766.48
32.6,104.76,866.74
30.89,66.09,719.61
9.01,43.6,313.81
20.6,92.32,647.1
0.78,83.08,303.62
17.36,24.88,384.25
17.05,50.01,464.36
22.95,96.57,679.28
32.17,26.8,610.55
47.31,106.95,1078.26
4.7,71.02,328.15
14.31,89.67,533.39
39.14,65.8,833.75
3.31,66.62,299.77
14.57,37.57,382.66
16.61,105.19,619.38
30.1,102.6,809.87
14.9,49.58,408.14
28.6,113.91,811.93
0.85,102.86,372.46
18.53,41.22,448.4
19.87,92.33,628.42
45.39,119.84,1104.79
2.81,37.87,205.86
18.89,117.19,683.57
11.64,88.96,493.64
37.39,59.3,790.15
18.73,97.79,626.11
7.09,20.06,216.46
21.56,66.99,579.06
11.7,39.27,342.88
30.78,111.98,839.82
37.08,88.15,876.56
47.37,112.21,1093.5
2.42,74.5,305.57
49.62,38.49,918.45
11.22,60.68,402.49
22.28,52.17,539.5
31.48,14.33,569.64
23.96,114.91,759.81
29.18,84.95,744.2
21.88,7.85,404.03
36.55,115.96,926.43
26.2,88.77,706.57
0.53,107.03,379.44
6.56,82.26,399.13
7.32,63.37,350.55
16.24,100.56,590.29
40.1,119.82,1002.62
9.34,73.69,410.71
29.81,9.98,534.14
13.77,105.28,557.92
8.47,34.2,278.63
36.26,54.22,761.26
31.98,111.74,863.48
17.83,82.32,571.13
47.54,15.83,804.9
19.32,105.49,660.43
27.52,12.76,508.48
26.68,24.19,522.98
22.53,111.3,730.93
39.4,15.43,693.24
29.29,48.23,631.95
39.17,23.57,705.43
15.96,37.76,402.47
38.41,7.55,644.74
6.07,87.82,410.96
11.89,97.43,524.25
24.25,75.18,634.73
5.08,73.68,349.69
27.62,74.91,689.06
24.94,111.28,776.14
26.93,75.99,686.12
1.71,69.08,281.8
19.5,74.45,573.58
1.51,51.68,225.69
41.65,33.77,776.02
48.84,12.38,814.27
3.97,73.44,328.1
41.61,27.87,746.41
36.11,63.02,801.11
37.42,41.65,732.83
11.72,115.94,575.54
8.84,8.47,210.37
14.93,111.71,607.93
41.88,55.81,849.29
32.89,43.46,661.11
3.53,21.03,166.28
14.89,117.27,623.09
22.27,49.5,524.47
2.72,66.47,287.19
32.53,31.8,641.91
13.63,41.13,375.56
28.36,28.05,563.02
14.61,32.08,366.85
36.2,30.29,698.73
0.95,83.26,313.05
15.63,90.88,554.45
31.48,26.19,610.35
19.75,33.28,449.44
34.11,75.25,789.2
24.68,91.64,691.09
9.94,34.69,299.55
19.63,90.79,634.3
28.46,86.68,740.43
23.35,8.88,423.83
12.11,7.96,250.51
49.38,104.88,1099.96
41.37,62.63,853.15
28.25,50.19,629.39
8.98,13.35,222.73
36.04,110.97,924.71
8.52,59.16,352.12
46.08,107.17,1073.3
5.64,8.15,158.1
31.13,38.74,632.52
46.87,96.39,1028.47
35.21,38.25,699.25
2.36,63.47,280.22
43.35,45.76,836.95
22.75,59.1,575.13
26.34,110.1,768.92
32.69,29.37,625.88
17.67,51.82,465.44
9.59,117.5,548.55
1.15,51.8,220.57
15.8,48.93,444.78
29.38,77.53,722.94
42.31,106.97,1002.33
48.08,113.95,1115.06
35.73,64.51,785.95
43.95,81.5,946.05
31.64,27.2,614.36
1.34,78.75,303.72
38.45,43.49,754.54
35.51,98.95,870.86
43.19,66.0,906.56
28.37,71.54,689.6
21.98,47.87,511.51
17.51,119.27,668.28
17.14,34.48,415.02
45.59,95.6,1002.74
42.19,103.79,993.4
23.19,49.3,546.46
19.4,80.01,590.71
19.42,40.78,457.12
17.98,97.43,614.1
41.72,60.86,859.01
12.5,82.5,483.66
11.88,69.08,443.03
13.06,113.1,576.79
11.18,87.42,484.23
35.54,73.67,815.83
18.33,112.8,673.99
24.22,7.34,431.51
18.49,74.95,550.22
1.62,105.07,383.51
15.9,58.55,468.0
12.78,5.5,258.04
6.65,7.57,172.11
43.03,36.53,794.31
2.81,90.66,364.18
6.69,7.96,173.86
22.1,38.22,496.35
16.31,5.45,311.06
28.84,81.6,731.34
39.98,74.91,871.77
18.88,99.66,642.0
43.33,20.85,777.17
4.64,111.9,457.33
26.25,79.23,677.61
6.49,35.36,251.48
24.87,100.87,713.95
2.71,76.53,320.92
21.3,118.2,728.69
1.11,94.45,352.01
10.13,72.37,427.94
7.11,57.54,324.15
2.33,9.71,114.53
38.98,58.95,812.67
3.27,10.18,131.03
35.4,74.62,802.23
47.42,31.5,865.23
27.81,33.34,566.4
10.84,91.58,487.45
30.44,71.52,720.56
23.98,103.03,727.04
6.22,10.74,176.66
1.91,21.93,144.33
37.74,27.05,711.84
18.66,107.18,655.08
45.73,87.13,1006.77
47.72,7.85,790.18
6.03,29.71,231.41
42.68,63.2,864.43
26.05,77.85,668.17
33.25,5.15,561.9
18.67,56.79,504.4
42.54,6.63,710.5
48.21,78.92,1002.53
13.43,64.78,445.91
18.99,49.09,484.26
48.37,87.68,1027.49
28.19,46.03,615.5
12.39,107.99,551.53
46.62,27.69,825.74
37.4,80.07,842.43
25.03,113.62,775.06
1.65,96.35,361.12
12.0,11.87,264.07
49.6,105.03,1129.31
28.05,98.33,767.11
42.32,31.77,796.94
48.93,83.51,1027.82
44.93,102.3,1040.27
19.18,48.62,484.48
39.16,20.47,704.95
21.29,113.18,697.75
47.95,62.8,974.37
23.13,26.86,478.98
37.47,89.85,887.47
30.88,32.17,606.6
32.78,31.87,641.73
46.51,34.54,847.29
46.44,32.46,838.79
46.41,32.85,833.03
18.59,89.43,603.52
21.89,27.59,455.83
36.84,8.11,621.03
23.18,83.18,638.45
23.24,73.35,608.08
46.73,114.92,1109.86
29.3,13.24,522.05
24.42,26.68,496.15
35.34,14.25,626.75
12.77,112.44,580.27
19.74,115.46,689.47
11.71,14.67,270.93
8.25,77.71,412.7
16.93,116.39,651.49
2.97,12.24,132.13
39.88,61.33,835.01
13.85,6.55,268.51
17.54,71.48,534.1
36.58,85.6,860.31
7.86,18.98,221.33
39.4,84.78,890.22
45.77,20.31,801.0
43.57,45.52,837.48
9.48,61.43,374.31
47.51,42.71,898.53
31.69,46.65,666.96
49.55,26.55,885.44
0.53,85.73,315.49
13.69,24.52,328.24
6.29,46.88,285.78
29.82,104.72,802.92
4.16,73.54,333.99
27.18,102.3,762.94
21.47,116.46,720.83
39.88,8.88,674.3
18.56,44.88,467.98
29.96,66.02,703.57
7.63,34.58,273.19
42.13,81.27,913.62
0.88,40.87,185.41
3.21,60.46,277.96
42.46,86.02,952.93
6.7,79.12,389.5
7.56,50.14,310.83
28.55,10.79,508.28
23.38,103.73,705.6
9.77,44.96,325.23
31.47,34.51,624.19
38.73,63.09,822.05
28.68,43.94,607.57
1.05,28.08,148.04
29.09,86.92,744.06
42.87,79.4,939.7
49.28,35.02,908.4
13.68,19.53,310.9
13.87,60.51,439.44
47.9,115.84,1108.72
43.33,105.68,1031.63
45.55,78.6,967.88
1.59,109.29,394.14
14.71,8.28,295.11
33.32,32.73,654.74
25.39,34.63,537.65
24.26,74.01,633.95
32.76,13.16,576.49
34.26,32.17,650.89
36.79,57.7,771.53
10.59,100.64,514.4
16.65,52.36,459.36
22.37,33.74,492.6
38.33,25.75,699.89
9.71,51.27,354.08
11.47,20.64,285.46
5.74,116.84,484.8
0.75,80.7,304.69
5.81,45.55,271.64
36.73,44.79,730.06
3.79,18.26,161.07
43.84,6.29,734.06
28.61,89.04,751.87
32.79,57.39,718.18
48.61,79.9,1017.27
10.27,56.51,379.66
33.55,64.2,745.69
34.18,7.77,582.01
32.99,18.11,603.11
6.17,9.1,170.19
18.42,95.59,617.92
31.49,76.31,749.4
13.29,17.54,301.95
33.29,33.59,636.79
7.59,115.21,505.93
46.7,14.73,794.32
38.8,22.38,708.23
7.05,107.44,477.68
43.57,81.76,957.8
9.66,42.83,324.58
49.27,67.83,987.7
32.97,90.8,811.39
20.91,73.38,577.11
42.6,34.23,804.66
4.83,63.98,313.79
7.65,67.0,363.01
42.55,43.5,825.0
9.94,58.51,379.01
18.2,13.14,357.65
16.93,99.41,596.6
34.18,5.91,581.37
1.23,94.34,350.72
47.92,118.3,1118.45
8.49,69.5,379.21
46.27,91.71,1040.98
38.34,36.0,729.19
15.3,15.9,318.08
6.75,25.78,227.12
13.15,57.41,416.37
25.72,40.52,558.0
39.48,111.29,984.65
8.58,54.21,334.71
0.94,98.84,357.41
6.02,119.48,500.85
8.15,64.27,370.32
13.42,34.02,351.93
22.81,101.94,705.79
4.85,73.38,337.03
41.57,113.43,1031.97
23.53,57.46,585.67
33.57,30.63,645.55
3.66,114.16,450.84
41.51,39.53,780.7
31.95,17.41,589.76
39.63,18.93,684.46
22.32,39.47,508.47
0.77,91.14,332.61
40.61,108.66,970.51
21.65,116.52,732.5
44.12,58.31,889.34
42.95,107.55,1023.47
5.05,116.0,470.47
39.7,81.46,872.82
44.71,51.07,870.93
23.4,88.27,665.21
15.41,58.21,458.93
3.5,86.12,358.3
19.26,9.78,368.09
30.17,89.18,779.15
32.93,89.05,815.11
18.6,32.96,434.11
45.19,116.54,1068.63
11.52,82.13,467.78
9.06,94.71,468.4
21.05,85.51,623.53
47.86,23.88,838.87
48.42,116.71,1114.28
11.78,41.72,352.72
48.63,107.71,1107.27
11.15,92.37,496.87
48.02,10.84,803.73
8.45,60.68,359.34
48.24,76.08,1003.69
13.2,7.89,273.56
46.35,41.9,861.39
43.85,50.41,859.75
22.39,110.09,702.12
23.68,36.89,509.33
12.32,11.64,271.75
4.33,110.22,445.45
35.06,102.79,876.1
8.98,55.34,347.77
15.54,72.52,496.37
1.32,52.01,228.17
10.19,98.15,498.46
21.03,25.43,445.17
49.8,94.81,1089.81
7.69,42.09,288.54
39.51,65.57,838.21
47.25,72.77,969.43
7.89,102.7,476.65
49.54,52.75,955.93
47.97,32.39,876.85
27.47,52.01,607.51
25.14,76.85,659.68
4.52,90.44,391.72
21.58,12.09,411.45
23.34,20.83,460.65
19.01,14.53,379.26
0.67,115.46,406.47
12.33,109.78,564.73
46.19,103.27,1044.38
4.88,108.11,447.9
43.85,54.96,882.67
40.45,89.14,911.49
30.97,31.62,614.87
40.23,18.36,701.8
9.77,83.25,451.46
30.93,94.26,780.56
40.38,37.21,759.29
42.18,102.23,990.53
15.33,23.47,350.8
5.03,83.27,372.53
34.07,75.61,785.54
45.16,9.25,762.1
6.08,52.4,297.13
28.59,40.35,600.41
44.41,66.33,920.71
38.33,55.4,792.1
24.11,79.51,656.96
13.24,20.04,306.54
11.34,83.08,476.61
16.44,108.6,628.24
22.86,64.08,587.72
27.3,40.34,581.45
16.1,69.28,493.41
44.25,54.07,894.04
14.03,5.92,281.34
40.61,112.16,999.55
19.61,68.81,549.31
22.05,38.73,481.63
26.63,11.15,482.8
46.4,88.29,1012.22
14.85,30.54,364.24
35.0,39.85,694.4
11.46,89.52,489.44
47.16,83.16,1027.11
44.72,26.91,796.65
15.58,116.75,631.97
48.16,92.44,1065.58
27.9,5.4,485.25
25.33,73.88,646.18
14.05,76.72,487.69
7.73,87.84,421.49
40.46,63.2,838.2
19.23,105.99,662.8
25.46,28.92,516.81
30.83,37.81,630.92
41.98,104.1,983.27
13.87,81.01,504.08
44.42,9.7,735.58
49.27,100.12,1097.88
38.63,119.38,998.09
38.62,45.43,753.54
48.52,108.52,1115.49
28.6,94.85,762.06
29.18,60.4,670.99
38.69,48.59,770.37
6.0,17.32,195.03
6.39,8.74,175.53
6.77,75.36,379.09
30.09,21.92,575.38
1.33,21.9,134.91
49.79,89.36,1088.44
42.39,101.87,985.41
16.57,61.5,480.06
47.32,54.77,925.95
18.86,109.32,654.5
38.34,12.88,674.02
19.5,32.06,434.95
23.17,99.17,700.25
45.81,88.1,1019.52
34.64,105.62,870.74
44.48,112.06,1049.47
37.51,98.68,911.65
43.95,111.35,1065.82
0.97,70.87,277.51
23.92,115.67,755.91
3.32,51.23,253.54
34.95,8.41,601.99
6.92,10.91,186.0
29.24,113.84,826.91
47.36,54.06,937.02
17.83,56.54,484.31
44.97,10.41,739.63
39.3,57.24,803.88
21.23,92.01,630.91
46.43,61.52,935.88
16.87,72.54,524.58
33.51,7.7,567.61
12.88,29.09,334.34
20.38,27.23,435.86
30.55,21.84,568.39
2.69,8.98,116.34
27.19,57.41,626.26
16.58,100.86,595.87
15.14,116.93,627.96
48.86,34.29,885.62
24.33,52.17,564.17
26.7,31.7,546.57
46.66,20.84,804.51
35.39,55.36,752.72
23.1,72.08,609.97
22.43,14.34,422.89
4.79,73.52,348.54
0.99,28.98,152.47
8.97,52.97,343.96
28.99,56.8,646.39
7.85,15.24,217.09
37.35,32.44,710.86
2.95,28.14,179.86
14.95,73.37,491.02
9.58,67.71,391.4
24.16,41.4,524.75
17.49,35.52,419.99
27.25,56.07,617.79
21.31,42.89,496.51
27.13,88.24,716.45
1.37,29.52,159.06
21.54,10.16,406.58
4.96,114.08,465.09
42.91,100.65,992.35
41.6,33.98,770.23
12.59,82.73,485.77
15.12,102.44,579.72
25.97,79.34,685.58
47.75,63.49,947.01
25.62,18.48,494.89
7.19,110.51,487.78
33.53,53.41,704.82
11.27,37.94,333.39
19.55,110.29,676.86
8.52,89.64,436.65
28.23,55.59,644.07
28.46,100.1,778.97
20.77,14.98,403.73
17.21,38.27,420.84
30.25,119.59,870.24
9.23,44.29,322.39
8.85,109.25,508.43
44.79,68.58,911.97
46.68,111.54,1110.5
11.9,118.91,578.77
14.28,95.08,543.24
5.64,69.39,338.9
12.62,22.07,303.25
25.45,49.38,575.18
4.24,66.64,314.65
48.74,16.4,841.9
41.15,63.15,875.87
16.6,42.32,436.74
31.78,10.15,565.99
18.14,30.0,414.68
11.06,14.41,259.02
7.86,62.96,351.47
20.27,42.33,483.02
49.4,30.66,886.55
44.47,66.85,925.73
47.16,88.58,1025.23
17.72,61.31,505.4
33.07,47.03,689.87
21.19,10.8,404.35
21.33,97.01,662.44
40.29,11.88,701.66
21.41,67.69,569.75
29.93,22.39,563.85
7.91,63.91,360.11
28.89,21.82,545.15
46.07,49.58,901.72
7.92,92.17,436.49
18.12,22.34,393.43
17.37,8.37,338.89
39.87,8.28,672.93
44.12,57.02,888.16
16.48,34.13,396.65
8.49,60.96,360.56
23.8,56.4,575.46
0.59,99.05,345.73
38.19,12.23,657.27
18.65,71.21,536.19
15.31,39.52,397.56
49.6,42.51,926.52
21.35,56.04,535.71
27.67,73.5,682.45
41.03,27.41,748.34
14.97,24.94,350.96
37.89,80.14,871.26
5.66,39.67,248.99
10.76,105.03,526.87
37.52,44.7,751.62
0.69,48.73,209.25
14.88,30.06,367.75
11.1,25.06,291.54
44.5,62.01,902.08
8.19,83.59,426.97
39.95,10.45,674.62
19.93,30.37,438.08
24.96,94.92,703.72
6.39,115.07,500.47
13.88,36.95,373.59
49.22,116.45,1145.17
45.73,55.06,903.84
1.35,27.57,151.15
0.63,25.76,133.45
18.78,100.56,629.79
33.91,112.69,881.53
6.57,82.28,393.78
42.17,26.13,761.49
7.63,78.93,405.44
26.24,8.24,474.59
27.99,37.43,579.38
46.47,32.34,837.69
44.78,63.38,900.12
34.27,117.27,910.6
39.52,91.06,920.53
12.01,42.42,353.89
10.81,85.9,473.57
44.09,13.63,768.28
33.98,119.56,908.49
34.29,76.32,794.18
18.25,16.12,369.25
15.67,82.55,522.9
33.53,68.19,760.26
46.37,9.33,762.85
27.07,103.16,764.5
45.61,50.8,881.24
0.81,103.35,375.37
6.41,7.03,165.14
4.32,98.63,404.45
20.58,61.34,543.18
38.45,109.21,937.84
48.54,54.07,942.23
42.28,109.11,1008.57
27.41,85.89,724.37
32.52,67.97,749.67
24.22,119.55,766.94
38.37,29.59,712.49
26.87,16.02,503.91
36.27,29.67,684.09
48.57,40.31,898.71
49.54,12.92,807.96
34.99,46.62,725.32
12.4,92.58,516.44
41.51,54.55,839.86
42.41,56.16,855.19
33.4,95.19,837.12
49.23,113.93,1126.21
41.71,17.21,732.32
42.9,17.92,739.03
45.86,110.82,1060.78
17.77,92.29,584.81
18.23,115.01,687.85
29.18,48.03,634.58
8.72,11.27,213.78
31.36,13.66,560.25
3.97,76.48,337.27
23.29,55.11,565.25
27.56,89.85,729.1
39.74,111.09,962.76
44.62,59.93,922.82
43.5,101.59,1026.33
15.92,23.73,354.69
47.56,35.58,862.82
9.47,108.44,516.27
22.24,73.44,601.7
16.72,62.07,488.62
20.69,102.66,659.36
21.08,56.04,529.09
8.26,95.88,462.64
14.03,83.74,496.69
44.76,6.14,741.91
32.85,80.02,772.63
12.36,97.05,523.68
3.77,69.84,312.63
25.53,108.25,750.91
31.1,95.69,816.48
21.9,111.49,718.8
25.35,68.45,623.06
11.95,13.49,270.44
36.05,38.27,710.68
28.54,16.16,525.57
40.08,34.46,758.78
12.28,18.31,297.62
10.96,16.19,265.67
27.68,81.66,708.22
8.24,36.6,286.35
2.62,63.3,279.28
3.03,57.53,271.69
7.36,24.16,234.55
23.77,119.77,758.53
21.91,14.28,413.48
38.82,34.11,732.95
30.78,11.21,555.55
44.55,33.04,826.08
27.23,43.79,593.41
48.91,37.02,885.67
0.61,34.93,163.43
4.82,118.43,480.88
20.23,100.66,648.09
25.49,80.17,684.33
11.89,47.93,376.6
3.01,72.58,317.83
10.72,55.23,375.56
9.45,75.61,420.43
47.24,116.75,1115.28
38.72,37.98,742.69
49.7,52.46,938.86
10.35,113.6,554.49
39.51,101.96,939.77
41.15,101.17,961.34
33.53,101.22,871.1
17.86,39.1,438.06
3.1,94.58,372.62
7.37,20.28,222.14
14.64,47.33,406.11
46.62,102.43,1059.19
43.39,94.54,995.46
47.69,12.4,803.9
21.59,63.96,569.59
41.57,111.85,1018.25
16.36,58.71,475.31
44.32,95.38,996.53
2.46,20.0,147.17
29.28,66.68,690.25
15.05,23.57,347.62
42.55,57.86,868.89
5.82,11.56,175.3
19.16,46.58,482.4
48.46,103.68,1103.7
25.08,62.5,609.14
49.99,64.66,997.16
45.54,116.25,1072.12
28.88,73.73,705.69
39.57,10.55,680.66
49.57,27.01,874.02
43.59,21.82,765.5
48.0,84.98,1032.71
20.26,37.31,469.33
44.84,91.82,987.07
41.82,94.86,967.92
16.44,119.52,651.07
19.15,38.67,456.57
5.91,114.66,476.83
15.07,38.97,385.71
14.01,9.69,285.9
15.38,94.51,554.36
15.59,68.76,487.62
15.46,77.54,512.49
22.63,9.76,417.02
24.14,111.83,743.06
4.34,77.54,349.31
0.99,97.2,356.6
37.14,32.83,700.28
5.63,25.2,210.99
10.31,87.35,470.3
35.58,119.74,952.36
22.6,108.24,711.6
5.03,25.16,201.56
15.62,73.63,506.92
19.44,6.19,354.49
7.63,113.23,507.53
6.51,82.51,396.62
25.67,64.92,620.94
27.96,114.24,807.1
4.92,56.25,288.72
40.31,16.36,698.09
5.64,92.67,406.76
39.45,101.13,947.31
13.5,80.34,506.64
22.51,116.64,727.68
42.71,88.85,943.59
35.37,37.16,694.0
22.62,104.52,711.27
20.01,80.2,604.87
2.51,58.03,259.44
28.05,61.66,652.7
44.26,51.4,875.49
34.88,14.97,622.0
1.11,116.38,412.79
9.94,108.65,539.53
4.66,47.0,262.68
8.23,65.48,376.48
43.97,58.84,889.89
12.05,43.36,360.36
31.55,6.5,543.44
12.66,73.01,456.84
33.2,31.98,624.08
14.4,83.71,515.45
33.68,76.31,784.33
4.39,90.96,383.12
28.19,73.48,694.04
46.05,90.35,1004.83
42.73,102.3,994.29
9.18,12.15,226.42
9.27,81.84,438.75
14.31,34.97,370.43
40.32,62.34,824.76
15.25,106.66,594.55
10.32,105.59,525.77
28.16,10.29,501.74
17.44,78.98,552.84
33.23,45.63,686.48
31.45,103.93,824.11
24.48,79.26,662.24
45.84,98.21,1017.27
32.07,85.91,801.43
7.79,59.07,347.88
15.4,54.68,440.94
1.36,50.65,223.3
16.45,53.35,457.63
16.71,25.62,378.94
31.11,80.62,747.25
1.91,35.55,185.14
23.13,95.61,681.94
39.91,119.24,1017.37
35.97,88.79,853.68
1.05,118.5,424.04
24.78,95.35,704.89
27.29,67.09,668.75
11.4,18.53,273.74
17.63,26.4,394.11
35.49,105.28,881.93
49.83,7.44,832.64
15.56,37.05,389.66
13.58,34.63,355.23
25.53,49.97,584.21
9.58,98.16,499.14
23.87,22.62,478.05
35.3,63.25,765.38
15.65,57.96,462.64
28.02,36.82,582.59
2.62,25.18,163.2
24.34,85.38,674.2
15.76,81.95,524.16
44.91,84.59,997.14
18.35,97.49,622.82
32.23,48.63,683.92
17.75,80.23,558.06
18.83,77.49,563.61
25.2,64.72,626.75
12.89,13.54,287.91
42.09,106.76,996.59
14.48,112.81,600.27
10.64,24.15,283.68
44.46,50.24,860.7
7.24,72.36,375.59
15.05,93.53,558.77
9.43,32.98,288.52
5.1,101.92,434.01
40.21,82.16,898.81
30.33,112.2,829.72
8.89,64.28,375.45
10.41,101.16,503.55
13.11,52.97,409.73
38.01,11.62,653.32
3.82,68.39,307.31
39.73,19.79,701.57
48.72,7.77,801.26
25.7,29.86,521.31
36.94,46.12,743.57
40.42,18.93,717.1
13.81,42.4,384.41
0.87,48.72,210.4
0.88,32.35,157.13
2.12,18.38,136.26
27.77,84.99,732.61
8.58,19.04,234.32
42.05,44.01,817.85
21.49,5.4,388.18
46.93,6.62,764.04
23.78,67.94,617.58
20.72,94.05,640.81
4.47,114.92,463.06
24.72,22.55,480.58
23.48,76.84,635.73
43.53,5.35,717.79
5.31,113.76,470.37
46.84,91.17,1036.23
3.39,18.74,157.71
16.2,100.74,597.8
11.85,79.56,450.72
44.45,42.89,832.43
39.74,59.62,833.95
17.3,53.31,469.29
11.46,81.44,468.96
22.89,34.01,497.94
22.27,91.62,661.98
29.27,48.1,634.59
37.5,79.78,854.24
42.75,61.7,881.19
46.02,44.26,867.36
39.26,36.48,749.52
28.68,94.69,767.19
40.75,107.62,984.81
47.33,40.38,880.36
0.93,42.11,192.87
2.86,29.45,180.14
44.75,22.8,784.22
33.3,13.49,597.55
14.68,53.85,432.61
2.74,97.21,387.0
3.2,112.45,435.08
4.08,69.6,315.26
25.11,52.18,586.21
28.83,84.92,745.89
7.63,112.25,505.88
30.53,78.21,733.04
44.01,39.03,832.05
4.26,52.63,275.79
41.98,41.26,788.05
31.09,106.66,811.26
9.09,63.03,369.02
46.02,5.94,753.31
6.54,89.33,419.84
41.7,34.28,770.91
10.0,21.71,263.42
43.5,93.55,975.0
0.59,105.52,376.26
8.0,12.16,205.21
38.11,58.73,786.5
3.83,90.06,384.75
41.11,9.76,702.56
30.46,71.49,706.46
34.8,116.18,930.56
35.1,73.13,779.16
19.64,76.77,580.75
10.65,63.19,406.49
44.28,104.89,1037.4
8.09,57.84,348.5
5.99,98.99,441.11
40.82,107.64,977.65
37.81,69.94,813.25
9.26,20.02,251.22
9.51,112.4,532.58
9.64,117.16,541.87
18.65,52.4,492.95
11.31,100.57,519.42
33.02,30.33,638.38
6.92,75.88,380.54
34.76,80.64,819.5
38.61,63.67,817.11
30.36,70.13,710.2
49.08,32.2,875.12
47.7,79.72,1003.23
24.07,100.81,710.7
16.76,40.72,424.61
3.34,15.09,149.73
19.41,20.43,412.12
34.72,67.84,770.57
19.29,19.92,397.18
46.24,28.3,815.92
20.96,89.22,626.52
27.65,108.36,786.32
34.57,20.62,635.53
36.94,119.24,961.59
43.63,52.63,860.79
12.04,32.72,334.05
20.17,17.82,406.02
47.72,71.43,967.1
20.72,32.91,462.14
42.49,50.87,830.81
27.76,86.27,723.98
36.62,83.73,846.23
3.14,32.35,191.9
40.81,8.39,693.58
9.92,37.35,310.37
41.22,103.15,987.45
20.3,119.36,715.09
47.22,53.28,922.43
39.28,29.48,733.88
35.97,102.73,904.02
20.96,67.65,572.19
10.27,33.0,309.04
17.53,87.39,571.29
38.12,35.21,728.67
33.75,19.19,615.57
4.75,8.08,147.91
18.45,97.26,610.71
4.34,110.26,449.62
15.37,17.81,330.44
24.04,10.8,446.01
49.65,56.48,970.57
16.81,54.68,465.06
4.37,114.88,460.66
27.16,12.06,492.81
0.58,112.59,399.86
22.21,32.44,485.81
34.15,74.95,780.67
49.35,12.71,839.8
4.45,110.44,442.02
38.22,57.07,803.63
1.55,79.88,311.44
11.65,59.76,402.78
2.97,106.56,406.93
34.51,97.49,864.51
30.89,28.29,592.3
49.55,105.02,1112.83
30.62,100.89,823.89
32.5,8.29,561.53
47.46,104.01,1059.51
9.41,21.67,255.13
11.42,68.32,421.38
27.66,44.24,604.39
34.98,118.68,927.26
24.12,93.59,693.68
27.34,114.37,802.33
11.43,93.28,500.12
26.43,20.91,510.16
49.81,46.89,920.71
8.26,62.16,362.64
23.6,84.29,645.02
45.76,28.06,813.48
41.18,85.63,921.97
11.03,56.2,379.39
35.89,84.34,843.78
44.41,70.24,944.59
14.05,92.24,543.87
33.29,101.5,859.41
8.46,110.7,515.42
18.68,115.89,670.62
44.3,96.43,1000.81
39.42,15.28,688.82
23.78,110.01,743.8
33.47,20.3,626.72
44.98,37.19,838.96
39.81,96.98,950.97
27.94,98.53,767.64
31.3,80.13,766.89
27.34,72.87,684.07
30.91,17.07,563.36
30.32,69.76,728.82
38.27,41.64,738.75
38.24,54.58,774.8
9.27,118.05,537.81
33.68,90.0,825.06
25.26,79.34,663.97
8.51,49.53,322.67
28.36,55.89,643.38
16.23,21.49,367.2
13.01,28.08,332.27
36.16,79.03,834.19
15.74,86.76,543.52
45.43,14.19,774.96
25.38,64.0,623.36
34.11,15.18,611.28
24.65,108.25,738.87
10.43,54.39,369.33
12.26,50.11,379.48
5.01,106.51,439.61
34.79,76.69,789.6
41.25,111.95,1020.47
0.78,14.11,102.86
45.63,81.75,987.02
18.73,52.76,485.3
44.23,5.55,733.22
48.96,24.28,874.02
3.98,55.98,274.78
15.51,62.3,476.58
6.61,14.51,192.73
20.39,107.06,678.32
44.49,97.61,1021.58
14.26,24.56,334.16
31.32,72.26,731.14
30.12,26.77,580.26
23.89,119.65,778.02
14.47,50.33,421.22
6.78,89.53,421.77
45.95,53.64,909.01
12.68,49.19,383.2
44.9,72.89,939.54
31.55,60.37,699.69
33.19,92.57,828.2
45.78,11.89,772.27
13.69,39.56,371.91
21.53,10.93,401.87
6.8,16.07,200.16
17.02,112.58,639.05
5.59,111.49,469.33
12.76,100.08,537.61
3.54,114.54,453.91
47.58,54.22,924.28
37.99,88.62,901.44
2.38,55.78,254.71
39.4,59.54,808.25
2.47,35.04,190.6
5.36,50.34,280.27
40.66,109.45,1006.1
48.1,16.38,818.19
20.16,44.73,488.59
33.92,73.76,781.81
22.26,5.26,398.46
21.02,64.38,559.72
19.27,67.53,535.97
23.79,10.54,435.13
24.7,109.34,745.71
49.78,113.59,1126.88
43.35,98.58,1005.36
21.47,59.42,545.32
49.07,107.22,1096.55
10.0,36.69,310.42
34.8,91.01,852.47
10.59,112.49,541.42
20.16,74.19,575.31
17.96,85.41,577.32
32.31,63.9,729.35
13.1,57.32,419.95
45.41,22.92,798.55
41.22,85.84,925.51
36.25,64.56,790.87
3.94,10.38,139.72
13.33,88.76,512.68
35.94,116.71,942.91
30.84,61.96,697.3
33.56,85.82,815.16
36.4,119.72,948.55
45.64,83.74,987.78
48.38,100.1,1077.02
38.49,17.81,677.2
28.41,51.62,635.45
17.61,40.68,437.97
26.41,81.42,694.14
49.23,50.72,955.57
46.83,45.43,910.29
49.32,40.04,909.24
21.6,79.72,612.58
26.08,48.27,593.05
42.03,88.52,948.09
47.65,72.87,988.67
45.29,101.38,1013.25
11.99,64.73,423.88
49.41,117.38,1137.63
16.87,5.0,321.34
16.55,112.44,637.12
16.97,75.17,525.31
17.93,59.05,502.48
41.84,16.6,737.97
28.11,112.62,818.23
30.3,77.98,749.87
7.2,107.84,484.87
2.6,78.69,320.95
2.52,20.97,151.47
13.95,106.44,582.12
12.21,119.54,589.8
13.21,90.0,512.68
13.13,82.64,493.68
17.18,74.47,529.8
25.86,52.47,586.9
10.3,58.08,376.78
14.0,14.06,303.52
7.21,33.83,258.09
11.92,39.58,345.37
6.72,36.95,258.85
9.01,12.79,225.23
25.25,101.83,734.73
32.71,73.13,754.78
43.94,104.64,1021.34
33.71,114.53,894.55
40.33,25.31,737.74
23.84,67.94,606.62
30.64,16.88,572.83
33.17,26.82,624.48
6.07,7.38,162.78
4.75,58.57,298.94
4.24,14.8,161.71
29.22,80.48,708.18
33.58,54.79,708.22
22.34,50.23,541.19
16.79,32.44,399.22
27.1,43.66,582.63
48.8,69.05,990.85
9.9,117.08,554.99
44.32,59.2,885.48
40.4,12.95,689.86
32.08,78.62,771.46
35.42,45.25,710.67
24.43,100.77,735.59
20.93,22.2,432.53
49.9,66.13,1009.35
31.23,31.78,607.92
43.91,13.15,744.31
16.25,100.03,608.23
32.99,92.34,827.08
17.56,66.07,510.98
46.72,14.57,804.97
13.23,54.76,398.55
21.85,9.15,400.35
33.46,64.39,724.4
43.15,47.27,851.68
10.53,50.25,351.88
34.47,52.36,725.75
8.11,61.06,357.63
38.36,78.98,865.08
3.55,17.94,157.84
32.66,32.42,645.74
29.06,52.78,646.85
32.49,21.52,607.65
25.96,37.06,556.52
39.98,63.71,844.69
22.12,115.39,738.51
38.86,66.52,821.66
10.19,36.43,314.97
15.01,90.07,547.42
26.41,49.23,590.94
15.37,64.02,469.31
37.08,76.99,822.04
37.53,86.99,869.39
49.76,59.71,980.87
36.05,82.94,836.3
6.82,25.91,226.79
35.79,5.56,605.25
22.32,43.11,518.41
6.75,110.98,479.52
4.01,42.45,240.47
9.64,95.42,480.79
44.35,25.78,806.97
22.87,86.72,652.02
28.8,47.18,619.68
24.27,74.93,633.62
7.4,65.61,356.85
9.15,107.33,506.91
41.63,66.32,882.27
8.37,75.63,400.12
16.07,5.62,308.67
16.16,43.58,418.1
1.99,41.3,204.8
41.37,50.9,815.87
37.71,60.2,776.68
5.02,28.74,211.59
1.98,37.62,189.92
30.56,45.78,640.53
48.97,116.02,1150.07
40.09,114.75,1002.11
16.42,88.41,557.21
19.01,38.28,453.45
15.52,57.71,461.12
7.58,110.94,488.79
28.47,26.09,549.39
28.39,80.25,708.52
39.02,21.47,694.85
21.65,90.65,656.65
8.29,25.81,257.08
29.34,7.71,511.39
21.12,34.72,475.12
43.9,78.89,965.92
19.33,58.54,508.92
18.2,52.23,477.19
2.35,25.02,159.94
12.96,107.4,569.26
17.31,51.2,463.78
36.13,71.46,826.77
29.41,93.06,777.54
33.57,115.09,897.87
2.27,6.27,103.48
6.6,13.61,188.84
31.43,26.87,601.17
25.94,16.85,492.1
19.63,109.72,677.56
9.69,98.6,481.47
4.68,24.7,195.33
43.21,74.79,922.29
5.84,16.37,183.72
45.43,57.65,908.71
20.25,43.67,484.05
14.01,69.98,468.59
32.88,95.66,830.5
30.99,105.04,822.95
35.02,26.68,651.32
5.01,16.11,172.28
37.87,62.9,803.57
10.67,91.3,484.68
14.15,72.42,487.43
46.71,10.94,776.3
31.77,79.88,758.59
10.71,29.85,300.33
46.75,100.41,1053.27
20.4,19.02,407.06
21.56,53.98,542.15
46.86,12.92,795.1
44.25,110.56,1032.5
28.16,8.97,502.68
25.25,88.56,692.89
13.83,7.88,284.44
49.52,102.36,1102.94
27.92,75.0,694.1
47.63,92.92,1049.77
8.04,24.0,239.44
22.25,74.45,602.19
22.11,11.49,415.87
42.63,13.5,732.75
40.6,24.94,742.2
45.54,41.88,869.62
5.89,104.43,446.46
24.57,21.81,480.49
15.2,49.31,424.29
19.54,94.08,614.53
45.96,16.61,797.01
33.85,42.19,680.95
35.38,63.61,767.93
35.81,86.87,843.99
26.77,62.66,637.74
43.63,103.29,1001.44
33.22,119.7,898.3
23.57,94.28,684.5
8.21,106.25,499.6
2.74,15.79,139.07
31.23,101.39,825.74
10.45,27.43,291.22
44.13,18.02,768.69
21.36,55.64,547.75
47.29,104.07,1068.73
5.8,119.75,501.37
7.69,64.29,358.5
15.59,108.14,597.73
48.43,52.16,934.85
19.14,118.39,688.52
4.92,18.7,181.76
23.82,36.89,522.1
15.84,43.87,421.45
3.72,51.84,260.22
37.51,5.44,631.3
4.13,107.92,438.67
24.62,80.01,649.78
13.24,93.08,525.18
46.51,13.31,775.91
9.82,44.85,329.36
48.59,117.36,1133.39
15.34,103.27,589.44
10.99,100.05,509.18
46.77,29.63,835.88
49.6,17.49,832.77
4.56,71.11,337.66
19.99,60.62,539.34
48.05,80.33,1025.26
17.3,42.91,430.79
19.13,101.84,641.44
43.06,77.2,912.44
31.98,97.7,837.99
37.02,9.08,638.39
5.4,22.28,199.76
39.5,69.28,846.49
2.02,23.62,151.86
22.9,65.18,591.62
49.52,14.05,841.0
6.95,14.7,194.96
34.34,20.26,627.64
5.61,57.92,311.33
41.96,18.5,731.83
40.71,69.88,862.31
37.11,11.86,642.28
14.25,15.97,318.38
44.6,89.4,991.71
48.07,92.51,1053.09
23.17,70.09,596.72
28.82,85.74,740.86
7.62,8.01,187.75
26.19,71.87,658.58
26.96,11.04,484.91
35.72,29.18,668.99
24.16,107.56,742.47
40.41,94.91,927.12
45.5,45.2,883.13
20.82,65.49,555.1
47.12,67.09,966.12
42.13,65.45,879.3
22.75,17.84,451.1
37.21,20.08,666.53
0.83,81.12,305.11
13.91,22.19,325.19
25.42,47.23,561.41
25.0,54.14,585.2
36.23,51.58,752.25
15.07,75.76,501.9
23.59,11.77,445.87
46.24,102.39,1065.52
16.01,89.0,554.14
26.08,57.99,617.87
15.59,38.3,400.76
28.87,102.32,789.08
30.57,88.25,775.01
11.71,51.86,383.47
43.26,105.92,1007.27
33.67,44.92,695.83
31.48,52.48,682.26
46.03,101.05,1054.34
28.73,9.39,507.57
31.97,59.12,704.18
21.15,89.07,627.68
11.17,118.4,577.25
5.77,59.78,318.02
47.31,36.06,867.41
46.55,60.98,920.3
20.54,79.78,595.94
11.85,68.1,429.78
16.7,51.6,448.75
27.68,89.68,729.39
40.94,64.26,860.17
8.27,33.22,275.02
33.75,117.1,895.65
43.52,27.96,781.95
35.02,8.94,601.9
33.0,21.38,606.92
38.31,19.8,670.96
37.74,97.47,911.57
3.77,27.15,187.63
24.1,24.32,488.89
49.75,111.15,1127.52
22.12,48.62,533.13
1.93,95.88,373.0
13.16,95.17,519.96
39.79,68.59,855.12
11.94,20.21,293.89
15.4,103.48,594.97
4.97,114.81,474.53
15.62,74.8,506.96
32.78,8.71,569.43
5.54,88.16,396.81
12.79,53.44,397.42
4.32,91.81,386.66
43.39,26.41,794.01
13.6,20.77,317.34
32.77,6.82,560.14
47.27,116.68,1109.13
11.41,50.0,374.14
30.9,48.57,665.35
10.86,51.57,370.02
47.91,33.73,867.38
16.95,47.66,446.81
5.44,5.17,144.56
1.38,103.89,384.88
29.43,24.68,563.24
11.76,107.88,553.28
9.38,106.08,505.81
2.2,14.5,127.74
5.92,107.44,459.17
28.05,28.92,557.03
12.14,23.5,300.06
27.84,44.79,601.22
1.9,58.01,248.62
38.39,47.67,772.19
37.59,71.59,829.75
9.69,99.6,499.48
39.26,116.82,991.21
24.84,82.15,663.47
49.02,66.21,973.24
15.3,43.56,415.6
2.41,37.75,199.07
23.31,93.0,669.97
25.36,58.25,608.5
5.0,117.96,476.86
24.07,26.39,487.86
27.94,19.89,523.61
33.96,102.09,850.71
6.51,6.79,169.05
36.72,77.28,824.73
10.75,98.74,507.18
24.25,115.73,754.5
13.05,118.48,596.61
17.1,86.24,558.62
9.16,61.63,373.57
47.62,109.02,1085.69
29.65,59.9,668.94
6.41,47.47,294.39
11.48,90.32,497.54
3.1,30.38,189.88
13.51,64.84,450.82
36.96,62.19,792.71
11.37,16.24,268.26
24.16,13.58,459.68
13.21,115.92,603.83
41.31,17.6,717.0
37.64,97.09,917.43
7.99,81.11,411.5
4.48,8.14,142.8
5.95,5.48,153.81
5.96,79.88,375.1
49.6,108.61,1129.06
46.87,109.23,1072.59
44.29,95.44,995.85
24.65,11.3,452.56
49.92,46.21,928.41
12.24,82.4,479.73
41.58,117.64,1021.62
27.62,56.34,636.6
16.63,76.11,516.67
34.6,37.2,680.8
32.34,115.08,875.32
37.5,98.06,921.19
16.63,86.09,564.89
15.12,112.84,613.69
28.95,45.63,609.81
7.74,12.88,202.76
16.43,57.75,464.53
10.94,18.89,271.43
26.26,15.94,490.12
8.8,56.32,345.2
17.47,103.97,639.69
47.36,50.95,922.08
28.01,48.59,610.87
39.3,118.31,995.32
3.75,97.12,394.72
34.82,10.08,598.8
23.43,5.17,410.18
45.82,87.83,1024.13
6.74,45.77,288.85
29.92,69.29,708.71
20.21,72.3,567.43
48.51,32.53,878.18
22.66,7.61,403.88
12.86,118.34,603.39
21.69,52.64,527.86
19.96,43.69,480.0
23.52,103.51,716.42
2.36,41.43,207.1
23.9,13.54,440.62
49.64,77.56,1031.79
12.59,16.81,291.74
8.26,51.25,329.07
18.03,79.12,561.32
36.75,86.76,847.77
1.56,119.8,424.52
44.01,85.21,970.12
11.56,8.89,250.98
37.38,58.82,779.59
30.21,22.93,578.52
18.56,45.11,459.14
10.1,73.4,421.13
6.22,101.41,453.67
4.03,59.25,288.56
37.01,70.14,815.01
33.55,66.26,755.45
24.89,77.95,652.16
2.74,21.33,153.45
11.73,32.69,331.55
31.77,11.78,567.12
15.75,99.36,568.85
3.31,104.57,411.65
46.26,85.76,1018.35
46.59,59.35,941.9
3.74,109.48,423.78
33.55,76.02,785.22
29.21,58.01,657.69
48.89,102.78,1081.81
33.47,66.14,761.86
12.84,56.79,412.98
36.15,9.21,610.67
38.39,7.3,665.09
38.18,92.52,905.93
21.16,12.63,405.74
16.99,32.01,408.67
6.43,38.94,259.43
29.35,46.68,613.24
46.03,62.03,921.14
30.15,74.33,724.53
29.37,107.07,815.96
3.44,41.58,227.18
16.28,80.56,543.85
19.53,30.48,433.19
14.9,25.98,349.35
1.3,87.35,329.45
20.28,7.61,379.91
25.81,118.48,790.65
27.23,115.72,800.4
35.15,118.48,924.13
41.35,68.68,874.28
4.78,40.8,242.39
13.31,49.68,397.72
15.65,35.03,390.76
15.16,46.47,412.83
23.65,26.21,482.42
11.2,37.78,332.59
39.7,50.34,791.42
34.61,49.73,715.84
28.07,9.71,494.5
32.9,90.4,815.22
26.57,39.33,573.68
42.22,100.42,968.71
37.05,8.01,623.38
43.07,56.32,881.58
32.46,35.59,639.39
47.19,118.43,1142.24
27.94,60.87,658.92
47.29,33.15,864.7
10.59,115.42,550.72
39.66,110.65,995.75
40.22,32.77,745.07
45.77,30.41,828.1
26.01,48.01,590.69
5.62,44.92,267.03
37.09,45.49,723.23
20.63,109.2,677.35
32.89,84.99,804.88
14.44,34.36,375.8
15.01,68.9,476.02
45.01,38.94,841.72
5.49,11.33,167.21
17.26,34.76,415.17
44.29,72.76,939.13
22.06,36.12,498.18
19.95,112.71,696.2
32.18,101.31,823.93
36.96,31.48,705.8
30.03,51.27,652.46
15.86,17.91,337.84
41.28,62.34,856.82
37.85,7.1,625.18
27.56,60.1,644.57
7.3,49.7,311.53
31.24,10.28,546.91
5.59,103.46,452.75
10.53,42.53,338.25
2.68,65.11,288.19
28.98,48.99,637.16
1.64,76.92,304.02
20.02,81.58,591.35
29.55,117.69,840.25
48.75,33.63,883.9
21.29,92.59,641.42
26.64,63.72,635.16
34.02,61.18,746.39
41.1,20.95,731.0
27.88,111.87,803.0
34.61,111.54,898.31
40.21,97.51,943.14
31.13,71.65,728.09
7.47,55.29,328.36
41.15,89.31,925.11
2.33,35.41,190.46
12.6,53.3,398.75
46.04,91.04,1002.11
42.19,97.54,990.4
37.84,28.65,697.86
43.08,57.64,874.0
11.01,60.46,404.14
20.31,117.09,709.69
9.46,43.07,323.24
19.3,61.65,524.87
18.21,69.59,529.75
0.94,41.96,189.99
39.55,85.38,913.57
42.82,5.86,712.29
47.08,83.18,989.03
23.1,19.97,443.17
39.03,52.54,790.42
16.28,15.32,339.89
17.67,68.86,518.55
35.74,9.6,621.89
23.03,64.94,590.2
24.6,49.83,571.37
14.13,114.03,600.69
40.6,83.72,916.22
2.44,38.47,202.22
3.05,70.52,307.14
36.14,23.91,657.03
37.89,11.92,651.08
39.91,102.77,949.9
11.41,16.02,270.33
8.31,69.14,385.77
43.68,12.99,742.52
32.79,25.47,615.74
40.91,91.3,928.26
49.42,61.35,976.89
22.88,119.49,750.67
21.23,16.03,421.15
46.36,102.03,1062.86
38.26,31.21,711.71
30.88,34.33,613.17
33.61,42.49,684.41
2.29,19.23,140.31
31.74,52.7,689.16
34.79,61.69,750.72
17.38,78.01,542.32
37.15,23.44,670.67
11.48,66.1,422.69
14.82,81.08,519.52
9.24,47.19,330.59
6.62,78.83,390.45
27.34,90.82,741.68
2.28,115.11,427.79
47.09,100.5,1054.71
38.36,17.05,679.5
36.73,117.48,965.13
10.12,63.0,389.21
3.21,17.82,153.97
30.3,37.78,615.43
10.45,7.75,227.97
8.01,106.55,491.74
10.82,105.98,538.52
24.02,24.92,478.6
19.11,62.12,521.39
18.32,80.56,565.43
18.11,89.9,594.51
26.76,54.32,606.68
23.58,63.0,594.83
21.89,35.18,471.39
10.87,108.89,532.5
44.32,92.36,975.2
35.97,74.93,803.88
30.23,19.27,565.79
4.75,44.0,253.85
25.7,83.89,689.84
49.12,18.31,844.46
26.56,13.87,488.43
3.64,107.69,426.22
6.75,77.37,378.74
49.92,44.95,938.34
45.3,114.05,1065.95
28.71,46.4,617.71
41.64,90.67,950.28
4.41,80.7,352.82
33.75,24.48,640.13
24.16,114.62,767.55
5.85,51.76,292.24
21.52,81.85,623.97
33.45,7.63,563.18
31.57,68.91,726.4
32.72,80.18,774.7
18.83,32.83,427.4
34.3,74.33,790.21
23.3,19.61,457.16
11.04,67.08,420.68
24.99,110.26,752.43
5.54,81.89,377.46
7.22,57.51,332.95
48.09,77.85,1018.7
2.47,56.25,258.75
4.34,41.32,240.27
49.78,24.8,880.17
20.15,98.11,643.27
21.67,49.13,520.24
49.02,57.47,962.41
14.24,15.89,308.84
43.8,38.63,812.13
10.41,54.97,366.8
21.7,52.01,530.24
2.0,25.52,157.55
36.21,72.95,812.83
10.11,18.87,258.87
26.28,81.51,691.13
43.32,88.67,954.75
33.38,95.77,836.95
2.39,21.67,150.6
45.7,30.55,837.64
32.44,68.7,750.67
24.56,53.29,578.2
16.86,51.95,455.67
49.89,94.14,1077.41
12.36,93.32,519.97
40.48,68.24,848.82
26.1,118.8,796.63
15.0,76.02,498.0
29.63,41.17,622.17
42.78,87.2,948.83
2.21,102.81,393.58
19.64,25.67,421.76
7.93,70.17,376.05
36.5,66.53,787.07
43.86,112.21,1044.29
20.3,40.16,478.31
34.28,106.27,879.21
6.32,59.74,326.24
19.41,41.01,465.59
45.69,10.47,745.53
7.73,50.42,312.88
36.27,47.19,743.19
49.44,94.63,1068.02
42.39,113.04,1033.1
34.82,108.51,908.74
34.31,92.54,832.05
40.09,45.99,787.83
9.61,34.47,300.61
22.7,77.0,623.11
40.58,46.03,786.6
32.31,30.02,632.95
48.9,13.76,809.58
30.24,54.26,666.68
15.68,33.75,388.52
11.5,93.96,501.35
24.51,13.31,452.01
35.34,99.68,882.62
16.87,69.01,507.73
20.28,91.41,627.0
23.2,51.61,549.17
16.25,75.4,508.74
3.65,97.85,400.08
22.77,93.95,666.04
41.39,28.48,748.67
6.64,111.98,488.33
8.64,31.24,273.08
46.02,35.37,837.19
27.32,52.32,621.79
28.17,46.33,600.2
42.6,11.11,727.85
30.33,53.28,668.93
31.65,15.65,573.14
47.86,78.31,1018.8
8.01,59.92,341.8
48.44,113.17,1116.47
47.67,30.41,844.19
40.98,106.19,986.71
35.31,38.76,699.23
24.4,81.91,653.91
6.03,20.63,199.64
31.16,47.27,654.21
34.36,93.41,850.29
45.49,35.57,849.53
21.37,14.87,417.03
31.0,12.36,535.07
2.11,53.29,242.94
33.6,42.47,676.59
2.77,25.98,171.26
43.42,10.54,728.53
45.85,58.61,913.98
12.14,117.09,586.46
12.54,106.48,560.42
20.86,116.78,706.36
9.65,52.01,351.24
15.54,50.64,435.19
23.36,34.06,504.12
12.48,61.68,430.05
41.58,56.23,836.64
46.6,75.97,987.84
22.1,69.91,596.53
23.17,16.97,448.04
30.06,76.64,716.2
24.79,108.52,741.66
49.01,116.69,1135.02
13.34,47.32,385.91
2.07,23.47,148.96
14.3,31.49,354.46
37.57,38.87,723.54
40.2,24.23,736.04
8.3,83.16,422.59
46.51,97.34,1034.44
17.47,114.77,651.45
35.3,66.79,780.8
28.84,119.32,844.16
23.21,36.27,502.15
34.83,81.84,802.6
26.71,46.31,593.51
14.23,68.43,473.43
47.74,39.34,899.54
18.93,81.78,572.91
42.08,104.62,986.71
14.55,16.74,316.75
12.25,31.98,328.07
24.25,41.76,528.49
40.83,114.34,1013.02
20.49,10.69,387.97
17.57,79.19,549.77
26.19,32.93,538.95
11.8,82.75,476.96
10.26,83.06,453.42
21.4,119.04,719.11
48.24,19.62,823.28
14.7,103.12,571.98
16.83,98.92,607.01
26.93,95.45,733.28
8.08,78.39,409.33
48.2,11.72,814.33
17.62,59.8,488.2
9.22,98.49,478.38
45.45,14.47,771.71
25.69,95.98,719.19
4.04,78.23,345.19
8.68,74.04,398.39
12.02,93.62,516.01
41.35,62.53,874.2
13.86,76.38,487.58
31.67,112.5,866.87
26.01,119.58,799.95
11.04,57.13,382.25
8.94,30.59,274.06
7.16,98.07,446.86
11.42,52.91,378.9
7.51,17.41,217.34
30.48,100.24,805.54
16.39,16.6,347.58
38.83,36.7,748.34
37.73,11.06,648.9
0.9,95.55,356.21
8.26,105.29,491.79
38.78,107.45,942.01
8.01,111.96,501.5
9.25,18.72,246.35
44.53,98.26,1005.97
28.38,119.3,821.9
6.82,8.84,174.78
16.17,25.11,363.54
7.33,105.85,477.23
46.1,115.88,1101.01
41.87,80.78,927.07
16.85,22.98,373.98
34.96,57.42,743.12
1.96,35.61,186.41
22.06,41.07,513.0
30.54,116.13,838.88
25.77,74.71,659.16
10.4,94.88,491.83
1.74,26.82,156.54
34.64,84.95,827.81
21.06,52.96,525.15
45.57,66.92,946.75
31.17,40.24,632.59
15.25,50.5,428.13
32.53,88.29,798.72
36.97,48.13,749.88
22.21,98.19,684.91
12.56,103.92,555.28
10.48,112.65,545.64
34.55,76.11,800.94
22.47,62.33,573.5
39.18,37.76,758.26
6.86,99.64,448.5
31.45,66.99,727.84
40.35,60.54,831.26
19.76,33.31,449.5
10.73,96.36,506.5
44.17,11.81,751.99
49.58,32.32,894.35
18.86,116.11,681.59
25.58,74.75,651.98
16.87,111.48,642.88
25.05,35.67,525.84
9.85,115.0,553.9
39.25,14.34,690.01
35.83,23.99,655.23
41.71,83.32,929.56
19.6,46.27,482.45
12.21,119.58,585.78
29.5,22.2,553.98
15.02,15.59,329.34
11.8,68.67,435.21
39.79,19.43,707.55
38.79,71.88,868.68
0.9,12.79,100.79
26.53,24.97,511.99
45.42,114.21,1080.9
49.0,108.38,1111.4
40.56,20.17,721.55
34.29,112.08,888.48
26.58,86.3,708.82
38.6,65.23,818.54
40.68,45.0,802.27
15.97,104.25,600.7
0.94,26.46,144.88
45.51,108.36,1038.1
15.49,108.18,604.21
16.57,63.83,485.85
13.07,46.18,387.2
32.88,99.01,831.08
22.59,19.68,448.51
4.87,72.81,344.01
44.91,91.58,1007.35
31.53,46.94,663.16
46.28,72.06,951.4
9.63,79.64,436.65
8.47,86.88,437.42
34.24,118.11,927.53
1.72,19.13,133.43
17.62,76.22,535.35
29.67,70.17,703.87
26.46,15.41,493.9
13.57,84.05,509.33
16.24,63.17,487.03
49.7,23.54,863.19
1.67,30.22,163.71
40.67,52.0,818.76
30.72,57.4,688.84
32.65,52.61,706.56
1.28,84.26,318.08
30.74,95.34,795.45
33.5,41.58,679.54
16.53,7.55,319.27
28.79,33.37,581.01
22.02,34.11,483.38
34.64,68.08,772.25
0.74,29.75,152.52
49.96,51.61,961.74
1.52,80.85,316.09
14.77,37.11,385.24
18.96,12.72,370.6
5.29,22.09,195.3
45.84,99.01,1043.95
41.98,37.99,797.16
21.19,63.54,549.12
3.13,116.73,443.14
5.79,22.67,205.81
3.57,33.9,205.23
22.22,59.48,551.81
30.99,31.56,606.13
48.07,84.7,1026.89
8.01,116.45,524.82
21.18,65.98,564.49
16.17,80.68,528.85
4.51,11.63,151.47
15.65,89.69,550.19
45.31,78.5,955.87
46.03,109.79,1088.05
35.81,106.11,927.21
31.04,53.92,678.82
6.85,88.53,417.13
26.63,49.37,605.58
47.09,35.44,867.47
47.38,115.51,1109.14
34.78,9.5,601.05
28.97,90.93,758.14
39.81,86.08,911.36
14.4,22.79,331.65
12.61,79.05,479.95
39.56,71.97,857.29
12.99,78.25,481.11
41.55,67.03,869.15
3.18,64.56,293.81
2.59,52.84,245.17
6.15,100.11,441.45
2.55,84.23,340.04
10.17,78.77,439.85
16.12,59.79,470.41
31.17,113.38,858.98
3.34,11.9,136.54
11.41,43.04,350.5
5.38,46.66,270.36
28.0,117.13,817.35
41.01,99.54,962.04
30.35,64.93,699.21
26.07,17.54,487.77
21.39,12.15,407.21
42.92,6.52,714.47
42.54,19.56,743.13
29.45,50.3,648.04
27.16,15.73,503.93
46.89,26.3,835.25
37.31,85.48,872.76
23.3,36.56,514.24
31.49,72.26,732.3
32.8,94.1,820.61
18.47,35.36,434.35
27.14,12.06,491.35
13.93,95.02,545.43
3.05,80.92,339.15
35.78,96.11,881.03
11.5,71.81,433.19
10.03,72.32,413.97
39.83,105.73,945.97
34.52,94.74,842.75
13.04,39.19,354.27
35.44,63.02,782.0
6.02,24.08,212.13
2.98,89.12,363.08
34.36,74.01,791.38
6.43,63.67,337.47
28.42,7.59,505.97
23.82,105.66,721.17
32.42,93.1,820.57
37.59,84.96,877.23
27.75,70.15,679.86
15.95,66.61,486.92
12.85,85.02,503.4
24.74,28.57,516.85
17.73,51.74,470.67
29.52,111.08,831.29
26.16,33.92,536.04
35.88,39.05,695.28
36.65,107.26,913.58
32.11,46.5,668.55
26.93,77.93,692.77
20.28,40.35,474.49
44.34,20.67,773.49
26.99,10.38,484.12
31.19,57.09,679.71
45.32,36.12,845.6
32.06,113.69,862.09
3.88,115.75,453.94
38.3,110.68,946.75
6.59,111.87,490.72
24.74,50.6,567.62
15.81,78.36,523.18
5.46,20.55,198.11
9.76,8.8,223.25
47.94,8.16,796.61
44.76,60.33,889.4
38.78,109.56,959.88
32.28,43.17,654.56
37.12,86.11,858.01
1.07,47.48,208.16
4.56,94.89,408.04
17.65,96.53,596.91
44.48,101.31,1012.4
18.9,53.81,494.77
48.03,70.03,992.46
28.63,73.83,705.19
12.64,11.77,276.94
20.89,68.13,570.4
15.71,56.78,459.01
24.85,67.92,621.86
2.34,76.58,313.3
20.93,56.6,527.1
11.76,102.76,545.02
30.89,74.8,728.57
28.19,99.6,769.04
31.97,16.83,587.44
4.99,60.19,306.27
33.63,23.13,628.47
22.94,51.09,544.87
27.19,109.81,790.09
44.68,103.02,1035.09
40.36,102.88,962.49
46.65,112.76,1082.49
34.7,69.77,777.04
16.71,83.71,545.57
36.07,114.02,928.11
33.25,80.3,789.69
40.95,80.22,902.85
11.78,102.57,531.14
3.63,105.44,416.1
46.5,77.83,988.2
19.18,77.68,577.31
41.9,98.14,972.2
20.17,91.48,621.8
25.32,45.22,564.11
13.2,107.4,580.79
6.1,7.08,162.42
27.13,76.86,686.1
22.71,28.48,475.98
28.49,39.96,590.62
11.41,14.27,261.84
1.86,63.44,271.57
27.04,54.3,620.32
34.61,50.39,717.09
19.35,22.93,411.37
4.75,48.48,270.56
45.23,57.02,909.67
10.55,65.24,398.41
33.64,103.31,856.57
38.51,108.32,967.22
24.15,5.52,427.17
19.31,96.93,625.77
19.76,10.61,383.62
40.8,50.87,823.82
4.76,68.6,325.64
26.49,81.23,700.53
20.35,10.88,384.93
48.88,90.04,1046.82
22.85,12.29,430.14
47.3,8.61,784.17
45.56,48.76,877.66
38.7,58.92,805.93
41.7,31.01,762.78
4.94,20.34,185.77
40.54,80.4,895.84
38.3,37.85,729.83
46.1,110.18,1094.36
32.83,34.72,652.01
18.58,20.63,391.32
2.79,68.18,297.44
17.48,98.76,616.11
8.7,69.26,383.0
15.05,23.96,352.92
49.18,81.95,1047.07
26.03,109.95,771.75
25.81,113.33,786.98
31.05,87.08,778.87
13.6,18.29,307.45
42.56,84.49,928.27
10.26,6.1,217.87
17.79,22.07,387.64
6.18,15.55,188.82
45.15,90.69,989.09
36.35,51.51,760.73
48.41,84.86,1029.43
28.4,21.32,538.14
0.62,14.12,103.95
5.1,81.49,372.5
31.05,113.09,854.48
24.65,37.39,534.55
25.67,22.33,498.4
46.93,21.66,813.56
44.59,19.3,766.39
16.14,119.8,658.77
11.69,28.29,314.97
49.13,85.66,1049.86
28.31,52.05,641.19
11.28,82.19,473.01
10.62,61.34,389.91
30.89,12.42,544.49
1.1,20.02,126.0
38.81,56.39,797.41
23.76,79.1,645.86
0.62,10.64,90.45
14.61,102.34,572.07
22.21,58.6,570.14
15.9,105.94,602.4
23.52,112.62,760.89
36.32,21.65,648.32
49.35,52.77,943.66
3.86,52.29,267.21
11.69,9.14,248.6
5.25,37.56,243.87
13.87,8.62,282.61
39.15,104.93,934.57
38.72,6.02,648.43
46.24,104.54,1038.8
2.13,119.98,443.44
38.22,43.95,753.78
5.9,109.9,464.59
16.86,89.34,576.03
10.47,53.11,368.09
31.16,96.57,800.88
27.37,106.73,782.65
43.47,72.28,933.02
7.48,116.87,512.2
18.03,45.27,453.11
29.09,54.38,643.42
10.07,98.05,495.04
19.36,70.62,542.39
39.9,118.77,1009.93
23.57,119.88,749.16
40.54,50.66,796.84
37.88,102.2,923.42
48.27,70.07,978.25
30.65,45.11,657.55
37.02,7.61,629.32
36.46,99.75,901.68
18.4,17.43,372.8
44.67,86.47,976.54
0.91,17.39,116.27
9.63,31.69,284.44
17.97,36.0,427.56
14.29,41.01,392.86
2.47,10.68,118.38
24.05,101.87,718.78
18.74,44.76,466.26
47.64,99.18,1072.71
21.07,77.4,599.09
13.53,37.61,362.01
6.72,46.19,296.54
15.59,96.11,569.55
26.29,78.38,685.18
31.4,104.17,828.58
8.42,48.78,321.87
20.03,107.88,671.91
28.07,42.99,607.78
29.37,74.87,703.24
10.97,43.76,349.47
12.44,47.38,373.55
39.72,62.64,836.85
31.63,8.9,556.76
37.61,117.45,954.65
48.86,38.36,897.11
20.76,13.9,402.18
27.65,69.15,670.09
30.51,72.14,734.35
46.73,36.02,858.82
6.94,53.89,316.71
6.2,68.62,343.4
2.43,93.41,366.38
13.28,56.52,419.56
31.19,26.73,594.71
0.77,65.29,258.86
6.2,85.3,400.5
23.78,70.12,614.47
9.74,21.87,258.17
19.6,60.14,528.23
11.87,96.47,516.92
45.92,106.51,1065.49
8.72,24.94,261.92
17.39,40.99,424.48
21.85,84.41,632.5
46.35,92.8,1018.8
9.99,15.06,246.51
41.04,69.71,874.62
7.58,87.09,426.3
31.15,113.47,878.4
31.59,34.62,633.19
28.57,62.81,669.07
36.8,81.01,845.6
20.67,113.2,698.73
48.55,56.6,943.19
7.68,104.42,479.51
44.74,66.25,914.23
43.55,29.26,775.21
15.1,95.33,565.54
11.92,91.92,510.29
36.53,21.33,672.7
9.98,58.22,374.41
6.48,40.29,268.14
7.49,49.06,304.85
14.12,90.8,531.14
47.7,90.64,1040.35
30.99,59.94,701.13
19.34,64.64,534.11
37.25,10.47,648.05
47.88,55.7,940.09
14.35,104.35,580.5
14.02,109.48,594.91
9.33,10.02,220.66
12.7,82.15,493.68
38.45,102.12,943.97
10.79,53.43,372.26
13.19,6.54,265.61
14.25,113.22,610.7
33.03,84.0,791.58
28.4,36.08,591.26
41.81,73.92,902.33
29.25,61.93,672.89
2.21,109.63,412.38
22.4,46.35,528.18
13.77,71.07,472.34
15.69,31.0,375.61
28.11,92.99,743.79
16.86,104.92,622.45
36.3,86.96,862.66
18.24,51.16,473.87
14.73,18.96,326.89
23.07,88.38,660.88
48.06,14.04,812.62
8.93,18.44,234.92
22.89,71.78,604.39
37.52,66.77,818.77
22.82,112.61,737.75
1.08,104.48,384.05
39.77,39.38,762.99
3.02,81.89,340.62
9.72,111.21,527.13
19.31,42.64,472.17
5.07,8.61,152.9
45.9,98.13,1032.14
31.62,103.47,823.58
34.37,110.87,898.72
1.47,33.92,173.0
11.66,49.16,371.36
47.02,103.93,1051.48
1.52,14.73,117.45
35.63,25.97,658.42
33.03,58.98,712.9
47.26,54.93,925.25
22.82,95.52,669.32
46.79,101.17,1041.53
45.77,49.38,880.16
38.63,118.8,979.14
35.14,27.3,676.27
24.67,40.92,544.8
29.0,92.54,754.08
43.71,30.34,791.94
31.63,102.78,843.21
13.18,74.11,476.93
35.01,93.51,854.83
14.75,86.0,524.38
19.23,43.13,478.36
0.98,24.5,138.26
40.99,30.45,756.54
24.84,109.4,748.78
14.39,55.11,431.08
44.7,80.25,959.77
40.96,39.46,765.05
30.94,35.16,616.82
42.69,10.56,721.89
11.61,43.35,359.28
4.48,10.0,148.4
40.05,86.9,916.03
37.68,48.59,768.15
29.71,97.62,786.24
37.15,66.25,796.14
34.24,38.68,676.44
1.4,31.59,165.13
17.05,32.74,406.58
4.51,85.19,376.1
26.27,20.2,502.81
9.27,22.16,256.07
46.98,85.29,1022.94
11.19,112.08,552.22
35.0,69.35,787.53
44.41,100.35,1029.04
10.29,32.56,301.55
16.09,93.73,572.24
42.1,6.02,698.94
49.15,107.04,1120.28
44.56,19.77,779.39
7.88,71.04,381.28
17.54,49.6,462.85
38.06,82.42,876.14
26.69,96.05,738.02
8.58,10.11,212.12
11.96,44.13,360.56
4.64,65.22,313.82
6.75,90.42,427.7
44.18,14.89,748.32
49.46,79.2,1028.06
44.37,73.57,933.12
14.72,113.16,614.5
44.48,93.52,1006.17
14.69,72.15,485.09
8.57,23.28,249.32
10.12,16.87,253.36
7.99,86.14,429.97
31.54,36.76,628.68
36.67,41.72,719.32
14.26,7.59,287.28
23.9,113.44,751.38
15.03,82.59,517.54
42.31,95.51,960.1
15.06,14.36,323.02
5.48,82.29,376.44
44.54,25.61,803.64
22.52,28.43,476.06
46.27,7.3,750.03
23.32,66.7,605.3
26.97,28.42,539.71
27.32,36.61,567.29
27.81,64.35,668.83
47.92,61.44,940.74
39.41,33.47,746.78
32.17,107.7,866.24
12.05,47.37,373.68
42.27,51.67,835.67
18.16,80.74,563.43
18.63,64.64,521.1
24.09,29.0,502.27
1.84,83.24,327.57
31.42,111.31,866.15
38.61,35.8,747.49
29.99,64.73,688.5
14.99,37.2,386.0
36.35,110.88,932.91
8.0,23.56,241.93
15.12,29.93,366.38
38.18,97.58,917.24
19.6,83.5,593.12
48.38,24.38,841.33
19.59,95.91,638.87
42.74,8.35,726.55
38.67,106.49,949.89
17.76,10.84,347.81
21.18,79.06,606.12
42.91,18.98,755.93
10.92,116.58,561.94
31.24,46.7,661.44
23.7,104.0,711.19
16.14,38.32,410.29
39.14,61.36,826.44
25.55,34.18,532.32
18.48,116.79,689.81
24.12,47.73,554.26
39.92,102.56,954.79
25.64,41.4,556.89
39.29,18.19,697.33
14.82,44.61,411.17
9.55,34.05,292.96
34.53,64.12,771.3
7.69,62.39,349.67
32.58,27.89,628.75
7.22,46.43,301.72
23.27,14.34,439.47
31.88,58.96,712.56
8.14,110.02,499.19
17.04,58.01,480.29
15.86,63.48,474.77
37.28,62.06,795.81
1.69,45.07,208.93
24.16,79.14,642.0
46.64,79.78,989.15
16.19,116.08,645.94
10.04,31.85,301.94
28.41,41.95,596.66
35.89,55.46,761.46
31.87,40.94,656.75
32.5,27.08,622.0
14.61,64.21,468.98
6.71,111.55,483.62
2.17,9.85,113.76
14.6,90.76,540.91
38.82,109.45,957.54
24.73,58.09,590.05
13.22,76.53,472.21
5.72,73.11,350.03
32.94,92.16,822.22
12.17,32.1,329.85
45.8,95.87,1031.9
13.73,102.45,568.45
7.57,45.25,301.6
23.44,57.88,563.96
27.9,52.77,631.74
39.64,60.08,814.95
32.65,66.57,738.62
0.99,81.12,306.19
25.65,19.59,498.14
17.35,117.97,664.82
47.99,95.31,1052.0
20.43,114.76,709.53
18.63,16.14,379.66
19.46,27.92,422.34
40.78,61.2,835.49
10.04,19.47,259.6
25.97,94.2,715.55
42.65,17.15,747.79
6.15,102.67,453.93
0.95,15.76,110.41
30.66,25.98,587.65
16.86,97.26,591.88
41.03,75.66,889.4
35.26,12.97,606.51
16.96,99.57,613.5
5.27,94.36,406.78
5.47,104.08,450.27
42.4,6.18,694.16
13.65,109.46,592.05
7.43,83.01,407.08
4.12,87.49,372.83
8.73,77.2,404.35
17.21,49.09,450.61
42.67,90.02,964.92
29.1,19.76,542.42
6.3,23.92,218.32
48.18,93.99,1059.16
33.01,99.47,838.02
19.39,51.21,487.82
2.55,88.92,360.86
32.23,53.73,687.23
37.18,88.85,863.99
41.04,92.65,935.99
5.53,92.6,414.17
5.38,117.94,484.98
17.93,65.59,521.19
36.85,91.98,875.36
16.0,63.72,481.72
9.83,22.85,265.58
10.69,90.22,478.48
35.51,97.72,887.72
20.65,78.18,604.59
6.2,83.72,407.09
29.45,94.25,779.26
24.18,54.17,571.27
9.92,5.06,213.15
43.54,92.97,956.21
38.91,51.33,785.77
43.27,16.02,751.53
1.08,49.94,215.62
13.36,66.16,451.85
46.89,102.65,1057.1
20.23,118.84,704.24
5.14,81.71,377.12
36.56,19.08,657.53
16.65,39.72,419.03
45.21,18.5,777.79
1.45,48.22,215.99
35.42,61.07,771.0
28.86,116.26,841.56
36.56,110.18,936.45
30.09,111.29,827.08
25.77,37.16,540.87
11.39,59.1,396.02
44.68,27.06,807.43
17.29,115.68,653.41
13.81,55.85,424.23
34.24,119.13,927.85
20.78,18.0,415.41
49.35,68.35,1006.27
1.96,61.55,261.05
32.33,115.09,877.71
31.42,84.91,785.66
27.42,92.35,723.34
42.92,81.23,937.69
45.21,113.55,1057.36
19.32,88.46,599.21
44.29,112.17,1048.4
25.49,7.11,453.23
4.21,26.78,196.1
8.03,83.92,419.17
45.92,115.0,1079.59
7.36,31.48,252.03
8.35,43.71,307.27
47.48,115.68,1114.63
36.17,59.0,776.07
26.74,77.96,681.77
11.63,115.74,573.21
17.09,35.87,406.99
5.01,28.92,210.58
32.19,30.67,620.18
2.57,104.08,401.9
38.12,81.59,863.51
40.74,72.19,880.4
37.15,79.12,830.55
33.8,97.79,844.72
2.71,48.69,238.59
6.14,112.34,469.64
27.65,111.23,794.54
7.05,104.04,470.22
27.04,7.27,477.19
15.4,64.41,477.76
41.23,17.68,711.45
42.06,94.52,954.0
20.31,81.42,606.75
49.57,66.59,974.07
49.43,90.93,1066.81
8.48,66.22,374.7
30.86,107.61,838.76
46.76,15.29,795.05
44.32,34.81,832.26
27.87,29.52,548.85
33.64,10.3,585.36
8.87,53.49,345.66
43.92,13.08,742.13
7.39,106.48,479.52
24.76,23.74,492.92
12.59,66.31,436.21
14.32,41.33,392.21
20.06,17.37,412.3
48.49,25.08,846.68
34.57,15.91,617.64
11.86,79.4,467.37
6.66,28.28,230.53
36.82,9.04,627.98
1.5,15.97,120.03
14.43,15.69,314.27
5.49,7.9,156.47
2.97,72.89,316.6
27.3,25.09,542.93
42.13,42.67,809.86
13.52,107.84,576.63
28.59,88.01,749.8
45.93,55.23,902.64
12.42,79.48,475.35
47.73,44.54,903.83
45.8,17.95,790.15
32.83,38.83,644.14
46.25,108.9,1067.83
4.38,62.29,303.14
38.38,19.17,686.15
36.44,55.07,778.48
34.82,23.35,643.49
16.8,118.33,656.16
2.79,62.03,280.45
44.54,81.33,953.98
43.3,12.28,746.53
9.92,94.47,486.9
47.24,108.27,1074.9
25.23,23.21,492.41
47.72,23.58,830.45
28.9,10.42,520.93
10.65,56.1,382.17
1.99,22.54,148.5
36.62,98.5,888.0
4.86,22.28,188.34
0.9,72.83,283.26
47.03,96.78,1061.93
42.71,78.5,921.28
10.85,109.94,548.53
36.85,15.43,646.66
15.26,76.68,513.47
28.65,66.9,678.03
42.59,106.95,1008.42
26.16,101.56,747.05
18.51,35.62,442.75
13.34,69.64,457.31
1.01,75.53,290.63
49.72,107.26,1128.33
21.13,39.28,488.15
18.75,14.36,370.22
38.26,26.85,707.63
11.79,115.09,572.1
3.6,15.39,148.71
31.86,77.53,762.7
35.26,39.57,695.94
12.8,91.74,513.67
17.78,29.92,408.32
15.06,38.07,387.3
0.53,11.69,93.86
27.87,37.83,583.04
5.81,93.14,420.6
37.91,38.28,737.14
16.81,102.45,606.49
2.66,62.42,278.64
49.86,52.44,945.72
5.47,41.53,257.32
11.99,114.66,576.06
31.3,24.33,583.74
41.08,44.58,817.47
43.81,98.38,990.6
48.53,68.1,990.53
45.42,29.81,813.45
7.28,37.66,271.76
47.61,81.73,1011.87
37.12,109.3,933.74
46.4,91.34,1032.09
42.32,25.14,751.06
30.65,48.14,655.84
31.24,100.29,827.31
25.72,46.09,575.29
27.88,38.8,578.25
30.2,55.53,671.35
46.72,64.57,957.28
44.43,64.86,892.46
20.31,112.31,697.72
11.55,18.97,280.95
14.59,54.73,438.3
26.48,73.1,663.89
33.99,101.0,873.11
42.27,34.24,795.34
44.35,95.9,985.7
29.41,118.13,855.57
41.01,109.42,991.31
49.39,62.01,975.14
42.77,101.15,981.21
17.13,10.44,327.51
4.75,96.41,415.44
14.54,79.26,502.46
31.66,26.56,613.34
49.28,96.55,1073.54
1.38,72.32,288.84
7.63,94.75,440.69
4.15,119.55,466.53
47.82,20.13,819.02
15.19,112.46,605.36
36.21,114.93,941.26
35.0,104.61,893.46
34.37,26.7,647.08
49.1,63.65,998.86
2.4,35.38,191.96
1.67,60.15,255.62
49.98,104.97,1116.59
43.03,41.77,825.86
1.85,110.6,412.48
33.12,23.19,610.94
10.19,42.84,337.06
8.99,18.73,238.71
19.82,37.95,462.22
0.72,108.77,387.39
21.94,81.36,624.65
5.32,21.17,195.49
39.57,31.35,724.09
15.53,95.5,579.47
36.7,79.3,827.6
26.04,98.97,733.09
29.0,116.57,842.15
17.08,63.46,499.13
39.95,92.47,915.17
33.31,112.37,876.37
22.22,45.59,521.7
19.72,11.59,383.15
36.21,45.58,731.16
16.49,43.92,426.24
24.22,87.51,673.13
21.51,11.32,405.74
35.01,115.31,909.45
9.49,31.77,290.23
11.47,41.09,346.24
3.57,97.46,399.47
3.56,17.24,154.0
18.02,24.0,385.07
6.05,103.83,446.67
24.61,9.23,444.16
30.21,33.58,613.92
40.56,31.44,763.48
23.44,115.62,749.78
13.56,92.05,533.17
35.06,72.72,801.07
26.21,52.83,610.88
2.71,104.55,405.37
13.76,8.24,284.01
0.57,13.38,97.58
13.62,85.46,508.1
47.98,28.78,858.11
46.62,45.52,885.71
16.32,32.85,392.8
17.39,90.66,575.83
12.22,89.68,505.88
32.1,82.25,765.73
9.18,37.51,301.6
4.25,64.6,302.86
4.83,43.76,251.7
14.38,75.82,501.57
37.14,34.28,716.82
48.28,29.6,851.05
32.89,109.26,854.22
33.51,8.61,576.15
18.33,34.67,426.29
36.98,114.84,944.14
19.55,10.65,376.36
36.32,79.51,848.12
45.32,21.15,789.44
24.82,111.46,749.08
45.39,105.27,1054.3
19.48,112.09,672.48
11.12,21.24,281.9
41.16,23.16,742.58
44.3,82.93,972.8
38.36,52.79,797.97
7.07,67.02,354.79
11.59,85.1,481.38
13.85,24.54,328.51
24.07,46.55,540.35
45.67,80.74,963.96
25.4,8.87,451.45
46.37,30.68,846.04
41.46,24.05,749.39
27.07,14.62,499.6
8.35,87.65,444.35
16.89,18.17,352.26
47.54,46.56,900.7
28.84,114.06,811.34
8.54,112.9,510.49
40.14,30.42,747.96
27.1,68.98,661.79
32.58,92.65,820.39
21.07,45.81,505.42
10.12,10.63,233.17
47.26,39.13,877.41
39.82,11.86,668.52
1.99,80.42,322.73
47.19,6.24,783.77
43.63,26.94,777.06
4.0,5.99,126.88
24.26,21.37,468.43
23.47,6.04,417.4
6.36,98.61,435.44
10.46,91.81,472.58
32.44,10.09,552.11
4.4,42.59,239.89
34.01,5.08,564.52
47.98,25.07,848.01
0.77,119.0,417.6
2.28,18.86,140.27
26.16,17.04,485.91
4.15,8.66,138.62
19.8,92.86,624.55
9.91,12.44,239.01
44.97,67.81,929.99
15.05,17.59,324.5
42.28,74.59,916.46
43.01,70.17,898.89
25.4,7.23,457.16
30.59,66.38,713.8
31.57,11.52,563.21
45.2,7.07,748.49
40.99,58.48,852.12
32.52,46.78,672.3
36.11,27.24,679.12
36.25,38.77,716.06
40.78,84.51,909.73
46.23,22.96,804.83
15.61,42.72,408.05
35.0,36.14,687.23
10.07,46.96,336.13
3.37,114.54,448.0
26.73,31.24,542.22
10.07,84.92,454.6
19.99,97.72,637.21
23.71,12.18,441.27
33.59,81.76,804.63
3.29,5.41,115.14
30.94,75.38,742.5
0.53,54.34,219.03
42.62,80.94,937.64
0.84,103.32,377.19
39.48,37.35,746.4
18.14,63.6,504.35
49.62,89.76,1070.63
14.07,78.65,502.46
16.78,26.6,380.75
2.78,118.2,440.84
24.84,38.54,534.91
12.03,75.88,458.17
19.68,66.24,539.54
16.36,70.59,506.11
12.26,55.38,397.2
20.22,77.59,578.99
9.49,71.92,415.43
48.34,26.33,852.99
20.94,40.21,483.59
41.82,61.7,860.77
37.71,40.97,737.72
36.63,92.71,878.56
26.22,105.21,746.8
1.77,41.43,200.22
7.28,71.26,374.65
15.64,58.74,461.22
26.04,36.99,558.91
39.75,90.08,909.65
39.54,46.14,772.91
20.48,46.91,495.65
40.25,61.47,829.98
23.18,22.98,466.6
20.76,36.67,469.83
49.51,50.77,938.96
12.73,70.37,454.92
0.7,7.0,81.18
26.63,83.92,697.7
15.94,32.49,385.11
34.08,112.1,900.75
11.99,15.0,274.5
11.94,119.18,576.18
2.63,56.92,255.91
26.27,118.57,819.1
43.91,40.47,820.41
35.71,30.43,674.82
37.57,41.01,735.85
42.06,77.24,919.69
48.88,90.41,1044.57
25.49,38.36,552.39
1.46,86.72,330.25
14.59,27.96,347.78
3.82,43.86,239.07
1.47,113.1,407.94
48.34,40.04,890.95
45.29,72.49,944.08
30.7,108.02,838.15
43.86,47.39,852.72
48.68,86.55,1030.34
34.51,46.53,692.75
41.41,22.03,735.22
8.06,103.67,484.62
12.35,101.99,543.23
11.34,13.01,258.68
46.86,24.05,824.16
4.13,42.93,238.77
17.9,73.96,545.19
8.99,86.73,437.28
20.48,114.2,689.78
36.11,101.46,908.2
40.12,35.22,747.74
19.72,40.75,457.62
37.76,6.41,630.83
6.87,36.85,262.45
38.23,116.48,952.3
41.54,12.72,712.63
5.11,44.72,264.46
46.3,66.1,940.52
25.03,29.5,518.02
19.95,29.23,436.54
17.2,64.18,493.77
38.05,72.21,853.91
33.42,104.24,861.35
31.36,87.41,785.61
7.72,101.92,473.91
8.49,90.3,445.87
7.83,48.57,311.78
49.23,17.38,834.84
20.62,82.85,610.19
45.51,99.99,1022.84
49.16,71.49,983.32
2.84,100.42,388.36
1.72,88.94,339.35
48.25,81.02,1003.56
27.41,19.61,517.77
38.2,23.72,693.47
29.92,85.43,765.61
38.33,26.17,693.59
30.24,89.4,763.88
14.66,112.3,604.16
18.19,17.39,374.97
17.7,101.76,614.05
44.11,59.43,888.83
32.28,23.69,611.2
3.1,23.41,168.13
9.09,20.03,244.39
46.42,84.21,989.83
42.66,17.45,741.8
30.75,81.78,762.6
3.01,99.08,391.63
27.91,75.29,694.78
39.95,22.66,718.81
40.56,92.52,934.27
45.62,78.69,956.07
23.45,17.53,460.43
38.96,56.42,793.99
3.26,77.81,332.31
46.46,45.72,891.36
44.38,95.43,1008.62
33.65,23.64,623.83
2.78,47.07,234.14
26.59,5.43,471.08
22.06,23.14,451.32
44.04,40.72,832.59
29.88,62.74,687.85
32.56,27.03,602.48
11.5,27.14,300.15
46.36,87.15,1002.05
44.94,102.58,1021.32
30.96,26.42,598.44
7.06,77.75,385.05
17.95,12.62,358.48
35.93,118.56,951.12
24.08,15.99,461.37
36.47,34.5,711.31
45.29,60.92,904.4
48.1,64.79,966.37
43.1,66.88,887.66
37.51,68.02,802.24
10.46,37.08,319.35
22.32,98.1,676.71
27.87,52.84,628.72
28.76,79.48,722.81
46.8,17.12,801.62
35.3,8.82,599.44
33.66,102.27,872.0
43.61,7.36,728.65
29.98,60.19,682.31
5.99,32.56,240.19
40.26,62.03,839.74
39.39,93.06,906.99
17.73,23.87,389.11
0.85,14.26,105.72
39.86,91.32,921.53
14.1,78.8,509.66
22.07,66.06,579.09
49.43,42.87,917.62
26.45,14.85,484.12
40.4,53.54,831.07
38.78,118.38,977.3
9.09,44.74,324.28
49.27,68.27,995.44
6.35,46.55,285.05
5.75,5.87,153.45
13.18,68.46,453.92
33.76,116.52,899.72
45.03,70.18,930.78
29.49,51.39,654.26
17.18,88.68,568.7
18.67,105.1,635.7
8.94,48.87,336.7
49.56,68.82,990.13
5.3,103.17,437.26
43.74,34.44,804.56
37.38,56.48,774.08
21.27,41.59,497.54
12.83,41.16,366.97
26.89,58.14,627.08
25.41,119.56,800.18
16.02,59.23,472.62
9.61,83.8,451.07
11.05,51.4,367.08
23.82,24.15,478.78
27.47,80.06,698.89
21.55,62.53,565.47
4.97,51.58,287.65
10.61,66.38,410.18
11.48,28.89,313.5
2.33,54.03,243.3
38.33,49.45,770.32
33.64,78.61,796.77
1.29,12.82,108.03
36.25,45.66,733.27
14.33,44.16,392.47
46.09,8.02,749.7
17.63,33.5,416.56
7.18,8.97,184.68
36.33,50.41,744.78
19.69,49.22,495.27
11.15,42.31,342.02
33.73,5.01,572.91
3.06,73.04,315.73
20.72,14.02,406.75
32.31,98.55,843.32
14.7,82.86,515.37
47.87,44.1,905.07
35.83,91.71,853.17
14.15,31.94,358.11
26.17,35.05,537.92
0.55,46.77,199.34
30.54,93.98,790.45
6.55,78.99,391.13
48.33,106.99,1097.29
16.31,46.05,441.28
17.64,111.04,644.27
21.88,52.02,527.53
0.71,36.16,171.86
28.69,49.26,628.07
33.42,81.58,792.68
40.26,65.92,849.37
9.24,35.14,296.07
47.29,58.47,946.06
3.08,85.55,349.92
10.23,40.53,321.29
41.56,71.32,889.17
31.86,106.75,840.34
43.05,12.23,736.06
34.46,84.0,814.65
46.15,50.06,902.26
42.54,21.61,749.43
31.76,24.91,607.28
39.58,70.59,854.24
40.53,22.58,721.55
38.91,107.46,950.32
28.36,115.17,824.73
30.77,102.7,833.3
4.96,24.32,198.36
47.27,45.96,894.25
46.23,67.89,959.12
27.53,57.27,634.11
1.29,6.48,88.21
36.98,76.57,836.04
23.16,86.63,665.11
1.34,28.4,155.61
26.29,68.51,648.73
26.23,53.64,599.58
35.18,93.71,838.62
35.42,68.86,777.97
43.59,60.33,875.69
41.88,53.56,840.62
36.09,54.39,752.2
16.41,28.29,376.94
6.63,88.78,412.38
25.01,58.37,605.6
18.08,36.93,433.04
41.75,52.98,833.48
36.2,62.31,785.48
26.61,84.41,695.59
23.82,85.79,666.48
41.51,57.51,848.83
23.25,66.41,602.85
41.56,109.33,992.43
26.09,52.68,602.5
43.43,80.41,949.09
44.22,15.24,754.44
37.57,77.27,847.59
1.29,73.92,290.95
6.22,19.45,199.24
13.18,5.1,265.02
30.28,116.5,841.26
6.42,104.54,452.79
17.77,19.34,368.97
24.19,95.55,703.32
25.13,105.61,753.2
37.11,23.54,672.63
29.99,108.31,839.75
32.8,112.95,877.61
34.72,59.74,753.76
37.43,23.97,678.01
27.65,38.31,575.08
40.68,44.88,798.13
30.54,32.85,607.55
41.61,6.44,688.88
10.2,74.46,420.27
28.12,51.75,623.53
14.91,30.44,358.6
17.89,74.27,533.91
47.4,35.13,874.88
35.75,14.37,626.27
28.67,26.17,569.85
21.96,93.12,653.79
17.95,5.44,338.14
4.95,19.57,184.8
25.76,96.15,719.05
37.87,72.52,842.03
28.68,60.52,661.76
43.52,13.22,736.6
41.08,96.16,957.72
25.43,81.02,673.87
45.34,55.26,909.79
44.66,72.02,942.75
21.72,53.47,534.05
24.73,37.92,522.13
45.52,69.86,940.87
41.79,83.99,932.66
4.82,56.59,291.13
12.34,66.82,440.2
46.88,86.55,1003.16
18.09,74.01,541.61
6.35,20.04,206.5
25.0,89.2,688.48
36.6,77.91,849.61
31.6,28.27,602.21
40.51,94.14,927.8
13.01,11.34,277.82
11.38,18.46,280.03
1.13,54.19,232.45
48.84,28.78,859.89
12.53,43.79,376.28
17.93,16.98,368.69
36.65,96.38,883.78
26.63,28.96,534.19
19.02,94.4,622.43
33.86,30.27,644.93
26.56,75.62,672.47
26.79,84.79,703.75
23.52,13.05,442.9
31.25,79.02,759.36
20.23,118.21,710.88
21.33,106.33,684.75
36.0,69.66,803.4
21.8,9.41,406.16
32.34,27.39,604.1
28.12,112.23,816.32
24.55,8.97,437.26
39.02,59.04,819.11
37.2,109.51,940.28
2.22,29.5,170.12
31.87,10.31,557.29
28.99,6.84,502.46
24.38,76.96,642.2
30.74,74.67,733.99
25.55,84.71,691.79
8.49,50.16,324.39
3.84,99.2,407.12
47.15,119.83,1117.17
5.51,74.76,359.97
15.78,10.53,310.63
35.53,116.07,912.34
46.94,46.94,898.36
45.77,103.4,1067.68
35.17,78.73,816.38
8.46,84.67,423.84
40.29,51.61,812.21
24.55,8.18,437.66
14.17,34.0,363.3
2.78,57.96,272.56
23.38,105.0,721.68
2.37,75.59,320.52
9.95,34.04,301.04
39.39,70.25,860.86
37.46,44.72,740.42
24.69,81.42,672.63
12.93,38.58,354.42
15.88,112.65,627.64
28.41,11.46,516.75
32.65,42.73,675.26
2.75,74.81,316.82
28.43,28.78,567.05
38.48,17.72,694.1
22.46,119.76,754.5
16.23,15.8,344.75
47.5,17.13,809.62
25.86,95.9,719.06
48.56,46.26,917.67
35.68,50.71,735.7
9.58,40.19,314.02
37.3,30.09,714.87
42.18,22.93,758.42
36.97,35.61,699.15
47.43,86.2,1027.31
34.97,91.56,841.68
45.84,86.85,1009.78
34.95,71.04,782.69
18.01,110.92,668.05
21.06,94.79,651.77
17.38,98.22,607.32
24.11,85.36,663.68
26.8,20.45,516.11
37.86,39.52,736.26
47.23,94.58,1055.31
21.62,16.12,415.69
40.4,26.97,750.47
46.64,12.21,783.24
19.97,75.68,579.22
14.82,69.08,476.69
30.62,28.78,591.89
0.76,32.54,158.51
26.04,87.06,708.11
24.3,25.95,488.61
19.91,36.05,457.89
44.46,87.37,977.92
16.67,37.19,402.65
45.11,19.2,781.34
36.36,75.25,822.71
31.66,115.72,884.04
5.05,17.06,175.85
10.39,14.51,243.43
1.6,92.93,357.11
18.36,85.9,582.79
24.68,75.39,641.9
47.39,101.15,1062.02
15.94,115.25,631.58
37.88,40.54,726.48
16.56,52.16,450.08
1.37,110.7,402.29
17.98,16.69,366.82
9.49,115.7,544.9
46.07,17.16,796.42
11.26,18.96,281.9
30.52,99.53,798.8
14.86,67.84,479.07
31.44,13.31,569.65
9.48,33.32,294.2
13.32,113.08,593.74
36.35,47.72,720.49
5.72,80.25,372.02
2.24,81.52,330.92
35.32,8.0,606.06
9.35,64.95,385.73
34.99,31.46,672.97
40.82,34.77,769.54
40.31,52.53,806.17
45.49,54.09,889.92
43.35,23.35,767.28
1.37,119.43,429.99
4.14,58.08,286.7
23.82,75.25,634.0
31.67,17.63,572.2
19.22,36.5,442.99
12.95,45.8,380.69
9.09,95.66,462.13
43.1,33.54,800.08
46.25,9.04,766.01
1.21,26.09,147.08
35.18,31.53,682.7
34.58,41.97,689.66
33.56,93.23,826.84
29.3,12.34,522.78
4.26,88.39,373.03
35.72,44.87,713.84
21.05,103.62,677.58
33.2,16.95,601.58
22.93,84.59,653.4
9.05,68.31,393.28
3.81,48.1,251.91
46.87,29.98,840.05
19.45,20.12,403.06
11.57,62.84,407.74
19.98,85.62,602.56
6.41,60.15,324.06
41.17,111.92,988.85
12.53,77.45,474.57
45.0,58.82,905.68
49.14,116.65,1172.33
33.55,47.99,700.55
33.27,64.14,737.72
29.49,62.5,688.57
27.79,61.95,655.57
20.93,84.19,621.74
48.27,14.24,824.69
37.08,112.52,941.0
2.47,104.22,402.0
30.06,10.97,536.64
27.19,51.89,623.91
30.0,38.64,617.09
30.18,14.56,550.13
27.72,104.82,784.52
6.73,115.87,499.42
3.41,57.23,274.85
9.37,77.27,422.02
10.68,25.91,283.96
12.77,8.36,264.01
35.06,80.15,825.33
3.77,40.88,231.03
20.37,63.05,545.4
37.63,97.38,906.54
10.09,92.91,484.0
6.72,53.11,314.66
36.78,27.26,690.16
49.09,25.52,865.31
45.54,69.33,934.63
29.98,66.93,701.15
18.23,112.6,659.68
9.75,39.74,304.66
20.32,41.16,481.79
7.79,99.41,475.08
27.55,71.18,666.58
35.39,77.38,816.28
12.6,72.72,449.37
21.88,9.53,403.08
46.05,37.26,860.6
49.83,58.24,963.55
6.01,55.39,302.72
18.58,78.18,576.4
2.46,69.3,295.69
18.72,111.28,666.64
38.51,79.13,872.32
1.34,85.86,329.44
1.02,40.75,185.77
26.09,43.31,572.57
48.0,46.15,925.95
36.23,101.12,904.38
19.97,19.8,405.6
0.68,90.53,324.58
34.74,17.35,622.9
7.07,51.47,314.53
29.49,108.8,819.43
11.28,73.57,445.53
49.44,58.82,976.57
18.78,103.0,630.56
20.13,118.4,704.65
17.75,86.42,570.71
12.54,70.8,445.73
11.69,87.61,484.41
1.77,7.6,101.11
26.87,101.51,747.65
44.16,27.65,811.37
18.29,70.01,530.96
9.22,66.24,386.76
27.73,118.18,834.17
11.08,17.29,270.75
30.3,104.46,806.67
29.12,58.91,677.42
7.52,90.24,423.26
28.2,32.74,575.66
21.68,76.58,609.4
26.29,104.1,750.51
42.44,61.87,877.66
21.22,73.38,583.7
5.81,77.63,364.54
49.01,54.73,938.57
34.06,77.19,794.67
16.5,96.88,585.53
30.58,41.47,641.49
27.73,81.86,705.68
8.34,95.5,466.3
6.18,41.96,264.49
32.62,36.53,651.1
43.58,50.47,861.99
2.18,71.26,294.59
34.21,85.58,803.63
1.86,93.47,368.8
15.25,53.4,437.48
35.66,94.32,881.33
13.27,100.68,546.04
30.69,94.15,780.47
21.75,48.87,522.17
16.97,29.4,391.72
44.43,25.13,793.14
49.0,118.67,1142.32
43.52,14.48,746.06
47.39,9.89,793.15
4.5,23.6,185.95
47.7,119.39,1124.49
45.06,17.87,790.69
47.17,45.43,897.43
48.03,104.44,1093.12
44.45,77.65,954.52
8.5,79.59,419.01
7.83,104.99,476.77
46.82,10.22,780.19
23.77,93.58,689.42
35.17,114.48,902.87
5.58,23.08,197.51
20.83,39.15,481.3
28.25,106.58,789.93
33.71,11.46,586.88
33.85,41.16,673.41
17.8,101.74,611.47
47.33,68.02,957.07
35.8,72.17,804.61
2.99,27.82,177.4
33.1,111.77,877.73
38.27,59.9,790.23
30.26,46.31,633.69
11.69,74.33,447.79
1.6,36.53,183.54
25.86,45.74,568.35
28.55,22.34,549.12
49.21,116.58,1152.62
21.58,115.65,727.67
21.48,32.54,468.76
28.82,33.19,580.14
32.89,48.95,691.22
31.32,69.0,733.92
44.34,12.29,753.34
38.51,54.86,789.14
17.94,36.96,431.0
15.11,79.53,514.45
39.46,7.53,664.05
34.95,34.99,677.95
0.57,38.14,172.81
16.99,19.73,363.55
35.47,34.43,692.42
44.95,15.11,782.51
11.12,104.5,527.81
5.83,103.47,450.06
9.32,105.18,504.02
39.54,51.85,808.0
3.98,86.96,367.67
11.81,104.19,538.89
16.39,103.48,605.53
43.97,10.57,731.72
15.56,109.63,621.96
42.19,65.21,884.67
42.35,78.46,912.69
46.98,96.55,1049.17
13.08,71.7,468.25
49.69,10.26,816.54
47.65,13.33,794.29
13.8,70.17,454.19
41.78,38.81,794.65
37.71,114.77,953.97
8.4,108.66,494.0
48.16,32.42,868.72
36.81,95.26,903.8
28.84,27.08,560.16
38.11,111.72,958.83
21.68,60.17,555.68
33.86,26.36,638.79
44.25,83.2,972.65
25.82,112.16,773.99
8.89,113.98,510.01
11.44,28.16,305.75
14.04,90.19,526.23
15.72,87.89,546.15
40.41,47.68,793.76
6.03,115.56,485.54
18.24,16.0,370.48
8.2,102.34,479.3
8.28,71.87,393.77
2.55,54.15,252.01
16.66,92.98,579.44
7.07,54.86,320.5
21.15,117.68,709.22
45.92,71.95,956.8
39.71,9.37,665.16
21.98,9.9,408.06
48.05,24.42,842.27
7.93,116.79,527.74
16.7,66.28,499.84
0.84,52.01,220.26
20.59,95.61,664.09
25.33,78.15,666.44
18.46,60.44,506.86
17.93,107.57,640.45
37.76,16.83,668.71
1.98,101.21,387.94
9.89,18.13,253.76
4.33,7.86,138.81
46.09,77.2,964.85
2.12,73.59,301.7
16.02,33.62,393.71
25.52,32.36,534.45
20.34,88.09,627.62
5.38,91.2,410.96
3.7,76.09,338.12
24.96,60.87,595.77
21.43,75.38,588.95
15.35,35.98,398.28
28.58,106.39,797.37
38.57,11.0,648.42
18.37,115.16,681.31
23.11,87.74,658.92
2.7,18.43,145.29
49.59,115.42,1152.38
7.45,73.45,385.21
8.14,48.51,321.32
4.44,16.9,164.67
30.69,78.15,737.96
44.36,11.09,745.55
36.01,21.11,662.71
40.31,50.43,815.5
1.58,98.27,372.83
38.91,62.31,819.03
49.97,58.14,984.28
26.14,72.32,667.13
40.03,70.74,879.82
2.26,17.56,135.74
6.71,53.96,313.6
48.64,9.59,815.56
36.24,41.13,713.74
17.35,95.66,594.04
31.42,35.46,626.85
16.5,72.18,520.2
30.61,71.12,729.98
4.82,37.84,238.35
44.55,72.85,945.18
12.83,52.06,396.88
14.17,105.21,576.44
46.65,111.66,1103.47
35.72,107.58,916.08
21.33,36.45,486.11
3.48,97.1,392.59
12.11,57.28,399.54
16.09,100.41,593.77
20.34,65.09,550.65
13.21,108.27,575.29
40.07,73.47,861.18
4.4,75.32,339.66
36.98,106.04,928.14
49.33,52.16,945.82
33.18,107.51,866.92
46.94,109.6,1096.88
0.62,46.83,202.02
45.39,84.31,974.36
12.69,68.82,446.46
44.93,16.02,775.33
15.06,24.52,346.11
9.33,61.65,378.11
26.73,84.5,705.7
9.44,87.05,447.4
33.63,29.32,646.39
29.88,81.92,748.2
47.42,98.17,1058.66
44.0,7.22,728.85
11.63,48.9,370.72
43.44,63.85,881.64
30.34,98.79,812.68
15.41,112.21,618.04
49.27,75.12,1009.71
27.97,83.48,718.48
12.93,25.27,319.44
46.22,103.01,1061.91
10.98,27.95,297.08
38.49,42.6,756.23
49.49,70.09,999.79
13.55,47.88,402.2
44.37,109.52,1054.43
43.13,79.58,953.6
33.49,30.07,639.12
25.62,28.94,519.56
40.37,48.38,806.09
38.3,30.4,710.93
24.8,18.07,478.82
26.63,99.38,756.43
32.68,11.81,575.48
16.62,69.01,508.97
31.92,28.28,607.87
27.74,98.35,750.83
35.21,13.14,613.43
41.72,113.5,1015.57
31.35,103.6,835.17
11.56,8.19,250.2
25.5,65.98,628.74
34.73,71.07,784.85
32.57,78.78,769.89
36.55,64.79,791.96
26.15,94.74,733.24
41.75,79.56,911.58
1.5,38.98,187.9
28.73,97.6,769.84
13.33,71.48,464.83
35.6,104.64,912.78
12.41,12.34,272.57
3.23,32.75,199.41
47.02,119.3,1112.7
46.89,87.4,1036.81
40.92,108.22,976.21
47.85,89.02,1039.93
47.95,59.92,949.41
32.61,98.07,843.65
6.02,60.33,320.48
24.39,83.74,665.09
16.68,94.34,586.76
21.04,100.79,677.53
26.5,112.62,781.11
16.71,46.71,437.51
26.84,41.06,581.49
13.36,66.55,446.46
39.69,63.71,829.8
19.55,102.04,643.98
4.14,18.67,165.49
7.27,44.9,293.64
9.9,25.2,274.1
13.04,24.1,322.46
41.06,81.78,915.96
35.35,77.71,818.17
9.69,36.59,305.75
5.12,101.29,434.47
20.88,55.9,530.31
22.69,75.44,612.44
31.69,28.46,618.23
27.93,67.86,669.52
42.31,5.07,699.78
24.17,7.28,440.03
18.87,111.59,658.48
32.22,79.34,768.18
37.04,87.37,866.75
26.74,52.87,619.75
35.78,80.68,830.86
45.24,75.14,954.14
30.82,13.01,551.04
21.67,79.88,618.48
42.15,18.4,739.82
30.63,73.6,723.5
10.38,25.42,280.34
40.41,22.07,716.21
35.79,23.22,651.84
1.69,48.04,217.62
37.81,6.42,626.2
2.37,34.4,191.83
26.18,70.09,651.08
29.25,79.6,728.7
35.99,40.73,707.78
48.94,21.61,851.18
33.38,105.74,873.27
41.67,44.72,807.61
23.47,112.84,741.24
14.07,10.75,287.97
19.29,71.98,561.07
31.27,55.29,686.51
47.88,86.34,1027.26
8.49,46.4,315.93
47.79,61.15,959.56
43.16,9.07,737.4
43.25,75.11,918.72
9.08,106.87,502.08
23.46,85.38,659.21
22.83,105.14,720.61
10.95,63.96,399.45
11.53,30.9,314.81
6.99,20.34,213.3
48.41,54.12,924.13
25.87,73.55,654.52
21.2,50.29,520.04
43.95,18.64,765.94
32.79,5.81,555.99
24.81,72.62,654.05
37.26,88.89,884.81
24.91,84.91,674.04
25.36,117.5,781.81
19.6,54.6,509.21
5.66,51.47,290.89
44.36,6.67,738.6
39.55,62.8,831.6
42.29,54.94,836.79
49.53,75.92,1001.48
1.05,75.21,291.11
29.09,64.43,687.85
16.19,68.28,498.35
34.16,29.13,650.84
3.14,104.49,411.76
46.53,96.27,1037.11
6.66,66.71,350.01
8.93,55.53,348.37
46.75,47.35,903.98
2.48,78.35,319.0
46.77,78.28,982.44
47.06,72.04,957.24
34.54,37.74,687.22
2.34,89.05,354.02
38.81,85.82,872.97
17.75,91.0,590.31
35.32,104.58,899.75
42.26,45.43,828.34
12.59,30.85,330.89
32.33,86.13,793.18
24.71,36.26,528.38
27.53,22.78,537.59
43.75,72.78,915.52
4.2,83.06,362.22
24.94,119.01,788.61
32.0,97.69,813.17
14.56,81.56,516.32
23.08,51.5,550.14
35.19,25.45,660.81
25.44,55.47,595.58
25.17,39.01,556.01
2.9,110.46,416.81
27.82,58.09,638.04
13.15,15.12,292.48
42.37,16.57,726.93
34.02,96.09,856.36
34.49,86.4,816.48
44.6,50.83,873.87
3.6,43.4,230.47
44.22,66.19,896.9
12.89,32.21,338.47
41.55,118.28,1019.63
37.68,105.86,933.42
46.6,77.31,1004.28
1.14,80.37,308.63
35.63,88.03,863.63
32.12,18.29,589.96
44.97,76.61,946.04
46.0,62.8,940.16
34.11,114.5,907.27
8.7,114.32,526.98
49.21,16.89,855.25
5.06,26.81,202.17
27.12,115.76,802.66
20.48,113.97,682.59
26.31,14.27,486.03
47.7,70.43,959.77
34.96,15.18,620.61
46.1,56.23,919.71
34.31,59.15,738.86
3.83,55.63,272.46
32.64,33.03,619.13
26.9,26.23,528.37
26.93,46.88,598.49
7.83,108.58,485.14
46.78,80.97,1003.96
30.28,49.99,644.56
14.72,24.37,346.09
44.35,49.27,852.97
6.53,6.47,164.98
16.47,32.79,393.44
33.38,78.43,788.02
8.66,91.43,456.61
9.47,69.24,395.94
15.68,43.97,416.75
38.59,43.26,770.44
10.64,97.56,502.12
41.67,118.72,1009.91
35.25,11.69,608.34
2.47,43.52,216.36
31.96,35.99,639.56
32.76,57.55,711.8
11.38,23.93,291.09
23.68,114.79,756.97
49.06,67.17,992.0
12.28,111.7,576.11
44.59,92.31,1002.32
28.35,59.27,656.51
18.64,62.31,519.77
31.93,8.26,549.17
44.22,43.12,835.65
27.48,100.63,759.75
47.44,86.04,1016.02
9.26,99.27,489.29
14.17,56.59,434.27
34.84,49.93,710.16
0.77,93.19,345.61
21.13,41.08,488.35
34.89,6.52,603.48
0.97,69.39,270.17
15.92,13.98,332.47
44.1,40.7,839.95
10.37,32.63,300.74
5.63,115.73,482.52
17.89,64.03,515.07
13.41,78.0,481.68
45.58,57.96,909.38
10.16,40.35,322.44
28.32,113.98,824.72
32.76,82.71,795.76
19.99,109.77,671.16
6.91,37.85,266.74
7.84,102.19,471.2
46.29,81.98,987.37
48.24,20.67,829.45
28.05,45.59,608.0
16.67,80.62,540.96
5.68,65.15,332.82
42.75,116.87,1018.67
37.78,93.19,888.0
33.52,21.99,619.18
12.66,86.37,492.54
38.72,113.02,980.49
27.49,82.93,715.18
46.43,87.76,1006.38
40.67,57.65,834.47
16.67,9.02,328.11
27.27,101.67,765.35
11.13,54.01,379.67
30.88,81.77,767.98
29.75,70.18,699.21
33.32,74.39,779.14
9.23,81.01,427.83
44.84,6.12,736.53
46.9,82.27,1003.47
6.0,103.96,443.78
41.34,89.92,938.41
31.34,108.33,841.89
43.99,48.01,858.16
21.87,116.82,722.91
32.57,67.02,747.89
6.27,107.09,467.77
28.18,30.4,567.34
44.25,45.59,853.37
1.11,31.19,161.8
22.88,77.23,630.81
28.01,80.46,716.39
40.66,87.78,931.75
16.55,20.31,364.4
6.75,104.66,473.3
46.63,34.37,835.86
38.31,59.1,805.77
34.16,15.92,607.8
27.32,102.95,767.62
40.36,103.71,959.81
38.88,40.16,766.54
8.05,73.42,391.2
36.16,102.75,897.71
27.31,85.62,711.18
36.64,34.12,703.57
21.94,65.38,575.58
1.11,113.78,400.62
2.71,46.68,233.87
0.68,42.3,184.6
39.28,69.68,849.88
10.51,104.62,523.63
35.79,97.61,889.44
5.07,84.65,376.08
42.8,94.74,964.59
32.99,97.54,846.27
12.09,86.03,488.8
12.47,9.58,265.63
42.25,63.52,858.3
9.37,119.17,548.44
5.05,84.97,383.41
42.36,56.21,860.15
27.48,27.73,542.02
47.5,114.03,1098.16
31.72,41.48,649.09
3.78,107.56,428.96
18.8,17.51,384.74
3.24,72.71,316.05
26.45,36.13,562.84
36.95,46.52,742.47
3.73,97.75,395.02
45.45,33.57,855.57
49.26,12.55,809.11
33.56,44.76,677.3
8.43,33.01,275.51
4.03,36.98,223.73
27.95,5.04,490.8
6.73,101.93,458.69
43.79,22.82,773.48
44.96,77.2,965.58
20.55,89.56,629.25
33.55,93.72,829.32
14.99,113.09,615.55
11.56,59.31,398.56
9.47,37.97,305.23
23.43,105.57,733.72
21.58,105.06,690.41
33.3,15.42,603.48
36.82,109.11,928.8
11.77,117.37,578.09
25.04,17.69,478.45
34.22,108.56,890.62
27.0,119.31,818.82
29.18,111.66,820.73
1.18,55.5,235.3
43.14,101.16,989.54
5.83,114.79,483.43
21.36,79.54,605.96
36.9,45.21,759.68
31.46,7.66,544.17
26.79,32.16,550.66
15.5,57.59,460.37
11.15,14.03,253.87
27.21,78.35,683.77
12.25,30.34,329.12
2.51,26.24,163.37
9.3,17.76,240.68
46.97,109.79,1075.83
16.52,81.57,546.95
14.94,66.02,473.46
20.96,45.01,510.23
39.0,89.98,896.42
38.9,115.14,993.35
34.6,51.91,728.13
43.95,87.02,982.64
38.61,81.76,874.14
3.3,56.47,266.49
35.96,53.44,754.39
2.0,8.71,106.74
45.22,19.22,794.39
22.67,67.84,597.24
11.76,111.21,554.44
26.51,26.91,524.68
34.49,64.24,766.94
3.34,19.73,158.48
15.49,68.63,488.93
20.9,17.17,415.38
11.07,38.03,332.37
10.85,101.46,522.48
43.03,106.48,1008.17
5.65,51.01,286.61
21.75,104.84,696.05
39.52,35.95,740.14
13.72,81.95,503.17
34.77,18.63,629.51
40.56,112.56,980.34
26.36,114.99,783.04
3.02,86.52,356.77
28.56,110.86,815.73
7.16,33.19,254.25
36.37,52.72,750.67
35.37,38.77,694.99
11.42,71.59,435.17
13.19,44.44,379.72
19.28,93.79,614.93
24.44,49.04,568.27
4.37,40.96,242.32
48.94,60.58,954.94
42.03,20.33,739.63
5.7,55.49,302.99
6.81,60.64,333.92
10.46,85.7,471.5
17.25,69.92,512.4
23.72,48.05,537.52
40.4,61.95,847.99
45.2,30.62,817.66
9.59,50.21,341.47
10.77,104.84,525.54
39.49,19.99,722.15
42.92,60.58,877.63
23.31,74.53,621.55
44.73,107.43,1041.22
37.61,31.83,716.14
41.64,44.3,815.39
40.38,114.54,998.42
18.49,22.37,394.4
44.53,89.19,994.27
43.8,80.29,945.97
48.43,25.81,855.29
1.71,66.04,276.54
17.29,91.69,590.21
42.21,75.15,922.26
43.18,108.55,1007.91
2.06,19.08,138.14
22.1,67.77,583.7
34.34,47.07,702.99
0.95,100.39,360.66
19.49,76.62,578.06
27.25,28.98,537.18
31.45,17.61,584.93
27.68,90.82,736.52
14.02,10.61,294.92
38.0,101.56,902.92
34.84,58.27,743.72
14.03,76.81,482.98
41.0,64.59,863.05
40.75,52.51,816.75
3.31,113.99,436.23
26.91,78.07,693.19
11.72,15.76,271.77
46.9,71.22,960.86
21.41,69.84,566.51
47.11,89.0,1040.34
17.2,112.66,658.74
11.01,21.15,279.97
4.43,53.57,281.84
30.77,25.47,588.69
31.86,83.32,771.95
19.47,74.29,558.65
6.78,90.5,428.76
46.68,105.04,1054.08
37.01,27.23,692.3
38.74,104.91,958.69
15.92,79.09,521.44
26.27,54.93,601.01
30.23,92.26,783.2
37.04,118.28,961.26
37.3,63.41,812.12
34.51,81.91,808.62
36.23,105.3,912.56
30.36,38.68,612.23
49.4,95.34,1065.17
36.05,6.32,601.24
23.47,44.46,537.43
16.94,104.45,620.26
45.72,68.53,945.76
16.31,65.64,488.69
2.76,62.51,283.17
2.52,76.87,315.3
38.71,6.47,646.43
35.05,57.36,750.65
27.82,43.79,598.16
43.3,75.2,924.63
49.15,102.8,1098.55
4.51,110.04,452.25
6.34,64.47,338.21
8.7,47.92,328.0
49.43,119.97,1158.49
2.69,36.74,201.25
18.76,6.38,347.84
26.11,5.51,457.11
13.89,104.62,576.21
29.57,72.4,706.96
0.53,59.3,233.83
30.13,105.55,808.57
9.49,93.35,471.77
11.34,110.29,549.07
9.31,71.54,403.87
20.96,9.76,388.74
41.38,94.71,962.1
18.45,93.46,598.13
34.78,15.4,615.82
9.12,89.38,456.59
9.57,19.08,253.19
9.25,43.99,319.23
14.67,45.95,405.03
38.1,78.65,871.11
18.37,54.71,491.23
43.48,112.32,1058.42
36.03,118.76,942.14
25.49,31.45,527.24
17.02,61.36,484.3
20.4,37.94,464.57
8.89,93.04,467.78
44.19,91.36,983.35
20.14,87.95,618.67
20.6,80.4,594.52
37.86,69.71,817.13
29.84,57.95,675.45
21.69,52.19,525.95
35.14,69.15,776.0
1.98,10.58,112.73
2.68,63.33,280.85
42.63,5.51,708.74
4.53,74.8,341.64
25.62,22.44,501.64
36.89,25.38,675.44
34.72,67.83,784.98
10.0,57.55,368.2
27.69,57.75,648.05
32.98,78.54,775.41
44.64,119.25,1056.66
39.05,21.34,705.72
25.89,65.32,633.5
27.59,41.77,597.54
41.58,90.85,941.44
20.23,66.8,555.97
6.67,47.39,294.15
10.64,43.42,344.54
7.65,66.65,363.87
35.85,107.81,908.16
37.77,65.37,814.85
5.73,44.98,269.76
15.75,46.31,430.0
9.0,102.27,488.28
42.98,61.46,880.63
41.14,38.29,774.75
41.97,82.85,925.89
5.62,13.01,170.91
35.45,109.99,914.26
10.44,39.03,319.22
41.94,98.2,973.28
28.42,93.62,764.49
12.34,99.66,530.21
36.53,29.61,693.71
29.02,85.57,741.41
44.07,69.57,907.43
43.88,54.92,876.15
42.4,105.21,1004.55
11.37,55.48,385.34
24.65,115.41,762.66
29.8,103.19,802.5
31.03,12.1,547.25
39.44,12.34,676.09
28.11,106.37,782.25
48.2,106.73,1096.19
22.36,19.47,440.16
27.98,46.02,603.48
48.95,88.49,1046.91
14.38,110.51,590.25
22.0,57.33,560.3
47.46,92.42,1048.25
29.9,98.39,782.09
5.22,85.65,382.07
36.72,43.14,727.47
36.64,23.68,677.38
7.22,80.15,395.24
3.45,43.34,230.16
33.64,37.05,666.8
15.84,43.85,418.09
30.81,116.59,858.71
30.44,42.62,632.7
44.15,117.09,1066.09
48.4,21.99,860.51
10.15,67.88,411.11
32.5,42.83,663.31
47.86,97.42,1058.37
38.09,7.5,636.47
33.26,76.43,781.66
42.67,34.37,792.41
4.37,62.27,305.02
26.44,99.5,742.48
35.41,20.61,644.12
4.93,50.84,283.04
29.05,117.48,829.75
45.83,102.65,1034.68
29.8,55.64,661.68
11.66,16.23,278.91
31.46,94.0,797.28
23.59,41.99,532.13
2.73,65.8,288.45
16.8,17.12,360.29
26.64,8.36,470.37
29.17,31.68,575.09
43.0,10.47,718.51
17.73,50.4,473.07
36.52,91.55,877.0
10.02,109.85,528.96
33.57,74.46,776.7
6.73,115.38,490.84
20.21,29.13,451.64
47.66,85.75,1042.22
42.1,78.11,925.1
6.17,85.19,400.05
36.82,44.56,736.48
7.2,60.46,336.11
32.65,99.95,844.09
8.27,86.17,432.96
48.68,93.71,1057.83
13.09,13.24,284.18
15.31,44.56,416.44
38.3,35.56,733.66
23.42,114.89,732.67
13.54,15.57,295.81
20.97,26.53,444.91
44.11,42.66,839.96
49.17,80.43,1036.1
6.86,107.16,468.71
39.68,76.81,874.69
44.16,100.14,1001.28
36.82,70.93,808.24
3.96,25.89,187.6
4.75,28.89,205.61
27.5,20.3,525.27
35.01,40.29,694.48
43.93,33.78,795.92
37.73,47.73,768.26
12.82,74.89,468.12
35.96,53.53,762.41
39.87,72.28,866.27
41.92,115.85,1025.08
28.67,82.71,726.47
3.32,32.32,197.59
29.52,10.5,530.57
13.25,37.28,360.01
4.34,66.93,311.36
23.15,102.71,696.93
5.71,65.21,329.35
13.21,57.83,419.05
24.97,105.22,741.71
14.43,99.12,568.97
39.75,96.76,939.49
37.69,94.26,907.66
25.58,98.57,729.83
2.06,7.2,103.34
46.98,43.8,881.14
13.66,72.9,462.8
39.34,34.59,750.06
26.52,42.43,581.85
43.7,51.32,872.15
46.06,63.42,918.97
36.27,57.54,763.59
7.25,7.45,180.56
27.87,20.08,512.35
17.73,78.37,549.69
30.6,44.49,650.51
27.95,87.63,722.21
47.1,94.65,1051.36
22.78,94.43,669.64
44.39,33.74,813.87
3.05,83.85,342.02
37.61,44.72,766.21
4.14,86.8,369.08
26.57,76.79,685.21
5.22,95.0,418.18
30.7,87.21,765.6
41.39,49.89,814.58
28.98,68.43,685.1
15.47,12.65,320.45
24.27,108.74,750.01
14.72,103.47,578.21
21.27,45.85,507.23
17.2,11.68,349.63
8.75,93.82,460.47
14.9,56.61,443.65
36.93,10.07,630.04
38.1,76.93,857.53
17.31,88.23,570.06
3.56,50.2,252.22
5.34,53.24,292.09
33.59,25.35,623.93
18.87,110.08,669.05
28.41,81.54,726.51
25.68,90.2,715.68
3.83,52.19,267.77
44.99,114.65,1063.32
19.05,25.99,415.44
32.78,93.91,804.06
27.86,73.61,679.55
13.08,51.43,395.49
49.94,37.54,916.36
27.84,68.73,663.17
28.48,15.47,522.06
19.65,30.79,433.33
47.5,29.84,856.48
12.16,20.33,294.89
3.38,7.91,126.47
26.87,79.93,692.23
33.99,89.37,838.86
30.85,45.5,651.58
38.55,26.83,702.41
25.0,50.68,573.26
12.26,53.18,390.46
19.83,68.73,554.58
1.58,34.6,176.0
25.36,84.0,667.91
34.9,37.63,690.14
37.31,74.26,833.99
44.74,22.61,795.39
2.63,66.31,291.45
2.48,59.12,261.3
12.24,10.66,267.82
27.78,7.7,485.16
20.78,91.5,633.65
32.46,22.6,596.55
45.83,94.37,1038.33
27.32,71.96,664.38
43.08,28.01,774.9
23.23,78.12,634.83
1.12,17.43,118.81
31.29,119.54,871.33
13.08,20.64,304.75
1.71,69.86,284.48
44.04,104.0,999.09
35.3,61.92,764.08
1.5,37.72,185.71
40.0,51.26,811.3
34.01,24.44,638.79
4.96,26.08,204.05
23.41,78.31,645.07
35.86,63.16,786.36
28.96,5.97,502.28
37.41,98.03,893.71
36.58,60.94,778.1
0.96,73.77,280.77
4.19,21.72,181.4
39.52,12.82,688.15
0.65,93.19,341.44
9.66,72.33,410.49
5.92,51.31,293.5
34.64,30.99,668.69
46.18,76.7,970.44
15.26,52.9,440.68
20.77,32.43,451.44
45.17,58.33,916.53
25.42,111.75,793.66
18.48,86.7,604.49
19.92,72.66,574.7
41.44,52.58,808.14
11.89,70.59,440.87
15.76,115.74,636.06
17.46,118.07,667.47
37.15,83.15,853.21
38.99,59.26,811.36
32.29,79.32,768.53
10.16,34.1,310.08
42.71,14.95,734.74
46.32,111.69,1079.91
29.56,68.68,697.68
30.98,62.89,699.47
10.81,90.13,481.18
12.43,100.42,529.41
43.49,29.64,777.48
9.89,118.32,545.78
8.71,104.09,493.8
30.19,18.23,556.75
49.47,37.4,913.13
26.68,24.91,518.25
15.71,36.03,392.81
14.51,116.53,617.22
31.65,80.99,763.38
37.85,92.51,896.45
33.05,59.98,735.16
14.18,41.04,380.44
26.89,33.48,547.03
26.07,110.37,761.46
17.67,105.84,629.6
47.11,106.97,1068.96
48.76,42.24,894.37
7.32,37.44,271.88
46.73,16.97,805.68
38.42,15.73,676.67
22.01,81.67,617.47
48.68,11.06,817.58
44.88,96.73,1001.88
23.55,90.73,684.22
21.96,70.46,592.5
21.4,64.11,563.0
0.87,96.98,357.6
31.08,89.0,780.92
25.4,74.29,657.43
17.6,102.3,627.55
40.5,34.68,768.44
37.41,93.99,892.75
25.46,16.29,486.68
42.68,66.35,880.66
30.29,9.83,535.13
46.2,104.31,1060.07
30.33,97.39,786.93
37.97,119.22,968.82
28.89,92.86,759.33
14.65,32.16,368.52
10.57,104.97,527.36
7.17,17.56,211.93
34.92,50.39,722.71
8.28,87.05,435.93
38.4,16.74,676.4
36.55,34.61,702.04
4.41,44.57,245.84
25.11,56.4,602.03
25.51,113.22,771.48
7.81,37.23,275.26
17.69,108.62,647.15
27.16,43.49,582.55
9.25,12.18,225.61
45.13,10.54,746.88
19.49,61.77,528.15
22.78,91.03,663.07
1.71,107.8,401.18
48.95,54.84,937.91
24.04,39.89,529.52
49.72,26.26,887.22
17.58,59.56,484.96
48.69,63.43,974.36
22.58,51.78,540.77
33.13,88.67,812.22
35.05,44.36,709.98
36.02,21.34,645.63
17.15,87.3,568.14
12.05,83.76,477.68
19.64,104.96,659.42
49.47,47.43,940.12
14.61,50.0,423.95
40.65,52.51,810.64
36.38,58.64,779.45
27.5,73.85,672.79
13.65,118.36,595.17
45.34,65.65,931.69
31.34,39.89,635.14
22.09,82.89,635.22
35.46,118.66,962.29
9.03,20.31,247.76
20.87,96.25,649.95
10.54,61.76,392.45
13.48,68.18,452.14
39.13,112.91,985.24
44.34,19.36,766.44
29.5,75.36,722.43
10.22,38.04,312.54
35.54,50.81,734.41
49.99,35.02,898.96
13.63,24.54,329.82
48.25,74.88,982.15
20.79,49.81,511.04
2.14,37.89,198.59
18.16,95.08,616.2
31.87,8.81,552.71
48.45,25.86,861.5
9.9,51.13,349.75
43.32,78.29,943.97
40.72,51.45,804.01
28.8,118.61,837.92
5.26,85.58,387.73
13.8,81.99,509.62
18.68,113.24,663.92
7.27,12.87,196.72
23.55,112.39,750.47
29.7,80.92,732.31
40.5,65.24,833.93
49.35,96.63,1086.74
20.91,11.08,403.14
1.42,10.38,102.34
35.18,73.35,799.67
28.8,71.61,701.49
46.0,79.12,974.02
43.27,11.9,735.74
42.4,41.27,802.41
27.63,6.15,482.52
3.41,43.52,229.64
11.36,41.4,344.25
16.58,78.69,538.08
34.33,118.13,934.11
19.42,24.67,416.53
21.78,53.16,545.41
20.59,114.73,698.12
49.15,65.19,962.34
18.1,118.31,685.35
2.51,52.16,245.27
10.13,106.73,518.37
19.04,110.47,660.14
46.69,94.34,1037.11
14.76,58.88,448.93
6.7,79.93,388.19
33.74,42.33,688.85
42.86,84.61,946.67
8.07,62.16,358.6
27.5,114.85,815.14
1.32,6.39,89.47
34.71,79.54,807.46
33.02,41.53,684.88
15.63,96.47,576.88
16.43,13.22,334.76
45.45,52.81,878.5
4.95,27.59,204.33
3.67,87.21,367.34
39.33,102.82,944.88
36.86,72.11,827.92
1.66,51.18,227.96
12.78,13.33,285.01
21.84,74.04,601.86
6.48,51.03,300.11
14.12,20.41,324.63
20.87,47.44,509.68
41.47,15.44,722.31
31.39,38.63,640.77
46.77,61.56,928.26
1.33,34.34,170.57
9.8,20.59,257.94
21.09,72.13,580.47
16.45,21.24,360.56
37.22,84.86,869.02
14.6,69.38,469.2
33.7,95.93,852.96
18.53,6.72,345.25
8.2,47.08,313.23
10.78,112.51,550.65
0.98,16.92,117.95
39.53,49.82,785.39
48.73,6.78,788.98
36.21,114.12,944.75
15.76,118.01,639.03
32.53,77.12,767.17
13.3,35.24,359.99
16.86,76.0,530.89
20.47,96.29,653.99
14.84,84.24,521.81
8.18,76.8,404.03
22.19,69.55,591.82
29.75,48.72,643.67
31.73,6.49,541.38
11.4,69.76,430.7
33.56,49.25,700.69
38.07,7.03,624.82
22.63,6.64,410.27
4.46,60.8,293.32
46.27,83.81,999.46
44.87,21.89,799.79
22.76,73.66,610.04
0.56,117.06,412.62
1.79,22.52,144.23
41.81,56.5,823.6
27.6,28.0,537.55
5.39,113.84,476.48
4.54,82.96,365.45
15.08,92.29,544.78
17.24,118.37,667.03
1.09,97.74,356.11
27.58,70.13,688.07
10.3,37.57,324.16
24.64,82.95,674.02
40.62,36.5,764.03
28.22,45.13,611.88
49.58,70.06,998.56
45.74,78.85,964.72
12.17,14.69,284.08
22.4,69.55,606.15
10.01,45.73,337.66
21.07,26.45,446.64
5.05,86.97,389.07
27.62,65.25,669.92
41.3,95.56,952.74
22.64,91.25,656.95
8.85,76.46,416.8
34.02,70.32,765.91
35.57,115.7,922.36
47.27,64.76,952.62
39.19,5.64,662.2
43.49,73.42,915.96
10.43,53.81,363.36
16.84,66.47,499.74
20.09,21.51,414.69
41.79,62.63,855.74
37.61,116.96,968.48
24.38,115.68,758.94
25.63,85.8,683.97
42.18,14.51,723.94
30.08,63.48,706.31
22.81,28.63,471.49
2.71,47.99,234.33
1.74,69.69,284.86
49.02,6.14,797.65
18.66,82.43,578.42
13.28,30.62,336.99
44.8,28.38,798.21
14.55,38.71,382.79
16.68,78.72,536.76
30.72,98.53,820.08
49.98,57.5,972.04
39.21,70.92,857.18
44.26,56.6,880.82
42.92,119.35,1071.77
12.54,59.55,417.07
20.06,82.22,602.13
28.23,38.2,590.79
9.82,21.0,256.63
16.26,104.05,603.41
30.3,53.99,667.23
42.14,109.33,1019.52
15.84,39.0,401.76
10.04,83.03,448.57
40.7,96.07,932.67
42.84,23.52,769.23
2.58,96.37,378.44
12.69,82.01,488.22
25.69,102.55,744.44
2.74,53.36,254.93
24.33,116.32,745.91
4.39,35.48,222.17
28.77,14.32,527.02
14.56,9.56,298.12
38.3,105.06,930.72
12.95,43.28,371.05
40.43,60.58,839.32
48.29,18.49,826.77
10.73,85.11,462.13
47.37,15.34,800.19
25.7,56.98,601.72
36.48,89.25,881.26
42.19,50.65,847.38
1.11,29.5,155.0
18.21,16.34,370.58
37.87,68.6,829.85
33.56,27.03,629.6
49.15,25.4,871.24
45.21,35.95,846.26
14.22,78.73,500.88
48.86,30.63,882.7
41.38,111.64,1010.75
10.51,114.58,550.95
45.19,12.61,785.66
3.32,9.55,130.93
0.75,65.32,259.01
17.44,80.7,553.38
0.87,81.31,306.24
16.05,76.99,525.3
16.76,51.28,451.26
34.13,111.07,883.73
29.36,6.15,514.93
28.22,43.76,598.28
8.09,47.2,314.68
20.6,58.62,524.34
38.18,67.45,820.32
28.61,84.67,727.36
25.65,76.32,665.21
48.87,32.09,892.02
46.02,33.48,820.38
18.96,115.71,693.37
13.98,82.61,504.73
48.67,67.86,989.07
45.77,81.35,967.65
38.64,8.43,663.26
28.01,8.7,493.27
45.62,77.25,963.27
33.59,102.88,857.35
31.07,117.49,871.73
11.1,76.27,436.28
47.75,45.99,914.98
5.14,115.69,470.06
14.39,111.72,608.6
14.04,66.77,462.63
37.42,110.38,956.45
48.17,95.39,1055.36
19.9,97.95,649.31
38.1,108.61,951.14
32.56,96.83,822.48
1.72,100.02,380.38
31.02,55.62,674.55
37.43,115.54,969.06
16.07,102.25,592.93
22.15,56.67,552.14
13.7,119.49,623.55
31.2,79.19,761.84
9.6,11.8,230.13
19.64,69.96,559.97
4.16,95.93,395.7
36.05,29.6,685.86
38.78,98.58,921.79
16.45,116.5,644.24
24.15,81.42,657.52
8.85,108.7,507.59
45.7,51.5,891.34
22.9,95.06,672.87
13.35,64.44,452.33
29.17,77.56,731.76
24.05,69.62,628.5
14.79,23.21,339.7
3.73,33.44,206.52
10.12,48.02,342.84
12.7,5.53,256.33
17.87,96.59,612.74
5.36,6.41,147.65
25.17,58.07,598.09
2.02,96.75,367.28
15.41,30.24,368.2
13.52,6.32,269.32
46.77,104.38,1050.22
26.45,60.01,613.43
39.07,61.17,818.1
45.95,10.56,769.82
44.93,84.41,965.0
15.87,65.94,484.02
33.01,84.52,781.92
38.53,111.42,953.75
45.77,68.44,956.24
25.12,77.15,654.05
42.24,9.64,710.92
2.82,101.07,397.73
46.74,93.39,1034.48
26.36,83.25,696.92
14.68,33.72,376.83
20.16,51.03,508.95
47.73,64.62,953.3
32.81,50.49,681.97
41.48,81.23,926.56
15.5,12.22,317.16
9.04,5.32,202.4
28.74,81.14,732.41
32.85,70.03,751.3
40.34,95.46,952.67
10.38,57.18,378.54
1.69,30.65,167.88
21.48,10.42,399.9
11.12,50.62,365.44
40.74,33.07,771.38
40.99,50.31,832.71
11.57,107.52,548.31
5.12,6.85,148.97
9.54,27.61,274.8
17.23,91.76,580.07
35.62,17.0,636.76
12.2,13.39,272.05
21.38,86.5,629.12
10.04,54.35,356.64
18.27,54.9,484.39
5.12,34.97,231.54
6.23,34.07,245.57
11.06,107.6,538.11
42.98,39.55,818.25
26.44,102.57,754.07
41.41,113.25,1009.27
5.65,70.7,346.61
26.75,39.32,573.96
17.35,74.45,528.26
35.76,54.5,752.57
5.13,100.39,426.83
41.92,70.66,877.91
42.16,35.33,798.78
28.21,5.21,485.78
9.34,61.63,381.3
39.67,74.61,879.2
16.0,103.9,602.26
22.25,5.28,401.95
24.48,57.3,591.24
40.37,106.75,975.52
29.94,99.64,798.73
26.83,58.11,614.83
10.01,12.66,240.41
30.69,48.6,654.33
15.88,116.61,640.48
28.04,44.88,607.76
28.87,107.25,809.77
5.15,50.37,277.13
46.37,22.54,822.98
17.16,53.96,464.65
0.99,117.3,419.28
44.99,39.53,826.57
43.53,73.66,896.37
41.41,109.88,983.67
25.19,102.85,740.27
29.39,108.01,812.74
22.68,82.96,644.33
6.0,58.54,316.11
47.17,21.28,820.11
33.53,78.2,793.76
11.25,38.49,337.72
8.68,110.93,515.23
22.74,68.56,596.9
39.57,96.68,926.48
5.34,97.63,418.9
39.8,14.34,687.68
27.32,65.09,644.32
49.16,92.87,1062.37
17.6,41.24,434.92
39.4,46.46,805.3
13.89,42.11,381.9
39.11,104.67,951.62
31.86,89.79,793.73
34.85,105.9,888.76
39.21,102.36,938.47
13.61,72.31,472.68
36.66,30.54,689.39
31.38,63.57,714.86
7.82,58.76,342.56
29.35,99.71,792.0
0.82,99.6,357.26
12.12,87.91,492.79
9.57,35.79,301.3
44.39,60.29,904.75
45.83,118.22,1099.84
5.34,23.2,200.67
18.1,73.23,538.62
42.83,83.56,942.28
3.84,60.07,285.73
11.36,5.15,237.06
40.1,102.32,967.52
49.02,22.45,859.13
14.74,50.15,425.24
9.25,110.03,520.28
25.83,31.78,537.72
39.59,5.94,669.14
31.12,78.04,750.05
4.0,37.97,223.13
16.88,45.7,440.89
25.19,46.67,579.44
6.85,25.75,225.42
41.71,57.87,841.72
9.15,32.58,279.44
26.02,46.28,572.27
8.25,49.15,320.93
19.25,106.58,658.85
36.08,112.55,934.3
12.93,41.3,368.43
8.39,112.05,507.07
21.86,110.76,714.79
32.56,50.96,684.47
44.97,55.0,876.99
18.5,75.55,552.58
25.85,78.04,666.37
16.09,91.1,566.64
32.69,15.16,588.54
43.17,82.12,942.04
4.11,74.81,336.01
0.69,81.66,310.69
41.08,72.37,878.77
35.91,75.63,817.68
16.89,83.81,561.17
9.56,39.07,315.85
49.57,54.81,954.63
14.26,115.85,604.19
19.22,86.5,594.77
19.52,49.85,492.89
49.5,98.37,1082.91
16.79,64.29,498.8
31.74,88.75,793.86
1.72,96.55,366.05
30.74,66.19,715.92
27.49,23.65,534.88
22.12,111.31,711.99
35.85,34.47,694.99
17.75,58.93,490.8
38.81,102.33,938.6
26.78,24.89,523.56
8.89,105.79,498.92
24.27,17.77,482.0
26.52,17.84,510.63
48.53,14.72,819.53
22.46,108.46,713.29
38.54,43.49,749.21
47.83,86.5,1028.89
19.03,41.56,463.56
22.01,42.97,505.6
45.31,22.28,789.88
13.36,72.32,461.46
30.25,11.3,535.81
3.98,19.35,167.07
12.36,44.75,367.3
33.67,11.66,593.91
33.08,96.39,824.71
16.86,97.6,598.37
21.88,34.35,482.16
40.38,7.82,683.18
17.3,57.77,476.65
25.15,83.85,681.24
17.62,84.52,564.18
7.15,79.9,387.66
11.6,100.32,535.57
45.67,24.25,822.29
26.75,48.95,593.65
12.25,8.36,260.5
32.11,47.65,681.55
41.52,20.3,723.33
45.97,8.94,771.88
23.35,111.5,734.66
12.36,75.89,462.95
27.07,96.93,755.43
40.67,59.9,838.9
33.91,8.84,591.87
7.33,102.91,463.5
33.32,73.14,759.61
4.57,93.06,401.8
27.01,52.65,615.17
18.88,5.51,345.05
7.73,34.46,269.3
45.48,64.97,927.4
30.67,75.16,745.9
2.05,56.21,249.3
22.05,65.55,583.9
19.35,64.27,532.96
10.89,11.71,247.17
32.76,118.3,888.8
24.92,10.72,459.83
26.82,16.44,506.43
27.21,114.16,793.6
19.76,5.38,362.71
37.73,95.92,900.54
45.62,31.34,834.47
41.9,52.33,840.01
31.49,68.43,716.22
34.32,86.65,830.54
10.2,56.02,376.77
33.49,59.76,728.11
32.8,35.23,642.81
1.96,84.47,330.23
49.3,40.54,912.65
11.63,6.36,245.18
36.32,85.11,844.12
44.95,23.08,784.42
41.85,24.46,749.59
23.87,38.11,503.41
13.04,89.31,517.29
42.41,101.26,975.12
8.77,80.29,415.88
19.88,37.79,464.92
27.08,97.42,751.22
24.43,115.18,766.75
28.41,60.03,654.32
8.31,94.99,461.14
43.59,13.37,740.79
35.33,20.52,651.06
48.66,106.35,1108.79
44.8,58.04,894.2
47.37,117.34,1111.04
5.09,21.18,185.95
48.6,89.79,1064.14
9.61,68.44,395.57
10.89,23.45,284.19
47.52,19.06,812.79
25.36,84.01,688.44
8.73,7.78,204.27
19.46,68.88,544.67
40.34,26.69,731.33
22.41,114.77,730.1
18.33,64.84,532.15
36.85,99.59,911.97
4.88,6.65,144.01
36.85,35.1,708.75
24.19,93.87,701.73
37.18,85.99,867.04
46.36,107.42,1088.57
16.81,97.54,596.32
28.0,82.27,722.98
8.57,15.04,224.32
6.56,52.88,310.92
15.26,105.68,612.12
12.15,96.89,524.24
46.54,96.14,1049.63
9.8,18.04,251.05
22.19,25.88,463.01
20.49,104.58,660.72
11.67,119.63,585.37
7.05,71.62,362.33
48.08,91.18,1041.07
21.56,16.26,415.56
44.35,48.87,845.76
8.04,108.74,496.56
2.35,50.99,236.04
22.58,69.91,605.03
49.76,92.2,1063.08
41.21,54.19,822.38
18.83,113.69,673.63
38.87,89.66,899.15
18.69,66.6,530.22
29.72,105.6,811.08
10.93,99.89,518.44
20.02,47.25,498.12
35.31,118.88,943.43
29.53,104.84,806.08
11.25,92.66,498.42
39.34,39.98,762.64
26.34,39.47,556.22
14.57,84.74,517.43
32.69,28.49,618.87
10.49,90.93,485.03
18.46,70.48,540.88
10.8,24.19,281.02
19.63,95.86,631.53
14.46,38.59,380.99
49.11,27.32,871.29
2.02,85.12,335.57
18.87,109.2,659.26
11.46,54.22,387.5
48.28,37.36,893.79
2.97,68.03,296.62
18.19,54.1,486.8
32.99,85.13,773.08
48.8,92.72,1050.52
6.33,11.76,183.09
24.15,81.85,660.5
19.43,77.2,573.83
44.45,51.47,878.25
27.74,96.96,756.66
46.81,70.67,963.57
27.63,61.01,647.81
42.43,36.58,811.39
26.1,114.83,775.44
48.05,14.38,828.5
23.83,12.73,441.59
10.2,24.93,283.42
16.16,20.0,352.85
40.03,103.71,956.03
4.56,31.19,208.52
38.47,47.0,772.46
36.32,57.15,767.28
18.66,26.91,408.77
3.54,17.06,154.74
12.52,77.12,465.95
14.25,20.18,325.74
6.22,70.29,355.15
40.13,63.43,847.4
24.03,112.81,746.47
16.96,15.71,357.7
41.14,24.47,757.21
37.33,14.58,655.3
1.03,86.19,319.77
49.11,96.01,1072.66
29.14,85.74,753.48
33.46,55.43,725.47
27.26,37.51,559.66
14.76,95.47,548.25
20.78,68.45,566.55
38.19,56.12,781.59
28.11,85.7,717.13
4.74,71.96,332.91
35.49,71.84,790.03
8.39,10.4,205.2
21.63,23.46,445.06
4.14,107.69,435.26
33.06,103.93,857.19
11.43,110.01,551.71
11.86,44.99,363.39
28.38,115.6,818.39
44.67,63.18,896.81
7.06,104.8,478.62
27.7,53.92,628.52
20.28,34.18,454.35
43.9,26.12,798.23
42.53,99.15,986.12
44.88,21.37,784.73
47.3,53.75,918.98
16.11,24.22,365.61
2.83,73.35,309.14
38.85,74.12,850.45
4.32,87.91,381.4
41.49,62.69,858.94
10.33,59.56,388.65
11.19,59.28,394.43
44.2,18.32,765.23
11.6,119.48,593.02
42.33,65.3,895.03
11.48,53.58,384.96
14.02,35.13,367.01
16.72,73.56,524.39
48.91,83.1,1029.7
48.53,38.1,897.24
13.53,41.62,381.54
24.69,96.04,710.79
36.22,35.34,705.69
37.18,74.57,843.49
26.52,112.29,785.17
7.49,67.81,364.96
41.1,58.67,827.39
28.28,111.27,806.38
36.53,33.1,693.48
19.92,50.3,504.22
49.17,74.53,1013.24
25.5,83.42,684.76
36.98,61.5,805.44
49.82,10.63,811.72
38.63,26.94,702.02
21.99,85.26,641.85
22.03,91.48,669.54
32.5,105.59,848.64
31.17,10.12,550.25
19.67,52.37,500.72
32.36,27.12,618.72
47.46,65.89,968.64
15.53,108.64,617.05
31.55,63.69,721.36
3.43,49.74,250.85
42.16,9.31,701.9
10.63,75.31,442.82
41.64,58.74,847.02
49.08,17.78,832.7
8.46,118.87,535.41
7.97,32.66,269.29
9.42,77.56,421.7
14.92,103.98,585.04
39.9,78.95,880.87
46.74,6.02,793.95
28.02,95.99,756.89
48.89,29.36,866.59
26.79,90.8,713.83
3.63,26.86,181.86
44.09,99.11,999.43
22.3,44.78,510.98
32.87,6.48,560.45
43.68,57.25,883.02
38.93,99.96,942.97
30.57,59.74,678.23
23.74,40.1,528.91
2.1,112.37,410.75
32.67,56.0,709.26
1.38,83.18,318.4
4.09,80.45,358.74
7.36,18.5,213.76
12.75,52.32,397.03
16.59,86.16,556.36
29.36,115.78,821.89
34.84,52.38,724.45
31.11,113.82,821.25
38.87,91.95,891.56
26.05,12.44,477.86
16.18,117.88,647.44
43.67,42.97,843.18
17.05,33.91,403.57
48.99,70.06,1002.88
37.9,108.89,954.35
25.29,91.64,708.43
5.2,19.5,187.1
8.34,21.65,243.22
6.36,41.5,269.66
8.38,12.19,213.17
36.53,111.42,927.44
11.36,52.62,374.37
32.79,23.85,608.05
23.51,79.36,638.27
48.38,96.47,1058.88
34.01,103.44,870.33
28.71,18.07,528.37
4.08,100.26,412.9
11.85,79.43,465.96
40.32,105.35,961.55
11.69,81.68,467.54
26.36,73.88,666.66
15.85,104.33,599.23
38.92,54.4,793.24
32.04,16.18,579.93
35.84,70.99,793.07
4.96,42.12,247.13
48.36,60.91,979.83
24.48,45.88,552.33
7.41,77.49,394.54
0.65,12.67,97.89
45.02,77.58,957.25
21.13,44.59,503.46
7.57,48.54,309.19
42.44,41.94,809.63
5.18,116.98,479.04
40.55,34.02,752.07
42.15,69.06,896.96
31.29,75.77,743.75
25.45,36.59,538.54
12.56,36.95,348.34
3.41,17.69,155.61
9.62,65.01,384.78
25.64,100.91,742.83
31.59,7.93,548.71
19.38,85.39,581.65
33.74,37.86,664.41
45.49,52.51,890.16
39.38,66.14,839.19
43.04,69.45,913.4
1.84,51.86,232.8
17.48,87.12,569.41
49.03,29.41,871.27
17.78,28.81,407.71
43.1,40.76,824.11
26.47,81.27,700.67
38.6,16.21,683.4
8.83,89.45,439.04
23.04,47.78,534.44
29.76,42.18,615.57
38.01,94.88,909.71
29.14,47.47,632.16
20.53,119.17,721.21
28.89,82.0,720.72
24.66,29.89,512.9
25.72,8.54,454.45
14.94,14.11,312.02
38.66,53.35,793.3
11.07,53.45,377.89
36.19,62.44,781.92
31.66,95.51,820.46
6.55,72.19,364.06
11.02,70.21,424.39
42.27,20.27,740.86
9.89,110.45,531.84
0.98,27.67,146.67
18.49,16.87,374.5
23.69,50.93,563.46
15.24,67.85,483.71
18.88,9.63,363.77
0.61,33.7,162.03
15.79,98.33,578.57
8.29,49.39,327.07
40.6,57.03,822.58
37.38,37.06,718.78
43.93,76.0,951.61
15.11,21.25,335.25
48.23,69.76,977.9
3.26,33.18,197.07
34.31,99.37,865.49
2.57,15.44,131.98
27.82,101.67,771.06
48.54,89.96,1039.39
10.28,37.8,311.26
24.76,32.21,513.79
33.58,31.98,638.83
12.95,84.93,505.0
48.28,104.98,1088.11
34.89,69.7,775.76
36.45,117.14,959.37
5.16,105.02,439.42
39.03,64.91,834.53
27.84,113.79,817.14
6.95,119.19,511.46
11.95,36.27,333.97
31.78,8.99,553.07
13.99,104.31,574.02
38.36,82.25,875.77
18.36,119.3,679.58
33.73,101.13,864.66
35.96,73.71,822.97
3.03,44.74,232.31
29.02,75.21,703.92
42.43,65.41,888.53
8.0,14.42,210.51
48.56,119.64,1128.04
41.17,67.01,871.06
9.51,71.2,404.03
21.24,50.46,523.84
43.14,45.78,832.63
0.64,64.45,254.12
39.96,35.89,747.57
16.71,92.27,576.11
21.7,56.44,548.45
9.76,52.76,357.28
42.52,57.52,849.44
3.45,23.96,175.47
20.39,45.65,493.34
31.54,84.2,783.05
26.82,93.51,728.27
4.7,118.43,481.42
32.31,86.53,799.11
23.81,118.24,772.48
36.52,102.27,912.62
36.74,90.8,872.35
4.8,76.01,354.37
28.63,17.79,526.37
26.73,56.89,621.71
24.32,87.74,688.46
33.6,119.06,923.47
8.78,97.52,469.23
39.41,88.47,905.11
29.08,107.22,812.26
24.98,73.9,657.1
28.99,51.68,647.22
27.2,105.22,776.51
21.0,95.39,654.38
19.7,81.37,579.23
22.92,100.49,699.4
45.68,28.61,802.44
24.71,117.31,761.06
26.18,100.46,738.57
34.94,79.41,814.84
38.04,13.56,666.43
18.85,109.74,657.01
26.12,5.12,457.75
16.2,7.35,321.08
10.34,23.58,279.83
12.11,85.24,489.54
45.04,76.48,948.6
4.21,47.02,255.81
35.6,83.9,836.78
20.86,96.67,655.85
8.08,98.5,461.95
8.53,118.11,530.18
31.35,25.04,590.77
3.27,17.47,149.34
38.21,95.49,906.62
16.73,19.64,362.4
49.32,117.81,1147.89
6.87,35.1,261.02
34.62,97.4,862.78
26.96,83.68,713.77
39.0,24.62,703.05
19.5,13.94,389.09
29.63,15.74,542.85
49.52,33.25,899.18
34.14,115.91,904.61
31.88,47.1,667.58
14.02,119.26,617.5
2.98,27.04,178.7
15.29,61.03,460.36
47.2,67.42,960.23
1.48,85.65,329.72
35.22,118.27,929.97
17.43,21.6,378.52
48.81,40.56,911.59
40.25,15.7,696.13
9.47,86.02,454.64
44.85,92.87,990.7
9.87,99.77,490.6
5.8,108.87,470.62
41.97,81.77,940.78
15.56,45.19,418.38
5.95,80.1,374.67
8.88,104.35,499.41
4.81,96.83,413.99
44.1,10.13,738.89
0.93,106.88,379.33
13.79,64.98,457.42
12.89,87.47,508.44
6.32,85.99,403.37
2.8,26.55,169.94
9.91,60.34,379.06
26.3,89.02,699.86
47.33,62.93,936.41
31.92,113.44,862.33
38.35,28.7,713.5
6.83,86.97,415.45
14.82,61.51,454.5
38.54,100.3,926.72
11.98,32.56,331.66
4.32,98.0,407.6
46.17,69.57,950.5
6.01,34.82,244.24
40.68,11.4,695.39
43.77,33.75,793.08
39.03,72.11,858.91
1.81,65.92,276.03
37.49,106.73,929.05
4.39,101.02,415.28
42.94,60.61,876.9
42.02,96.76,970.86
21.19,118.3,719.08
37.55,54.74,785.28
33.19,116.56,904.35
29.72,114.25,833.07
7.16,87.77,417.79
48.28,12.77,797.62
8.86,28.35,266.16
48.29,69.38,981.36
40.76,93.84,949.45
45.17,19.69,788.79
45.15,65.25,929.4
14.4,60.09,439.66
40.91,8.7,677.18
46.2,109.79,1066.91
2.69,46.68,226.3
36.96,23.2,679.22
30.0,5.0,511.5
10.89,103.95,522.59
45.78,91.83,997.74
14.1,40.64,385.25
38.96,34.08,724.85
30.39,117.0,862.43
2.0,38.27,195.29
14.09,103.97,571.6
24.64,32.86,522.33
23.77,87.11,671.17
9.49,112.83,529.99
14.77,22.57,338.47
20.63,57.64,529.28
11.35,97.89,514.04
40.62,42.95,777.66
41.2,115.02,1011.41
14.92,94.92,549.99
38.04,91.11,909.19
47.33,55.35,902.94
15.2,78.35,510.81
41.49,23.15,735.98
39.62,105.14,959.79
8.54,7.78,200.63
46.25,5.28,753.29
40.29,103.31,967.08
6.46,8.64,173.02
43.75,79.17,946.69
38.6,50.71,781.89
22.07,21.64,443.7
13.42,110.33,571.65
1.08,72.51,285.87
32.36,52.19,698.07
45.96,42.83,869.45
6.85,113.91,495.0
38.91,75.91,868.07
2.68,54.66,253.56
37.95,98.28,910.96
7.6,14.84,211.29
32.21,72.02,743.29
47.36,13.28,799.44
29.74,61.71,681.3
23.72,106.27,733.78
48.22,68.17,990.11
41.64,41.73,798.41
29.02,22.72,559.33
9.78,42.15,324.54
22.72,102.18,691.05
12.53,85.01,498.59
24.25,73.26,638.5
30.85,107.06,850.5
43.48,22.14,757.61
14.63,77.58,512.44
25.79,94.11,717.18
1.78,90.79,347.07
45.67,72.55,947.99
25.44,65.59,629.17
2.43,94.97,374.95
20.44,119.5,708.25
11.0,11.7,246.71
32.16,73.55,764.08
35.51,7.12,603.53
26.18,52.27,607.03
49.47,97.18,1094.78
22.13,105.05,692.3
2.03,45.87,221.51
9.52,37.92,305.17
36.33,13.84,640.53
43.84,88.82,966.72
26.59,16.39,497.6
19.56,10.81,376.11
35.63,62.9,773.5
18.62,79.01,573.91
39.63,55.63,812.81
15.99,119.8,648.49
38.48,84.1,879.24
25.37,48.28,573.79
7.92,47.26,309.94
4.64,91.53,392.54
33.72,113.09,906.47
29.59,79.3,727.84
27.6,94.6,745.7
29.76,79.25,730.2
35.77,37.29,692.66
0.99,84.89,320.56
35.92,76.55,820.39
43.85,64.29,899.41
49.46,39.34,917.09
23.38,59.17,578.12
4.43,29.3,204.81
16.27,13.86,331.67
25.74,81.96,686.89
24.36,49.92,568.01
34.36,6.54,577.88
22.92,39.07,519.84
6.8,51.16,305.79
47.21,79.05,994.88
45.23,91.4,1013.8
11.41,84.03,465.43
2.72,100.6,390.08
43.65,105.94,1023.81
42.71,94.04,963.58
7.25,38.21,277.84
17.68,46.18,447.39
9.89,87.45,462.15
0.87,22.19,128.14
48.01,82.06,1014.18
21.92,17.91,439.31
48.46,59.36,943.57
34.77,27.47,645.2
10.31,63.56,397.84
10.98,87.95,477.82
16.46,25.23,374.94
19.82,69.36,563.26
33.29,16.25,589.34
35.04,108.54,901.65
30.39,86.63,762.4
19.6,99.15,626.52
36.1,111.65,935.9
40.69,112.03,990.79
26.95,10.11,482.89
33.89,32.6,669.51
24.41,32.15,509.54
44.08,92.92,1005.82
21.06,48.23,514.76
8.43,97.41,475.78
15.35,96.54,564.53
5.71,76.88,368.34
34.96,65.49,779.14
28.17,12.58,514.61
47.3,67.3,952.27
36.42,83.61,839.77
18.45,33.83,429.47
42.76,56.31,864.87
41.92,95.83,966.68
7.54,7.62,186.65
20.83,18.51,415.58
37.08,27.38,698.86
30.6,119.27,871.7
21.99,40.86,502.52
42.7,113.9,1017.39
48.62,66.11,991.4
23.57,22.51,479.65
3.74,55.21,272.0
38.2,76.12,850.68
2.85,76.56,319.12
33.06,103.66,874.38
38.02,59.44,797.35
47.33,99.3,1039.74
1.84,95.04,363.68
40.42,69.55,854.33
20.49,41.95,487.38
41.34,99.69,964.33
14.5,96.88,543.9
6.04,9.8,170.67
30.75,41.05,634.13
15.68,71.31,497.65
46.53,40.4,871.35
37.56,53.63,770.51
14.66,96.31,566.37
41.2,96.87,965.85
49.67,98.2,1077.16
30.1,106.24,832.57
15.62,8.53,310.64
39.81,26.52,726.05
1.09,81.95,309.72
48.32,76.05,1004.46
32.75,103.16,856.63
29.02,116.25,817.87
7.01,92.28,436.96
41.68,6.38,696.08
13.19,25.79,328.16
0.75,61.14,244.46
44.3,111.51,1059.64
16.54,37.89,413.76
2.93,62.87,276.46
6.11,31.54,234.51
10.58,113.56,553.34
38.31,33.05,707.63
5.48,98.14,423.77
11.34,12.11,253.32
36.75,21.75,664.81
3.5,25.65,178.15
3.96,105.89,429.13
43.48,113.62,1046.97
9.74,108.5,515.01
32.96,42.61,672.87
2.8,14.04,135.77
15.9,93.1,566.17
3.26,50.28,249.68
49.45,91.52,1067.02
0.56,60.81,241.14
27.72,56.49,643.25
20.05,8.15,380.19
39.61,76.83,879.95
17.39,7.6,333.1
30.26,27.37,591.4
7.53,14.98,209.06
31.25,110.73,860.69
8.36,24.58,248.34
43.77,106.37,1012.35
29.73,80.69,739.9
11.88,86.07,490.37
38.61,78.06,857.48
23.79,21.71,464.74
22.89,23.54,460.93
47.45,33.33,861.73
23.62,8.77,433.2
6.03,77.24,368.6
0.6,58.48,235.27
24.9,101.66,729.82
40.23,39.01,773.03
5.66,113.0,478.09
9.25,59.09,374.23
33.42,31.78,642.74
17.95,21.63,384.62
37.66,55.91,781.51
5.25,56.74,301.89
5.28,56.91,297.76
29.77,118.36,851.38
37.31,95.1,896.29
16.07,29.64,383.48
42.1,85.44,930.48
22.34,35.19,494.67
43.23,42.19,823.81
16.73,94.7,595.39
21.4,32.87,461.23
9.85,21.05,259.51
4.25,44.28,244.8
26.24,113.63,782.75
18.44,98.98,623.09
17.34,38.55,424.76
48.53,100.75,1085.4
34.37,73.81,792.8
17.68,60.85,493.36
5.65,39.06,246.1
17.5,59.27,500.64
37.37,57.82,798.96
42.16,65.59,879.68
47.43,45.65,905.94
9.2,108.5,507.98
19.64,85.29,596.66
35.6,95.85,872.42
49.13,52.85,955.65
13.83,26.75,337.73
7.08,117.5,513.33
22.76,32.67,485.44
45.71,58.34,897.39
16.55,90.98,573.17
17.48,63.19,506.15
9.32,61.94,378.61
1.86,41.24,202.96
49.64,76.04,1020.21
26.08,55.61,615.11
40.55,111.73,1006.75
19.78,54.04,506.73
16.2,50.03,445.38
16.19,106.69,616.74
16.41,9.28,324.04
7.33,29.96,247.08
19.38,96.47,633.16
6.68,14.26,196.58
45.59,81.13,980.92
47.34,33.12,867.84
40.65,81.46,900.02
25.55,7.04,450.88
3.03,94.25,376.34
7.0,46.1,293.12
7.5,84.32,416.83
40.59,37.1,765.46
34.81,19.35,635.39
21.68,64.86,574.73
42.74,26.19,779.71
33.23,19.69,622.47
1.85,13.09,114.45
42.04,37.98,804.56
11.43,27.18,298.8
21.37,11.78,400.09
23.79,16.49,455.16
20.19,13.47,389.18
26.27,6.56,468.15
26.47,5.38,463.2
5.45,44.22,266.54
2.78,66.05,289.63
15.62,92.58,556.13
24.37,102.54,729.36
22.19,54.01,540.7
43.48,21.75,786.66
3.77,104.42,417.3
16.06,80.53,533.44
44.36,13.0,757.03
24.89,69.96,628.73
33.01,21.79,612.66
3.85,58.97,286.07
35.08,73.01,796.09
11.12,22.49,280.44
35.48,18.16,640.0
17.31,93.9,588.55
10.73,115.19,562.17
38.17,97.81,912.39
3.88,17.58,158.63
11.44,39.87,343.19
12.68,21.64,305.99
12.54,106.48,554.3
41.1,32.22,778.26
12.34,70.23,442.76
10.9,59.51,395.24
7.14,91.0,431.97
43.68,89.24,999.07
7.89,53.35,331.76
36.09,59.28,764.53
41.27,52.16,828.73
6.16,83.63,391.11
36.32,81.15,838.66
44.9,70.49,947.52
25.64,63.58,624.2
34.9,32.9,674.17
5.06,114.68,471.77
21.52,101.27,671.37
38.77,21.53,692.9
21.76,85.52,632.76
11.99,98.15,519.2
49.84,119.95,1156.51
26.23,70.32,657.43
11.93,54.48,390.33
26.86,87.45,716.55
26.4,81.17,690.92
36.11,59.8,770.05
47.56,101.35,1049.39
23.54,30.94,497.37
20.53,17.84,414.85
37.71,41.45,749.49
35.13,66.83,792.66
31.71,14.38,562.76
19.9,63.94,543.42
34.5,90.38,833.98
19.65,37.28,457.87
20.22,79.39,591.53
44.3,89.08,968.03
36.41,102.6,916.85
3.41,11.49,134.87
16.92,27.64,381.51
48.79,102.88,1091.35
49.14,97.89,1079.26
25.15,32.58,527.5
31.97,95.65,801.02
25.63,12.23,471.08
36.2,56.93,764.44
41.36,7.12,693.95
48.53,57.48,948.33
39.51,53.06,808.03
18.45,113.88,674.02
27.4,110.61,796.74
37.13,13.3,643.61
30.12,91.18,782.93
32.03,82.32,775.32
27.58,25.12,543.57
23.64,22.25,464.56
43.02,44.51,837.9
14.7,61.5,452.8
39.27,62.18,821.21
10.71,8.63,240.5
17.88,33.52,417.79
20.12,115.3,686.71
28.68,98.24,771.02
1.61,69.18,280.39
46.12,71.43,961.29
26.08,115.82,791.69
41.02,61.18,843.81
0.82,65.3,258.74
37.06,66.07,794.74
31.72,16.95,576.51
46.92,57.77,926.65
33.89,30.49,650.27
32.09,115.45,862.23
28.93,16.04,525.07
13.09,63.12,432.73
16.17,38.27,407.68
13.46,36.72,363.66
40.65,106.94,973.7
38.35,112.8,981.27
8.73,104.1,491.35
14.94,70.01,489.01
13.98,21.72,324.82
23.88,19.5,469.63
25.46,90.43,698.31
9.36,45.83,323.52
43.13,32.26,794.02
29.18,42.82,613.2
32.26,9.36,556.86
11.88,48.99,373.64
24.92,15.72,472.37
20.5,25.3,430.44
12.13,87.81,495.44
18.34,98.28,615.85
39.61,84.26,910.76
32.17,43.2,653.19
44.06,118.26,1076.35
25.29,58.32,600.58
19.63,38.58,461.02
22.31,91.43,661.02
36.07,35.74,700.9
40.66,119.64,1015.12
1.46,67.14,275.21
35.67,20.79,658.35
0.58,15.7,104.18
43.76,14.61,742.18
22.41,115.15,723.49
14.92,77.08,505.08
1.09,116.33,422.59
25.2,115.16,777.91
29.67,81.13,735.73
17.67,16.46,367.19
49.49,100.02,1108.43
38.97,80.52,879.51
9.11,87.84,457.65
27.4,114.98,810.1
31.54,70.97,733.25
16.13,62.86,485.65
29.43,30.36,588.42
29.08,65.14,685.77
15.08,109.6,604.23
33.13,43.74,689.26
3.46,28.45,187.28
31.29,48.75,660.07
26.74,14.83,490.76
9.6,65.15,397.11
39.16,52.56,787.31
29.93,100.22,796.72
28.29,23.99,545.49
41.98,110.97,1013.14
30.05,106.4,819.19
16.2,93.91,573.91
24.47,45.06,554.32
1.52,43.79,203.32
12.52,19.84,297.25
21.59,64.61,560.31
36.52,107.62,925.24
5.44,87.34,386.03
28.03,91.07,734.91
40.47,35.71,751.26
19.38,6.55,364.5
1.88,75.59,305.52
42.35,61.8,867.63
41.08,43.32,801.41
40.69,83.86,929.09
9.29,18.33,238.03
35.99,102.59,901.64
44.56,94.49,1004.28
44.96,24.23,804.31
8.12,109.6,504.74
0.93,54.98,228.94
20.9,76.65,591.0
38.44,93.39,901.96
21.16,98.83,665.86
32.89,83.32,787.68
47.81,102.4,1062.45
8.66,67.64,371.7
23.8,78.93,640.64
48.37,105.66,1096.68
1.37,55.65,239.16
25.8,101.89,741.99
15.37,43.8,415.24
29.14,36.62,595.98
49.51,17.59,852.41
9.8,63.83,387.11
41.95,53.93,848.58
42.72,36.9,787.21
11.15,53.43,376.69
17.07,95.52,588.21
49.62,116.99,1160.17
45.93,72.45,940.02
1.24,77.66,299.17
27.88,77.44,693.0
34.92,46.45,714.75
26.06,47.05,583.56
44.21,30.45,795.55
20.89,48.44,507.88
24.23,8.06,433.98
24.66,15.79,468.66
3.29,100.11,402.79
18.4,30.95,421.32
4.54,11.76,151.11
31.56,117.92,854.47
47.39,32.71,854.73
12.41,109.09,560.75
33.86,99.3,857.14
14.06,49.03,410.11
33.38,12.88,582.4
34.05,80.72,803.4
30.89,54.47,673.31
45.12,42.76,856.76
30.46,118.74,858.84
11.95,50.48,384.96
21.02,93.8,645.92
8.27,52.13,329.41
4.57,110.96,445.83
31.38,115.68,880.54
16.81,86.87,554.56
8.67,74.07,403.08
28.7,11.89,503.21
46.24,95.4,1047.88
2.11,62.26,262.72
21.6,48.07,515.77
9.23,64.99,385.21
34.51,7.58,579.56
37.97,58.92,799.64
41.79,50.65,833.31
41.5,98.43,975.74
24.58,47.33,556.97
4.93,103.77,440.79
20.16,20.25,416.46
43.12,68.76,905.8
4.86,85.11,373.33
45.08,14.97,774.86
18.97,15.87,386.28
12.94,17.08,294.69
6.79,51.57,311.7
12.28,85.71,488.63
49.95,104.39,1118.53
49.56,70.58,1006.84
14.04,110.22,590.21
16.44,44.48,432.52
16.34,64.34,479.91
20.92,89.79,644.6
0.65,113.89,405.43
21.39,116.07,726.49
0.52,13.8,99.82
13.93,73.4,482.97
26.84,65.62,637.06
28.23,76.61,706.87
15.92,77.77,526.24
12.26,85.23,490.76
22.81,19.94,450.26
16.31,12.94,332.94
46.31,16.7,789.46
29.99,32.0,595.56
9.24,70.18,404.43
29.77,100.37,791.06
3.39,32.02,198.88
40.76,83.15,912.45
28.92,77.62,719.87
24.94,49.21,564.02
44.44,100.38,1010.47
47.22,56.15,920.47
40.37,38.14,770.23
26.21,86.08,701.65
48.22,56.99,961.24
19.63,115.54,690.75
2.5,51.39,240.32
13.33,52.55,414.51
44.14,67.91,927.21
30.79,69.45,711.6
19.86,13.3,383.02
21.72,31.92,480.3
12.85,95.56,524.19
2.77,30.84,183.97
24.63,75.98,646.05
4.09,9.34,137.82
43.24,80.71,935.03
16.45,56.04,467.36
33.07,66.51,736.66
24.0,99.74,710.49
25.72,27.97,527.46
7.18,71.75,371.06
48.28,48.73,921.55
2.83,27.03,172.79
2.9,24.62,168.1
17.42,108.17,640.07
33.43,56.49,721.91
19.09,39.83,454.67
14.77,5.89,287.36
26.27,6.85,466.64
31.58,47.49,661.26
13.68,17.69,308.99
32.48,17.48,583.86
47.2,52.88,919.52
6.77,9.81,182.3
7.62,95.95,450.71
21.16,97.34,658.09
32.49,56.44,703.36
28.48,116.11,821.6
30.2,10.58,540.69
22.92,74.97,622.05
14.51,108.75,595.61
33.25,13.93,587.85
17.95,18.33,365.51
27.8,20.15,523.45
27.83,73.11,686.48
44.48,12.76,759.95
9.15,19.0,248.67
34.85,44.08,718.79
8.36,107.81,503.36
23.22,64.96,607.06
8.39,12.85,214.18
26.98,67.97,663.7
15.4,64.4,472.57
9.74,6.28,216.94
38.35,56.61,774.77
14.3,74.49,481.43
45.56,66.72,927.98
10.42,82.15,455.55
30.18,64.76,702.04
38.98,86.43,910.76
8.85,7.29,206.36
46.59,112.56,1080.54
7.96,46.09,311.49
36.45,43.55,731.91
31.68,111.98,870.28
44.72,86.84,975.41
41.43,29.0,748.66
32.11,57.65,707.71
40.51,39.02,775.64
3.34,116.21,443.29
31.54,9.85,554.4
9.78,77.75,422.77
32.95,104.64,850.17
34.09,58.3,745.71
38.87,40.31,761.85
6.16,83.42,392.25
11.92,43.19,354.65
23.8,108.06,724.3
44.03,62.56,902.78
10.61,65.66,404.11
40.37,80.74,887.38
24.16,31.04,511.35
25.24,7.66,444.54
47.26,15.11,812.81
37.56,98.06,912.52
37.12,56.24,770.32
24.54,37.07,514.6
6.19,35.13,248.61
42.58,90.69,972.3
17.76,26.31,398.1
42.05,92.84,960.31
38.33,65.69,817.65
29.11,41.38,605.79
39.19,47.92,783.55
35.06,34.11,675.93
49.07,51.37,945.84
8.22,106.09,492.88
35.34,24.27,658.27
40.05,92.47,931.5
8.49,26.92,263.86
47.21,58.9,947.24
15.47,26.94,358.35
42.66,73.59,913.27
43.31,54.16,867.76
49.34,96.63,1106.55
29.97,74.76,729.88
49.15,19.88,839.32
32.04,64.56,727.95
7.41,76.57,387.65
43.48,8.98,722.9
15.68,118.28,642.68
11.75,91.58,498.19
44.09,8.27,725.66
15.71,61.03,467.34
20.83,44.59,496.61
1.83,45.87,214.74
29.49,39.28,611.95
5.78,38.32,246.97
31.4,114.15,861.14
3.93,87.46,371.11
2.88,88.05,353.39
1.95,61.97,262.18
29.18,35.1,597.48
11.1,99.11,519.12
11.24,45.92,354.41
5.58,62.1,317.47
41.93,61.77,863.69
34.66,99.43,866.92
1.74,10.71,107.79
2.37,59.96,263.57
13.49,33.12,351.43
15.18,78.69,508.43
39.52,53.05,812.16
26.36,21.74,514.56
48.86,86.04,1031.59
3.18,21.43,164.7
8.71,91.34,452.9
28.01,94.07,768.14
12.81,87.82,511.57
42.28,105.2,1000.64
49.48,72.5,1006.5
8.98,105.92,497.93
6.2,58.28,317.34
30.83,109.12,846.64
20.88,41.64,490.5
29.85,84.98,740.48
18.8,56.56,504.04
1.2,106.18,392.95
9.01,69.01,392.48
46.34,29.64,824.4
19.47,74.07,555.28
19.99,82.52,590.07
47.45,32.54,858.89
28.34,11.98,506.56
38.61,35.16,732.33
35.18,110.24,917.99
11.62,109.7,554.86
11.72,30.97,319.18
40.07,97.29,952.52
32.52,26.74,615.55
10.43,78.93,444.02
45.44,93.74,1022.93
48.35,43.17,900.08
9.75,27.71,277.78
24.64,89.21,686.35
26.76,116.56,798.62
23.77,111.94,742.19
5.25,30.64,218.48
38.38,53.22,793.53
39.91,68.43,852.23
17.0,98.16,595.08
31.43,94.4,816.43
3.73,9.22,132.31
14.73,93.98,539.64
44.88,62.2,917.95
30.86,118.37,881.01
20.98,9.18,392.7
41.81,113.61,1019.58
21.49,119.64,710.47
45.22,9.73,761.21
1.74,56.14,247.84
7.91,105.4,486.73
47.74,96.79,1074.89
34.87,111.43,903.8
42.23,16.68,725.65
46.8,90.69,1004.28
7.81,15.77,212.9
21.47,101.96,661.28
16.29,23.05,369.32
49.51,7.96,825.2
26.27,41.09,563.11
49.64,76.2,1031.35
7.93,58.31,342.27
42.06,118.12,1024.95
28.56,113.56,816.45
33.45,74.25,781.37
44.29,48.19,845.26
12.48,60.31,415.82
5.24,43.66,253.68
41.41,51.04,813.3
34.43,39.78,680.86
46.38,18.38,809.9
8.92,72.24,401.96
7.64,69.77,374.06
26.33,9.93,473.11
34.63,70.81,786.19
36.24,65.38,807.73
46.15,113.5,1087.47
46.2,35.13,850.42
49.7,35.76,906.68
48.55,10.69,798.83
13.83,75.01,485.86
44.25,24.37,791.57
18.82,87.14,587.86
15.56,41.87,413.54
44.66,109.59,1050.86
47.24,77.26,989.92
2.77,26.99,173.46
5.19,96.01,415.56
9.96,63.4,392.55
38.9,98.56,938.93
15.63,46.86,428.56
44.31,97.49,1007.41
1.57,107.08,395.8
15.3,61.34,466.52
38.25,98.5,907.35
36.94,83.93,845.91
25.9,53.33,597.17
4.25,70.9,326.69
10.91,94.1,499.65
45.23,21.2,799.73
13.33,34.01,352.38
13.01,20.69,311.84
44.7,84.59,979.4
42.55,25.48,764.94
25.65,60.9,616.3
22.86,78.2,628.64
47.29,108.42,1109.9
42.69,90.6,969.27
44.03,108.03,1025.83
34.06,40.29,670.53
16.52,51.02,450.5
7.46,5.73,180.12
12.21,112.96,572.25
32.49,96.53,831.95
3.27,48.05,245.07
36.48,45.26,735.0
45.54,81.43,973.56
0.61,24.11,132.97
46.4,8.81,760.18
21.76,51.09,538.54
3.84,19.07,165.23
6.15,35.07,246.15
33.02,17.91,598.74
48.17,27.14,861.53
2.02,72.88,301.26
23.95,57.57,571.3
42.63,27.06,750.05
33.85,10.77,589.99
26.71,60.03,630.95
39.29,65.33,825.17
18.16,48.32,466.81
36.66,75.25,825.38
13.8,77.45,484.11
37.19,98.05,894.8
31.47,95.18,802.52
30.44,34.44,608.72
38.99,46.18,778.03
40.97,100.72,985.44
3.88,38.94,224.44
25.99,26.08,523.27
27.86,35.43,571.56
18.31,15.93,374.32
29.61,113.33,847.01
48.77,10.9,810.33
39.41,47.4,780.47
46.23,98.08,1033.4
15.93,113.12,626.35
32.82,119.93,895.84
23.55,98.23,694.02
38.91,70.21,841.77
5.23,53.38,294.13
39.08,15.11,682.45
24.64,23.53,493.91
36.29,13.62,642.96
25.76,101.67,746.74
10.7,37.99,325.85
22.34,65.17,576.73
34.51,79.22,794.07
5.97,118.36,491.05
48.38,21.14,862.32
27.41,97.58,765.2
45.01,35.09,825.09
12.45,46.48,372.66
11.95,105.42,544.44
28.55,35.8,593.11
30.0,83.64,745.96
16.41,29.09,382.22
23.82,51.72,561.42
0.63,103.48,367.84
48.37,113.16,1136.11
5.21,75.74,353.81
6.83,34.87,258.15
14.34,115.97,609.62
18.18,41.63,449.74
13.98,40.51,378.09
40.14,15.47,704.77
29.96,104.25,813.89
25.83,43.17,563.16
5.48,82.8,376.5
36.02,113.72,919.6
17.02,90.87,576.25
41.35,37.99,784.35
16.97,84.04,554.12
33.44,114.98,908.42
44.4,85.65,976.74
40.96,62.76,854.5
25.36,6.01,455.39
47.51,57.04,936.81
4.88,77.05,355.22
26.62,86.9,704.26
17.87,21.54,385.58
24.17,67.19,607.42
16.49,101.22,596.15
37.25,54.55,776.55
30.46,32.32,602.2
46.47,12.04,785.49
14.76,69.74,481.74
11.2,103.79,535.14
30.01,31.72,606.48
34.19,88.26,833.11
44.84,99.85,1018.13
37.6,117.12,966.23
15.63,74.79,512.14
46.17,59.43,932.43
26.83,9.4,479.34
48.93,28.24,872.66
13.05,60.73,424.87
17.91,67.11,530.08
47.94,115.62,1129.44
36.23,80.14,824.26
6.09,67.04,340.02
17.74,28.44,403.95
44.4,103.73,1032.46
18.52,83.91,575.76
24.92,59.28,603.51
12.17,17.74,288.24
46.7,22.64,818.17
7.43,94.32,452.15
45.27,18.97,802.09
22.35,52.43,542.6
15.33,69.74,491.61
27.7,102.46,766.85
46.09,108.57,1049.59
18.18,80.04,567.97
35.74,23.55,661.23
29.75,66.38,711.75
3.37,119.53,459.23
10.81,26.04,291.38
3.32,75.36,317.52
26.5,105.38,758.55
4.0,67.57,313.75
38.46,119.66,1002.23
44.49,15.25,773.79
33.76,52.95,717.87
16.46,77.11,518.95
41.92,41.3,791.26
32.42,105.44,851.42
2.25,83.38,341.81
49.88,97.97,1086.57
11.6,84.59,488.34
9.28,107.01,504.35
11.19,60.39,392.32
34.18,39.82,688.24
18.93,40.97,463.67
43.14,6.37,711.71
36.03,63.36,793.33
4.65,117.94,476.54
15.01,70.4,485.8
26.31,42.97,573.64
29.13,29.17,585.57
46.36,17.72,804.11
4.66,8.31,145.33
16.99,95.84,597.3
20.18,119.28,714.53
18.62,97.62,614.78
17.17,27.16,386.58
6.89,46.86,293.95
2.25,54.6,244.63
47.92,46.27,903.81
39.67,41.07,762.28
19.48,95.71,628.36
3.63,25.02,176.45
10.87,58.31,386.09
19.33,39.62,463.75
16.36,51.4,453.48
21.14,79.86,608.36
29.49,43.94,621.92
3.34,92.94,377.15
26.87,95.35,745.78
15.81,18.95,341.86
26.92,113.71,798.65
22.84,57.61,550.71
11.11,53.59,383.8
7.42,70.74,373.44
33.28,49.02,708.67
23.52,43.34,535.04
41.32,118.71,1029.14
27.5,56.51,630.59
44.71,109.69,1040.95
42.67,61.44,862.64
14.76,115.65,621.52
21.68,56.9,538.72
5.75,34.57,241.19
35.04,96.32,858.63
35.11,19.8,644.5
7.45,24.61,233.32
43.89,43.18,845.27
48.67,29.18,871.12
6.58,90.18,420.63
26.87,69.39,652.72
32.66,102.85,851.92
17.17,41.65,425.19
1.51,73.93,296.83
15.22,91.67,547.97
42.82,43.45,826.8
14.86,9.15,296.59
26.8,105.59,752.3
9.34,49.55,335.9
16.88,119.42,670.34
34.76,111.72,903.16
1.68,28.84,162.86
34.89,71.18,800.06
29.26,112.25,828.3
18.22,10.7,346.07
23.88,117.21,762.37
19.66,45.14,473.96
43.59,116.95,1071.27
28.04,13.85,505.66
2.54,93.94,364.03
49.29,14.8,826.48
13.82,103.53,577.45
2.89,110.83,418.61
7.28,29.54,247.8
40.93,35.7,761.59
7.54,52.14,326.17
40.43,90.81,929.34
4.18,58.12,287.63
4.31,10.57,145.34
15.65,112.97,630.08
38.11,97.47,903.63
45.54,47.07,877.97
27.12,114.78,806.48
47.41,108.22,1079.34
45.1,50.76,873.44
39.97,84.0,911.52
24.75,84.37,672.9
37.92,18.89,678.74
3.2,44.32,229.25
45.95,71.05,949.87
32.01,37.98,647.78
6.0,118.93,494.54
42.17,97.26,969.74
48.9,13.25,822.33
29.79,9.37,520.29
8.34,85.88,429.97
46.62,34.3,854.44
44.42,111.14,1022.28
14.27,97.85,555.96
10.23,76.54,426.3
49.16,102.33,1098.96
1.52,53.56,235.46
13.59,119.82,611.4
10.4,33.05,302.24
44.5,17.64,774.02
49.17,105.58,1100.84
25.93,57.48,618.38
49.38,9.0,820.64
18.78,50.81,483.69
31.75,109.34,856.18
14.49,98.77,563.08
14.15,13.39,301.77
19.84,54.44,517.75
30.77,35.21,616.56
2.26,78.93,315.56
41.23,88.65,957.93
1.8,109.92,401.95
28.12,41.39,601.85
29.42,26.6,563.81
20.79,82.76,610.66
13.12,13.24,281.08
19.72,89.19,617.58
33.64,63.35,738.9
48.59,106.59,1118.32
14.25,110.82,607.9
44.85,90.34,997.64
13.03,26.71,323.26
38.08,115.37,977.66
25.5,66.82,640.42
14.86,22.77,340.67
13.17,77.77,488.1
10.87,61.21,399.03
16.38,55.8,459.83
37.87,80.85,854.64
46.12,5.91,758.3
36.86,113.72,939.54
12.85,41.04,365.07
22.84,65.4,591.77
23.51,90.83,677.05
6.8,42.81,281.43
45.43,107.24,1045.71
16.66,31.94,391.97
4.57,20.33,177.73
11.12,5.94,234.82
31.16,113.72,856.89
20.39,56.1,518.61
38.78,86.15,896.95
37.49,84.42,869.13
34.07,65.51,771.24
10.7,30.02,299.98
44.52,35.85,825.04
3.05,53.81,256.16
13.5,67.66,461.03
28.93,92.31,765.74
0.72,5.24,77.23
48.88,35.38,898.06
29.29,58.31,658.17
6.26,14.37,185.7
22.07,89.65,652.46
46.2,105.46,1055.56
46.39,83.62,1005.94
44.38,15.23,760.78
41.49,51.98,823.93
44.29,32.0,802.5
42.34,99.78,1004.53
16.56,101.37,609.7
10.03,35.38,301.94
22.67,41.18,513.32
25.81,23.25,501.38
9.13,8.37,211.89
7.76,110.7,497.18
10.37,12.59,240.24
3.56,91.56,376.59
28.08,11.56,503.05
18.04,46.78,460.76
41.24,89.56,933.6
41.36,47.16,812.1
3.93,42.34,238.25
6.77,68.91,355.51
39.8,90.05,905.33
2.15,98.99,373.74
34.6,65.73,772.96
13.59,43.47,383.44
47.66,12.43,807.94
45.14,15.41,780.47
48.54,8.32,797.99
3.03,115.94,442.18
36.12,63.15,781.76
16.34,36.23,399.83
31.1,95.96,801.6
32.75,19.33,581.71
41.52,101.25,963.39
25.29,17.18,481.74
38.28,40.78,749.06
21.38,95.8,657.16
32.04,41.36,656.33
38.24,24.45,694.73
12.83,93.12,524.76
14.62,6.11,288.35
16.39,116.77,640.8
39.56,47.85,786.98
45.64,11.26,763.39
13.78,64.51,457.02
24.53,45.11,560.66
4.32,73.47,339.34
35.68,13.73,633.2
41.68,9.79,708.58
35.02,96.65,873.37
13.62,40.68,367.83
25.33,22.38,489.9
12.29,60.65,412.37
42.01,32.86,769.19
7.53,113.48,507.4
31.85,17.03,572.44
44.45,33.46,820.83
40.44,27.91,746.6
15.15,14.36,320.71
27.85,24.82,545.59
17.65,86.15,582.18
12.31,110.46,572.92
13.3,87.2,507.48
2.06,38.98,197.63
22.04,46.29,514.88
49.07,33.07,882.98
17.07,28.4,396.83
31.85,43.37,654.83
16.12,58.72,466.38
15.4,116.6,621.55
20.66,65.13,550.0
37.21,106.33,910.31
16.28,85.15,547.91
28.59,60.95,663.86
39.16,21.17,699.1
18.69,67.35,520.51
36.08,11.27,618.77
23.83,35.15,512.53
8.98,34.7,286.35
25.6,116.98,775.97
19.43,51.71,501.32
8.11,23.48,242.27
33.87,72.93,767.66
48.9,19.48,841.76
11.32,113.48,562.01
23.7,44.94,536.56
48.97,39.96,896.67
48.9,42.97,906.41
20.89,32.23,457.47
35.0,32.57,674.93
14.63,91.66,546.24
42.95,72.87,904.68
39.42,38.73,742.12
17.06,23.49,373.44
16.39,47.95,438.86
13.15,16.66,300.55
17.11,32.23,403.61
14.61,104.12,575.15
35.61,22.75,652.94
3.48,34.4,206.15
24.49,88.27,674.33
25.82,53.19,581.36
2.34,83.28,338.42
48.13,53.53,927.27
44.57,111.85,1053.1
40.75,17.23,713.18
41.78,91.35,922.55
39.96,104.81,978.4
3.87,56.12,276.05
1.99,110.26,402.42
17.46,56.83,484.19
6.69,25.79,227.0
30.19,41.68,628.21
41.69,74.0,891.61
13.66,119.62,615.88
21.97,46.27,510.81
18.72,27.97,415.44
2.37,52.9,240.83
38.61,63.1,831.23
18.7,25.6,407.31
48.21,97.22,1080.22
21.29,90.2,634.74
26.08,104.56,754.2
42.84,71.12,914.52
38.17,76.31,859.85
29.5,57.17,671.05
19.98,101.63,653.54
41.97,93.65,968.78
43.73,9.78,731.91
16.57,102.79,611.36
21.73,42.24,502.58
18.44,106.69,654.52
23.76,113.29,737.22
8.39,54.3,339.46
20.44,12.01,388.67
42.57,48.18,811.51
24.69,6.88,440.2
40.87,43.22,790.67
26.43,109.51,776.01
20.21,27.68,435.65
23.17,12.13,426.79
26.83,82.35,700.6
40.72,91.49,951.08
10.1,51.18,355.97
30.25,89.2,785.41
14.22,51.16,413.35
41.74,44.5,811.36
33.11,119.49,891.64
11.21,11.94,253.64
38.47,38.74,747.3
15.8,74.05,504.92
21.18,43.43,488.12
43.59,13.4,743.21
1.99,51.74,236.34
17.99,35.07,421.99
18.29,30.24,417.54
43.27,47.65,827.21
16.37,94.91,593.12
8.23,54.78,334.24
28.53,63.68,681.32
19.28,12.32,379.34
3.25,103.75,414.58
46.48,91.31,1028.78
34.77,80.41,800.58
10.89,98.76,510.79
12.89,9.76,276.12
21.01,97.41,655.48
41.45,103.64,999.01
13.46,16.47,303.54
26.87,6.22,467.25
5.87,105.14,453.1
32.21,79.2,758.69
15.5,54.95,439.64
29.56,26.46,572.56
19.55,99.24,629.94
41.17,43.64,801.75
41.46,29.8,760.98
14.37,14.6,305.71
27.06,93.34,744.33
41.88,42.42,810.2
19.37,99.53,636.3
7.91,109.87,491.85
26.99,105.05,769.49
19.77,25.48,428.05
6.51,9.76,177.41
3.29,31.51,193.84
35.04,86.7,834.61
32.02,39.06,650.82
43.13,59.97,890.83
9.42,77.99,429.61
34.12,16.22,615.4
23.53,79.91,647.35
41.08,36.62,767.56
10.38,106.56,534.32
49.85,47.64,932.0
47.47,47.18,895.72
23.29,105.2,718.59
16.34,17.1,337.12
11.86,109.15,560.94
30.28,44.92,636.16
12.36,62.29,424.66
33.27,84.4,808.38
33.66,35.58,663.72
25.63,79.47,673.77
23.85,43.71,532.94
31.37,78.16,754.54
26.8,23.11,523.57
27.64,9.15,490.7
31.82,70.24,735.86
40.0,58.41,814.98
37.26,5.42,624.58
21.53,26.66,456.17
35.49,22.09,655.88
33.61,84.45,809.59
11.0,35.44,319.43
4.38,60.64,299.64
44.66,14.62,765.5
14.78,64.92,466.59
22.66,72.67,605.12
46.06,36.58,842.37
22.04,79.44,630.85
47.59,104.25,1070.23
21.49,95.52,673.06
11.3,72.58,446.85
9.78,85.01,452.06
31.54,25.72,611.76
45.13,19.04,779.83
0.93,23.99,134.59
21.09,87.25,630.02
44.85,48.91,877.69
32.67,98.26,832.46
45.44,63.34,928.67
28.39,93.85,749.47
25.83,98.28,734.1
37.31,72.53,830.54
23.85,116.85,765.96
25.52,68.81,641.98
33.31,88.78,799.26
12.35,53.72,393.49
10.96,52.93,369.05
21.66,74.24,599.06
18.85,28.59,417.9
11.21,33.7,314.33
43.72,94.59,988.06
26.83,11.97,486.52
34.32,49.21,701.76
17.03,104.09,613.67
39.54,112.61,987.52
13.33,81.69,503.52
45.35,12.95,760.22
40.63,75.62,884.65
44.04,12.26,741.51
7.7,24.74,238.56
24.27,95.2,700.72
8.31,14.11,218.96
24.96,93.02,712.32
2.88,52.33,254.76
27.74,73.8,687.59
35.33,40.44,705.83
29.48,45.99,625.62
23.26,43.08,519.41
13.27,76.74,473.35
38.04,88.23,880.91
44.4,68.83,928.83
14.37,80.39,504.61
9.92,77.36,431.5
23.81,119.25,774.22
1.61,43.15,204.06
27.33,78.33,699.55
16.44,13.18,333.11
24.25,50.3,557.65
26.29,27.55,524.32
23.95,44.3,536.26
29.04,40.65,609.1
10.43,116.16,553.67
49.38,85.13,1061.27
43.72,86.6,965.69
5.55,5.34,148.5
9.53,63.62,381.85
26.24,88.15,706.63
33.48,48.79,713.14
37.66,83.5,863.88
42.98,48.31,840.1
7.21,91.89,431.6
39.2,55.03,802.97
37.87,91.89,895.81
18.33,67.84,524.1
4.88,72.64,338.09
18.61,7.22,349.18
20.73,110.18,690.79
28.84,25.69,551.86
16.84,109.81,637.93
7.28,82.03,399.58
14.32,31.6,359.31
38.99,110.81,971.53
10.6,105.03,527.4
40.55,17.73,723.44
13.55,20.07,317.37
46.6,42.16,886.5
16.93,102.32,602.93
36.53,93.86,885.59
38.25,55.08,791.23
39.56,109.9,961.93
22.91,33.25,494.51
27.0,82.53,700.57
8.38,5.76,191.1
46.49,28.88,815.06
40.24,7.06,676.37
24.14,86.24,677.45
3.85,27.49,193.5
7.66,48.64,306.6
13.41,79.24,490.83
22.95,87.58,648.83
14.75,67.65,467.11
36.6,96.53,881.72
16.78,76.64,534.31
14.42,24.66,338.37
47.03,53.59,926.51
34.46,69.94,780.77
18.89,110.63,669.11
16.58,21.8,370.32
22.44,95.13,677.13
49.63,116.85,1159.76
20.3,27.14,441.17
23.2,43.64,528.25
37.19,79.77,847.59
48.39,38.46,895.54
43.31,45.36,847.64
47.95,48.14,920.69
25.82,108.3,768.3
31.1,90.07,789.62
1.15,44.06,198.44
18.46,114.43,679.6
27.85,27.14,559.25
49.44,87.6,1025.62
26.21,54.68,608.62
18.13,58.43,500.58
14.27,115.45,605.32
9.57,25.36,273.84
24.15,58.77,595.09
48.97,45.8,919.56
15.08,93.56,548.71
9.46,37.27,302.92
0.57,113.26,395.12
8.67,42.18,306.18
27.81,85.93,726.09
38.14,99.97,921.4
16.52,48.81,434.13
13.36,119.69,620.39
42.49,32.37,786.05
1.12,44.81,203.07
1.77,15.09,121.74
19.37,22.13,401.54
20.03,40.0,464.81
30.68,10.12,538.78
19.7,107.91,659.18
3.87,74.62,325.11
46.85,38.54,880.9
5.11,114.28,461.29
23.65,18.24,454.23
17.6,84.72,559.7
17.6,42.24,445.51
15.76,6.61,304.1
18.59,37.0,439.64
12.11,117.88,590.51
12.71,92.75,516.14
20.59,105.32,689.0
24.02,48.17,547.45
20.74,18.79,413.87
3.72,67.27,303.68
5.79,21.48,200.93
16.1,56.92,465.07
10.07,19.27,256.97
49.73,56.49,952.83
42.32,49.92,837.17
36.77,79.0,830.68
46.97,69.38,975.08
4.34,12.67,154.14
34.92,36.91,687.67
11.68,70.03,433.18
31.62,37.76,629.85
19.08,46.46,484.99
39.23,81.48,878.94
1.8,108.14,404.53
48.21,58.8,950.97
45.86,47.02,876.68
22.87,84.2,644.71
48.85,64.95,982.44
27.39,24.18,534.95
42.49,71.03,907.1
3.52,24.45,178.27
14.67,37.74,384.53
4.63,49.53,271.08
28.04,33.92,571.71
23.33,109.05,723.94
45.46,62.55,939.69
13.28,37.86,361.17
0.63,13.99,101.9
11.03,19.27,270.28
31.01,79.95,743.4
49.17,6.17,818.83
27.47,23.37,527.72
33.58,51.18,704.49
49.32,80.19,1028.93
16.28,46.71,435.31
42.01,29.34,767.24
26.53,119.7,814.92
43.57,108.96,1035.94
34.55,99.22,866.78
36.19,94.81,889.21
22.08,86.29,645.38
14.2,78.02,501.77
33.82,73.61,778.57
16.0,104.22,596.1
45.2,42.53,860.18
8.83,41.7,306.81
4.58,69.72,329.5
24.41,87.87,664.39
0.73,58.79,239.53
6.47,111.03,479.23
28.38,88.66,740.31
45.27,107.81,1055.22
29.55,83.0,740.3
30.4,105.01,829.24
8.14,104.67,488.02
49.65,81.07,1034.11
26.04,81.36,687.21
33.18,82.15,798.62
23.14,56.69,576.57
21.54,85.49,630.27
37.17,65.77,818.95
5.32,102.94,436.92
39.43,63.78,837.92
6.64,50.77,300.5
10.82,31.01,304.04
33.86,78.44,796.33
17.78,57.61,486.36
6.68,86.49,415.7
21.65,10.62,401.01
35.32,68.54,774.66
31.4,36.65,629.04
21.74,11.5,409.89
44.6,104.77,1034.51
48.57,109.47,1105.23
4.27,67.71,314.1
26.72,111.05,775.8
27.56,66.15,677.78
45.75,108.05,1056.76
37.76,83.66,860.14
31.74,119.29,885.71
48.97,84.99,1017.65
32.61,22.8,603.54
23.51,62.18,581.15
45.16,17.33,774.69
36.9,116.62,949.3
44.75,88.18,989.51
10.88,58.65,392.64
4.85,64.89,313.11
49.52,12.49,835.08
31.06,34.48,611.34
40.07,45.42,785.02
9.74,88.48,460.81
19.25,77.7,579.45
32.74,80.99,785.47
11.07,48.03,359.81
14.54,112.08,606.97
0.73,83.88,314.02
11.9,116.29,591.91
18.15,66.72,528.66
37.61,69.62,819.5
35.96,108.45,934.79
3.03,17.34,146.01
14.44,25.54,348.38
28.85,44.97,621.29
38.03,96.53,910.13
6.65,42.37,272.11
27.23,25.55,534.15
3.31,42.17,228.53
23.99,38.5,520.17
28.74,13.2,515.94
14.35,37.44,379.16
23.56,114.61,738.36
8.86,50.08,329.97
9.51,20.84,252.83
1.08,96.44,357.83
35.26,43.44,707.67
9.48,112.24,525.43
26.72,115.84,804.39
9.91,97.97,482.7
2.53,85.0,347.57
29.82,86.74,743.43
10.61,66.11,400.67
25.04,114.48,764.73
47.47,37.06,878.28
43.56,64.22,882.95
18.8,79.84,569.51
41.72,9.82,702.86
40.28,38.41,791.52
38.47,106.64,936.42
40.31,70.82,870.35
1.99,33.17,175.53
18.62,41.77,451.21
14.67,59.6,448.22
10.89,14.15,251.68
45.82,19.7,779.52
30.94,41.77,637.68
21.68,46.81,510.72
38.4,101.51,928.18
21.35,41.82,494.39
41.07,119.63,1030.63
30.56,79.11,740.7
13.59,16.18,309.11
48.17,82.65,1029.15
22.46,119.31,736.85
31.09,35.62,620.7
46.15,54.2,893.32
18.5,75.42,561.63
11.46,21.72,282.93
11.3,101.03,521.23
29.46,40.82,609.5
27.95,89.04,731.32
13.05,43.21,379.01
10.76,48.95,361.46
43.56,90.12,970.13
48.68,65.42,965.69
36.11,15.58,640.69
9.19,48.72,337.84
4.61,94.36,401.96
22.87,58.29,577.5
2.35,47.35,226.83
48.12,35.11,874.98
24.44,107.1,743.95
8.85,37.78,288.75
25.55,46.96,573.55
40.85,18.35,714.45
1.43,18.65,128.69
2.91,107.07,417.53
31.55,64.59,711.94
47.38,109.83,1075.36
31.46,71.57,731.93
40.88,29.37,761.66
11.05,95.96,512.93
28.9,19.47,552.54
17.8,70.9,529.84
28.07,113.42,797.9
12.67,55.53,404.21
42.58,61.12,876.59
48.62,24.56,862.6
36.08,16.61,647.99
14.78,43.87,408.08
3.21,88.96,360.7
26.57,24.89,521.8
23.22,73.42,617.42
29.26,115.67,844.35
36.29,12.05,625.55
46.54,112.1,1068.85
41.07,61.93,836.46
40.06,9.15,675.96
22.98,103.23,702.87
28.7,64.84,671.12
38.44,70.64,837.04
46.58,54.68,915.92
7.49,34.02,264.22
24.66,65.21,606.63
46.38,85.9,1005.86
13.29,38.83,364.8
28.04,18.85,531.93
12.96,52.91,397.96
47.56,30.32,862.14
39.06,46.93,776.4
8.14,86.17,424.72
41.7,49.79,814.23
15.67,42.25,409.95
8.2,40.64,294.11
14.08,49.23,411.5
48.03,92.93,1055.97
38.43,114.27,961.92
44.61,15.95,781.02
48.68,14.79,821.2
18.73,61.61,509.79
18.77,116.62,665.88
40.26,89.72,931.93
5.12,21.49,190.84
47.73,70.2,968.79
20.65,71.62,569.22
49.61,114.96,1144.73
17.0,30.25,397.1
37.55,15.45,661.92
49.42,94.24,1073.69
42.04,116.22,1031.2
36.86,73.28,828.17
25.57,106.3,757.27
5.25,71.3,344.1
16.81,64.04,499.57
2.08,23.86,153.32
46.11,116.24,1088.63
0.98,92.11,339.6
34.26,69.95,776.65
12.32,91.75,519.75
39.27,103.23,941.09
48.46,41.39,897.4
3.23,114.2,439.16
41.75,22.54,744.62
40.22,74.32,881.07
23.0,78.38,625.72
43.54,34.93,831.28
14.63,52.84,429.69
25.33,34.72,537.02
9.59,68.65,394.12
35.46,27.8,660.33
49.63,117.59,1162.25
40.03,44.41,801.43
0.8,10.01,91.34
25.28,75.07,650.27
39.22,53.16,795.42
32.62,79.77,768.49
31.0,42.04,642.33
41.05,27.22,743.66
37.13,87.89,855.33
17.19,63.74,502.81
10.24,99.22,497.56
46.87,119.04,1105.86
21.12,15.22,414.51
8.65,10.72,212.99
45.89,58.25,932.88
32.29,51.18,682.33
8.6,87.86,441.99
16.6,95.32,589.82
40.8,92.0,948.02
31.81,5.49,557.38
48.05,79.81,1014.39
28.99,67.24,685.43
7.15,11.06,188.69
16.81,79.23,541.23
15.09,10.29,308.16
20.43,41.2,484.55
2.01,47.64,218.52
28.15,54.56,629.38
8.11,40.41,294.49
5.54,32.17,229.18
35.72,37.95,694.14
0.68,69.06,265.0
15.2,61.42,469.54
5.51,79.05,373.17
16.77,101.91,613.59
47.37,39.16,885.87
35.56,63.7,766.46
46.2,21.83,804.16
3.11,11.17,130.13
24.84,72.73,630.93
1.25,22.95,137.52
30.22,80.77,738.31
45.61,52.26,894.63
38.52,24.15,713.63
38.63,76.47,836.42
20.27,37.49,464.68
16.68,19.7,356.67
35.55,76.2,822.43
28.08,68.43,683.21
1.49,93.65,353.89
14.62,110.9,610.61
1.36,36.52,179.87
30.15,91.22,783.77
7.82,29.75,251.8
42.65,115.6,1040.29
7.49,74.07,386.38
22.3,30.92,479.44
19.66,91.38,619.15
10.16,9.82,232.23
47.21,60.55,948.59
44.6,35.6,836.24
22.37,110.07,710.61
10.13,32.28,299.22
49.69,30.78,889.64
45.0,25.26,799.27
11.88,66.02,425.51
5.7,8.74,158.06
23.66,18.99,467.47
2.07,75.41,308.93
40.87,55.53,820.46
49.81,38.83,907.01
19.7,102.48,665.6
17.78,74.82,544.9
15.49,90.79,558.69
7.6,70.76,374.91
26.27,35.33,548.42
23.52,59.98,577.53
15.29,109.99,605.64
30.08,104.69,817.0
32.65,58.93,711.98
38.11,7.22,634.24
3.67,103.83,416.96
16.29,99.98,592.77
42.44,114.63,1028.79
28.91,110.35,807.65
13.69,13.24,295.01
34.21,84.43,804.7
4.2,92.56,386.79
28.77,93.29,774.57
13.47,113.1,596.2
4.6,110.69,456.62
15.12,90.75,547.34
45.77,75.37,967.17
33.12,110.17,854.47
31.84,68.71,742.34
3.54,25.76,179.52
46.92,42.61,865.38
39.26,52.01,789.68
28.8,61.77,666.64
35.28,26.35,650.34
36.25,40.32,717.16
30.91,106.51,821.59
44.36,46.24,853.67
36.65,41.81,732.2
8.24,104.7,481.0
19.69,7.22,370.7
43.04,70.31,900.3
15.06,65.7,470.66
19.58,67.06,549.81
44.41,71.95,937.02
25.07,82.34,677.47
6.8,76.4,378.78
13.38,93.84,530.45
16.94,84.31,560.59
43.73,73.73,932.26
14.39,22.31,329.57
45.58,55.89,901.45
43.71,86.57,963.46
21.12,75.41,595.44
45.86,111.64,1053.09
14.32,46.91,408.11
9.44,82.03,444.43
5.16,50.99,280.81
12.37,66.55,424.46
16.12,88.59,548.9
24.34,28.26,511.0
1.56,28.43,160.42
12.5,33.53,335.4
13.5,106.67,567.3
16.32,45.22,440.37
36.91,43.38,739.21
48.45,22.52,834.58
39.62,17.34,695.37
27.92,17.05,510.86
45.21,11.11,758.61
32.67,84.95,789.37
27.11,47.22,589.18
37.14,5.98,626.78
6.3,112.52,483.92
26.33,90.36,717.66
16.84,117.1,644.76
23.97,91.89,679.62
27.37,67.12,663.29
35.93,42.02,717.41
2.45,86.29,349.03
45.39,83.56,994.5
8.98,74.14,400.0
25.3,8.01,448.96
19.84,32.81,443.44
41.8,85.23,925.51
0.67,30.2,152.65
37.89,74.33,826.44
4.25,95.26,400.77
2.41,11.8,122.29
49.62,15.42,826.11
23.92,74.2,634.83
40.48,65.08,860.34
21.98,76.15,608.86
30.48,43.87,644.66
30.01,77.19,734.93
10.28,71.92,426.43
15.24,15.04,323.51
38.16,16.14,670.19
41.72,5.03,701.28
4.21,20.54,175.14
18.78,66.81,532.8
33.43,83.19,809.73
43.94,94.33,985.42
48.73,105.04,1105.33
3.7,98.3,397.73
33.63,116.58,910.35
33.96,98.58,857.56
10.64,13.26,248.14
27.83,91.32,746.95
34.94,18.52,630.17
46.76,22.58,814.26
49.93,43.2,932.61
25.05,58.69,601.73
7.9,97.23,455.8
47.94,97.93,1062.83
34.13,99.24,854.93
30.18,117.51,876.87
11.89,44.06,359.96
34.32,74.19,780.69
17.46,10.08,341.17
29.25,42.15,622.52
29.27,72.66,693.56
24.83,61.13,605.03
27.03,118.65,822.08
9.46,88.54,463.36
20.5,39.84,476.53
10.79,105.31,525.7
35.82,9.03,615.64
9.49,73.17,416.9
30.59,115.97,855.64
42.83,44.12,825.48
48.5,6.44,797.4
43.8,13.04,727.55
46.03,51.59,902.56
30.0,84.57,754.12
26.14,73.31,660.13
4.25,11.39,148.23
18.15,54.91,486.09
19.81,87.15,607.44
19.22,88.7,603.76
45.79,10.84,771.35
18.77,48.41,479.22
32.17,15.31,579.15
10.51,88.57,472.8
11.68,15.14,268.37
27.86,51.93,638.05
37.98,91.77,895.87
40.17,22.91,730.9
1.99,79.53,318.83
36.2,51.81,741.33
2.67,107.02,422.96
31.18,108.03,846.17
41.99,95.04,974.96
46.16,27.15,836.51
10.04,117.98,549.64
42.6,102.72,1025.36
9.24,24.96,265.1
11.65,101.77,533.44
24.26,59.05,591.13
7.28,37.22,271.77
17.02,115.22,647.86
37.61,36.52,712.02
35.23,28.86,674.25
42.08,44.89,809.42
18.18,93.91,594.63
37.6,104.33,938.62
12.13,7.8,257.69
45.8,104.25,1037.31
11.5,106.32,544.72
34.57,97.82,868.9
43.16,99.2,998.65
42.14,26.36,756.43
11.08,95.39,496.96
19.17,29.48,418.85
46.97,97.67,1042.88
18.94,52.76,490.99
0.85,107.02,384.3
40.39,89.31,924.95
31.91,115.43,882.6
39.55,33.32,753.79
48.37,7.2,792.17
42.74,116.28,1042.22
20.73,103.57,665.27
14.19,39.71,380.23
31.72,96.56,809.61
14.35,30.29,352.61
23.57,103.44,729.09
40.86,40.0,782.59
47.73,14.63,796.31
20.69,56.62,531.21
45.77,55.78,905.82
24.98,51.96,581.12
48.66,100.18,1078.87
34.97,33.71,679.88
43.36,112.3,1032.02
10.44,77.78,438.62
13.97,78.44,498.11
22.9,62.23,578.82
17.73,13.4,361.67
47.67,13.81,806.19
39.97,35.71,752.86
6.16,75.38,372.34
44.75,25.88,806.38
3.46,107.4,426.65
21.25,108.23,697.61
3.56,84.17,362.75
30.09,88.52,763.46
10.63,110.68,550.89
46.32,29.37,822.89
43.13,16.29,749.77
49.51,75.25,1030.08
14.11,43.73,397.05
45.76,78.02,960.0
5.37,11.83,166.54
31.71,41.87,647.54
37.03,93.18,883.54
41.56,79.94,916.96
24.84,34.88,534.87
3.14,38.56,213.84
13.18,82.03,494.85
24.17,77.17,645.91
2.51,70.51,298.56
46.47,79.99,963.31
31.4,60.24,699.41
35.42,76.04,813.94
41.87,75.02,903.85
27.16,88.25,717.65
33.51,20.54,619.95
21.81,112.92,709.43
7.73,50.28,315.35
11.65,54.1,389.34
5.95,93.37,420.76
5.62,48.63,281.61
12.07,11.19,261.03
3.1,69.3,309.75
7.02,62.48,344.55
30.25,30.57,606.17
49.55,73.59,1018.17
43.13,100.87,1000.59
11.05,39.28,334.27
39.34,64.89,841.26
45.37,46.13,858.22
30.01,71.87,714.25
14.74,113.35,616.19
44.2,99.28,1022.72
37.65,71.26,816.89
30.3,92.02,774.65
19.84,94.84,637.03
13.44,110.29,578.89
5.48,68.93,337.92
15.63,35.3,391.63
27.63,53.57,616.0
7.35,111.81,490.66
2.34,22.55,152.45
15.21,77.46,503.18
24.81,108.12,741.79
1.04,60.96,249.88
25.12,68.67,641.87
31.15,83.44,769.62
14.04,118.16,601.49
9.77,22.33,264.49
33.11,57.43,717.52
46.31,108.52,1084.21
45.32,41.73,837.7
20.67,96.2,647.25
6.31,102.32,452.04
1.97,110.79,414.65
28.45,50.57,618.81
2.06,27.13,160.68
20.98,16.24,422.2
17.68,65.54,526.48
13.25,42.46,374.64
39.95,104.96,953.21
41.6,116.99,1010.91
16.37,95.7,572.62
34.25,58.19,737.23
13.77,17.33,309.22
8.55,79.33,413.86
45.43,34.92,845.72
36.9,52.0,755.05
42.5,110.87,1014.48
25.72,90.06,705.58
11.39,16.43,268.14
36.32,31.97,693.82
49.61,66.16,1009.8
47.59,64.49,943.45
40.32,39.82,770.04
44.72,27.97,807.06
15.45,115.19,624.35
29.22,117.78,836.05
34.73,18.13,622.45
49.62,77.3,1042.16
26.83,69.09,668.52
4.38,20.03,177.22
15.37,59.96,455.71
46.29,8.75,765.39
46.97,109.33,1095.61
16.33,55.09,461.4
14.55,9.38,303.26
15.73,100.01,589.11
44.46,21.07,779.03
35.79,63.35,774.23
24.66,22.53,489.25
17.36,73.01,528.81
3.39,12.34,140.47
18.93,25.59,405.09
36.93,21.11,669.34
23.79,28.05,491.56
42.18,63.13,873.83
21.82,76.0,607.62
8.91,49.53,337.58
29.57,90.51,777.89
5.73,13.47,177.03
3.71,30.9,197.44
13.11,79.43,478.71
22.75,83.83,640.04
39.41,19.25,705.18
23.7,20.74,473.58
38.35,13.25,666.49
37.18,91.76,885.85
3.84,118.84,464.24
36.11,90.01,871.61
41.57,34.37,786.01
38.56,65.1,819.47
20.11,116.37,711.0
20.93,40.63,483.55
32.23,97.88,827.65
5.83,96.35,431.03
16.91,104.85,621.23
15.39,34.6,381.59
2.99,60.42,274.4
11.72,61.04,408.29
40.51,111.89,968.26
47.76,115.73,1118.04
9.93,66.12,399.04
34.41,59.22,747.04
20.48,97.74,647.95
28.56,100.66,769.0
19.01,68.1,543.64
39.38,99.31,933.85
3.35,60.99,284.35
15.91,94.08,566.12
3.73,64.02,298.48
30.56,58.15,675.8
14.34,8.72,293.72
36.82,107.7,928.82
46.51,56.7,910.16
46.02,69.74,964.67
37.75,6.67,646.27
13.22,6.65,269.57
37.31,43.88,753.86
5.96,16.91,186.43
48.06,43.97,900.43
17.43,53.83,467.05
35.34,78.81,827.63
42.94,72.94,912.65
6.32,51.71,298.22
1.49,114.06,415.26
36.64,22.61,658.39
1.01,50.04,214.75
32.6,114.72,876.67
17.14,64.87,505.4
9.97,100.79,499.29
29.09,19.17,539.35
31.42,113.59,870.25
22.21,47.01,527.23
16.77,80.95,529.51
5.49,82.44,386.62
36.41,27.56,682.07
9.14,56.98,359.21
43.87,61.04,886.34
3.66,11.84,141.26
48.63,23.94,847.83
2.48,32.71,186.81
25.52,17.28,486.85
23.31,117.94,748.38
3.24,59.17,278.86
6.0,77.23,368.18
47.43,57.2,930.35
21.08,56.46,519.1
23.43,119.78,758.12
10.93,67.58,414.08
0.64,110.93,396.14
17.58,22.24,380.71
10.02,59.13,380.22
44.87,68.19,936.58
24.23,65.86,611.35
27.32,92.93,728.67
17.72,15.61,367.48
48.49,15.38,827.21
37.44,73.52,840.1
6.44,110.69,484.05
45.0,108.53,1049.26
6.19,10.88,171.53
3.41,70.41,314.84
29.84,109.31,810.92
44.17,87.64,975.19
32.86,96.32,829.09
22.64,113.12,729.76
20.79,49.42,510.04
15.06,60.95,458.24
4.02,101.24,410.32
47.65,39.24,866.07
19.25,59.8,519.83
39.64,21.9,707.42
3.13,79.0,332.39
9.9,55.32,362.57
45.35,93.45,1029.64
14.01,20.0,319.42
19.43,98.15,641.46
0.96,56.88,236.83
44.32,58.55,894.62
42.46,9.11,717.93
0.72,65.15,254.27
20.99,19.13,427.05
36.45,93.01,885.37
16.09,119.32,650.66
48.55,30.8,865.41
14.27,71.24,474.56
41.92,32.72,785.54
43.78,34.09,796.51
16.43,45.71,439.09
25.21,102.18,732.44
14.47,103.24,585.81
43.57,57.17,866.63
7.88,41.97,298.36
34.26,93.48,829.34
34.36,33.21,664.32
28.53,86.88,732.98
4.85,30.15,215.1
30.16,9.65,530.97
1.04,73.07,277.96
16.6,65.97,499.45
13.78,70.6,468.63
19.39,53.53,502.17
10.17,58.88,377.88
22.0,58.84,549.03
22.71,10.32,418.87
12.49,95.26,525.69
31.81,98.3,828.45
6.83,65.4,349.6
26.27,98.15,735.72
40.05,58.61,822.59
26.41,82.91,694.86
12.07,118.45,593.0
41.2,40.0,799.85
43.96,103.67,1017.01
31.11,88.95,799.48
48.77,19.0,847.31
20.75,82.34,604.04
7.09,86.55,419.58
38.38,106.21,960.81
41.55,19.67,729.8
17.03,106.16,634.12
28.2,62.64,662.72
42.97,16.83,755.87
38.92,23.84,700.92
12.3,89.16,499.29
32.94,31.42,635.24
21.01,48.54,509.34
7.72,100.98,473.0
43.56,13.24,736.43
45.17,12.09,762.55
46.45,45.67,884.17
32.62,26.23,625.03
48.66,119.09,1127.81
40.58,102.43,971.68
29.33,68.87,696.57
41.42,111.83,1013.08
9.17,62.89,377.4
18.55,43.24,459.19
22.79,65.98,588.65
14.18,115.73,610.14
28.42,108.68,805.82
35.57,112.2,924.2
27.21,79.16,695.5
4.59,75.34,343.69
25.37,50.23,590.02
48.47,59.81,959.02
0.64,48.99,209.7
45.75,113.99,1079.28
34.57,75.94,795.86
39.34,84.73,892.35
29.69,91.62,771.18
28.5,6.36,501.73
33.18,19.7,613.63
0.7,55.68,230.57
9.49,36.64,301.55
4.37,50.99,266.2
13.08,31.62,338.02
16.33,66.72,491.64
21.58,102.32,679.98
5.48,113.6,472.27
28.54,41.38,601.71
40.44,89.25,947.51
30.63,36.13,609.82
7.4,48.3,305.04
27.85,67.11,664.94
6.47,5.96,162.23
12.46,29.78,321.42
20.12,14.96,394.91
5.19,101.69,427.06
33.96,49.06,704.05
6.44,23.41,215.94
21.41,33.25,475.42
13.13,81.48,494.32
3.37,115.42,441.36
38.77,6.82,659.4
19.12,108.0,666.44
18.33,50.12,469.59
37.42,109.67,935.4
24.65,75.59,641.47
23.66,97.64,694.33
2.51,27.37,172.16
24.6,111.66,762.53
36.34,22.51,679.33
7.77,44.72,297.82
27.96,39.91,598.51
33.88,53.17,715.75
30.63,84.87,761.28
5.25,97.96,424.97
34.34,31.66,665.4
46.02,35.89,852.08
18.52,112.3,657.32
23.28,23.83,470.78
26.17,49.37,594.17
41.88,38.08,792.43
46.33,36.43,851.39
13.68,89.88,523.04
41.77,24.77,761.89
18.67,51.49,479.48
17.24,7.07,327.53
35.32,83.66,814.78
21.99,112.7,714.06
30.38,89.11,770.96
4.62,59.28,296.61
35.98,94.02,875.72
3.07,103.36,407.12
33.2,25.18,624.35
18.27,33.52,433.11
23.48,32.5,491.0
22.61,104.46,710.86
16.33,48.72,438.01
33.13,54.95,716.25
25.26,95.49,712.07
20.79,87.71,621.42
25.71,108.71,767.22
23.51,6.73,419.37
38.79,46.61,765.78
47.33,113.33,1093.59
4.29,31.77,212.51
21.17,70.38,585.43
35.28,114.31,916.95
36.03,12.79,630.86
25.37,65.59,629.57
2.04,23.4,152.04
2.46,93.08,366.8
25.03,33.32,519.64
47.18,103.3,1064.73
26.08,91.96,703.0
21.68,67.84,587.16
28.02,100.19,767.13
3.16,109.0,426.32
7.45,35.3,268.87
49.02,114.28,1124.07
8.22,35.2,274.79
9.64,14.31,233.98
49.62,64.28,991.67
18.28,110.01,648.09
25.14,55.72,596.07
38.37,84.78,875.23
26.18,53.58,589.91
5.83,109.13,463.19
28.69,29.51,580.36
26.76,90.79,712.25
23.39,92.59,697.44
37.79,91.26,896.35
39.06,69.62,833.09
39.06,103.26,940.6
30.26,38.31,613.24
47.1,27.33,836.64
16.03,98.13,577.0
15.56,23.56,353.4
37.22,38.42,726.87
9.34,97.28,481.17
39.11,63.9,824.85
34.63,12.68,603.25
40.53,69.88,872.21
37.09,29.48,703.57
45.58,31.06,823.26
39.77,17.48,703.7
47.28,39.12,875.56
10.05,22.19,264.92
18.16,6.96,343.14
13.34,108.53,571.24
32.52,114.9,881.65
23.44,76.79,631.02
33.4,55.68,723.64
48.13,62.94,960.95
33.59,49.41,709.23
45.92,79.4,969.79
35.95,42.03,717.75
27.18,25.06,530.81
33.44,22.91,610.64
14.42,28.8,354.02
23.69,113.9,753.88
36.92,112.21,930.68
33.93,28.17,645.26
17.63,63.61,510.23
1.26,17.58,121.01
40.44,40.17,775.84
39.94,34.76,757.88
3.56,106.38,423.37
38.62,5.82,649.38
37.81,59.3,809.92
13.92,85.07,502.68
15.13,69.24,486.62
9.89,24.6,269.87
1.7,19.01,131.56
16.72,11.26,332.21
46.79,18.71,810.59
27.86,17.13,528.95
12.54,94.69,510.38
27.52,54.89,615.49
40.4,91.1,938.42
26.17,77.19,670.24
43.38,59.74,885.79
21.62,95.74,670.35
5.71,71.84,345.45
13.49,114.92,602.11
18.61,69.95,535.13
33.88,63.98,750.56
19.38,12.59,380.93
9.1,30.22,276.19
10.66,107.44,535.85
45.73,111.72,1074.94
24.54,59.77,594.42
1.6,43.13,205.38
35.96,19.22,650.93
5.5,16.25,182.23
10.34,45.98,338.54
42.73,21.36,777.46
35.03,68.12,773.31
23.83,8.29,437.72
6.25,48.12,285.62
41.34,113.8,1011.1
30.02,11.14,529.25
36.82,54.95,772.58
3.14,37.06,211.62
7.09,38.01,269.04
4.64,75.82,349.76
37.16,94.46,890.37
8.64,35.66,285.64
43.57,94.44,986.96
3.37,102.64,408.34
39.31,25.53,711.36
38.69,26.27,713.37
12.51,18.72,298.32
23.29,51.31,547.99
28.33,84.74,732.86
15.3,94.7,556.85
10.14,37.07,312.55
8.33,69.74,387.35
47.72,38.83,878.77
45.31,119.7,1083.67
30.62,46.88,658.17
49.8,12.8,832.5
47.9,104.11,1090.78
45.15,73.44,946.45
26.84,104.78,768.77
29.2,97.13,773.68
14.0,81.22,501.87
1.04,26.82,147.22
3.02,10.74,127.05
27.81,25.44,539.66
29.29,11.39,520.53
47.03,19.16,809.76
33.65,98.96,854.96
28.12,68.37,674.95
7.95,116.88,513.9
34.4,10.57,611.01
5.23,81.47,371.46
9.28,51.91,339.88
19.35,102.02,655.11
15.81,80.35,527.28
2.77,99.94,392.05
27.78,100.19,771.45
5.22,106.57,445.9
41.22,70.24,864.81
10.48,57.38,383.65
33.04,119.82,902.64
37.29,17.43,670.18
21.04,53.87,521.53
43.51,60.54,893.23
16.85,92.3,588.73
35.85,88.17,847.62
42.93,102.57,1004.87
1.53,112.0,409.42
7.84,29.34,254.64
21.55,35.04,484.2
11.61,17.22,276.63
35.48,89.97,840.62
18.82,111.02,660.45
47.29,67.18,957.77
48.58,50.27,925.48
42.78,24.63,767.78
3.9,16.24,154.44
48.07,103.06,1085.49
40.26,98.11,938.87
32.33,19.18,588.28
10.95,93.89,502.44
47.56,81.78,1021.88
21.82,37.24,482.9
2.23,35.08,186.97
41.85,88.75,951.53
13.57,71.43,468.97
2.05,107.58,398.29
12.35,102.55,541.76
5.89,111.4,466.12
16.93,52.03,456.86
27.63,72.48,668.42
14.62,49.14,408.71
23.62,73.72,627.72
34.19,39.36,677.49
23.24,113.9,757.93
34.38,57.44,739.75
10.0,109.6,530.94
22.7,62.42,587.17
41.27,6.44,677.64
34.07,14.84,612.13
28.03,103.35,773.79
2.35,76.44,314.54
3.94,13.2,146.64
10.61,60.31,388.69
14.4,30.22,350.02
4.47,83.51,368.05
29.49,29.39,583.69
47.85,66.17,967.21
5.35,57.69,303.11
45.52,58.76,905.52
27.75,23.17,529.05
28.78,90.71,746.91
12.94,65.27,438.87
8.48,63.66,360.55
2.84,101.6,399.62
30.19,25.95,581.64
24.46,81.44,667.04
8.55,94.37,451.66
45.52,41.21,854.34
19.63,76.26,563.96
28.37,15.04,521.39
42.85,67.25,898.33
10.09,77.06,421.29
18.9,79.76,573.65
31.08,22.43,586.31
27.02,91.13,736.87
8.11,110.77,499.29
40.84,43.41,785.73
41.62,42.72,790.22
36.71,24.2,675.18
45.02,47.74,864.74
48.8,98.52,1077.28
22.63,110.83,722.36
12.08,61.02,417.41
16.58,56.52,467.09
42.03,112.56,1022.93
40.35,65.63,863.07
2.7,89.63,360.31
26.68,50.67,597.56
44.83,84.18,983.58
30.7,65.16,709.66
36.38,6.34,606.85
18.64,100.73,640.29
11.82,77.69,467.47
39.41,51.2,810.64
8.55,53.47,338.87
28.65,22.92,552.35
36.39,78.14,817.92
35.82,71.87,805.76
39.91,71.18,865.34
49.71,9.5,828.58
41.4,99.16,963.35
43.7,53.6,867.09
8.61,89.65,451.26
15.15,30.35,368.0
48.95,55.52,965.94
42.25,116.33,1041.76
41.98,47.17,818.26
10.4,97.27,495.76
40.31,115.05,1000.65
2.58,37.88,203.01
49.47,110.28,1136.86
9.32,82.51,433.89
4.93,70.49,336.46
20.45,67.73,561.82
19.48,107.07,653.15
15.65,105.15,608.16
14.68,98.05,553.82
42.26,98.04,964.4
32.01,115.34,884.91
32.6,114.99,891.35
36.06,99.21,884.34
35.68,60.24,769.38
21.17,114.45,712.29
2.95,6.63,115.51
12.77,84.74,495.66
27.57,38.44,576.65
27.04,56.77,624.7
14.83,116.6,622.9
26.32,27.27,533.64
32.63,114.67,885.52
4.2,101.98,413.12
6.33,79.03,379.68
10.18,20.66,264.72
2.51,116.66,442.55
18.23,9.9,352.6
34.93,9.46,595.64
33.71,107.66,880.06
47.81,65.69,958.88
38.61,114.96,974.41
22.19,96.27,675.74
38.05,29.74,714.46
37.7,21.61,676.09
41.34,105.64,989.79
34.56,117.23,922.59
26.48,21.74,509.7
33.09,96.95,840.94
5.1,73.01,343.76
40.02,21.79,702.67
30.56,53.79,681.35
12.92,34.19,344.99
13.85,19.26,314.14
5.16,67.27,331.98
28.06,55.66,646.89
31.88,108.71,849.42
28.74,65.28,678.07
22.88,70.41,603.17
24.27,98.98,711.54
26.77,12.8,488.06
26.97,73.0,680.19
35.93,81.6,837.54
42.53,51.5,839.09
6.98,74.99,384.64
16.13,35.24,394.59
43.45,75.82,931.58
37.76,32.05,708.58
48.4,47.88,918.35
30.66,64.52,705.57
49.61,51.96,953.85
2.58,106.77,407.43
5.97,70.78,348.52
42.31,73.28,915.79
20.06,42.42,479.59
18.52,41.86,449.64
47.52,36.37,869.11
17.99,119.03,679.74
20.55,80.31,593.18
30.08,114.05,831.11
14.48,33.45,367.09
28.4,19.58,534.38
25.8,26.73,516.27
5.1,101.16,431.7
20.4,99.31,653.93
22.55,69.16,583.93
20.38,62.13,537.61
34.38,87.14,841.47
37.57,59.16,793.07
26.47,69.35,659.62
32.22,119.83,892.21
30.81,91.65,791.12
37.23,79.43,868.16
36.62,102.84,899.33
6.8,36.97,267.25
20.09,32.47,444.17
2.14,101.89,380.86
26.78,19.14,504.81
20.17,91.46,632.35
23.64,47.43,551.0
41.66,24.93,753.96
14.66,27.75,354.32
25.87,29.88,525.75
16.04,107.17,615.37
10.68,106.75,524.54
24.12,47.46,549.75
10.49,43.91,341.86
41.13,92.03,948.0
0.77,54.06,225.59
40.82,107.39,991.04
29.71,119.78,863.77
6.09,22.13,207.65
29.72,19.28,550.44
29.51,117.91,851.91
42.51,46.79,835.67
27.68,23.8,533.59
16.73,81.11,546.84
35.64,36.14,687.33
20.2,112.58,696.19
26.06,29.51,533.05
29.77,93.79,757.57
49.12,15.6,824.68
16.52,98.74,600.68
37.19,9.6,649.68
47.4,27.0,840.0
35.27,31.62,669.75
2.97,11.6,128.57
18.94,24.9,407.16
17.54,56.12,477.42
24.02,98.77,711.88
49.33,69.09,1016.79
24.57,23.95,485.45
23.24,117.6,741.15
47.38,49.69,917.82
19.81,75.91,565.0
23.62,43.24,537.04
37.02,19.09,658.16
15.65,43.33,416.78
49.53,72.83,1014.43
49.17,25.4,876.53
30.44,96.7,803.15
30.24,100.04,805.83
9.2,35.14,296.8
21.61,77.16,604.52
20.09,97.66,646.95
29.11,51.37,632.42
35.4,8.27,603.15
39.75,40.08,774.04
9.8,49.79,348.61
20.35,112.85,700.35
20.73,45.34,493.48
23.4,103.9,710.86
24.07,60.27,587.75
11.51,70.32,431.38
29.79,30.32,595.65
38.14,41.77,732.73
13.93,89.0,532.05
10.94,93.66,495.3
8.52,72.25,392.39
31.03,63.28,703.2
24.56,73.14,647.26
6.98,87.22,411.74
29.2,60.94,668.22
15.12,31.89,370.05
47.73,110.3,1081.26
45.6,91.18,1009.79
2.42,61.43,268.81
2.97,58.31,269.91
0.6,10.39,89.91
24.22,83.89,675.21
23.98,12.35,451.82
6.31,86.26,403.25
2.79,119.2,444.21
46.36,77.07,984.05
29.01,54.35,649.84
18.62,103.21,627.38
1.93,65.96,276.56
29.95,41.42,623.21
48.01,75.87,1005.9
11.57,69.66,433.05
27.37,14.44,504.81
44.46,117.99,1075.16
24.24,97.42,708.42
12.74,6.59,261.02
9.7,19.72,252.66
11.4,16.07,268.89
24.59,35.68,521.28
26.09,19.96,500.92
5.42,40.65,253.98
47.98,57.92,947.0
15.97,116.65,636.86
36.04,6.74,613.26
5.99,60.61,319.1
30.08,87.29,771.96
37.89,50.5,774.57
21.53,81.04,618.14
12.15,91.38,503.32
34.79,68.52,797.64
38.39,103.72,931.14
48.82,79.72,1031.45
16.51,9.9,327.43
11.76,61.48,411.34
20.18,114.41,672.84
39.83,49.95,784.64
10.23,93.37,482.64
14.81,9.51,304.0
10.67,43.28,342.88
38.61,24.0,708.98
2.63,58.89,269.23
27.17,112.09,788.55
3.53,46.82,241.01
29.36,9.62,517.96
35.78,9.31,607.27
7.09,87.94,419.53
38.83,90.01,891.59
49.83,117.39,1140.9
29.8,29.04,584.87
38.92,13.91,664.71
34.54,16.86,619.38
49.49,91.59,1080.03
25.11,21.24,485.46
45.31,31.46,824.94
43.34,39.95,814.09
35.52,65.4,771.09
5.82,20.76,196.54
42.66,70.81,892.0
9.74,8.26,221.56
42.43,94.99,965.51
39.6,35.01,748.77
3.14,50.33,243.75
17.83,79.42,553.03
2.38,94.23,369.34
26.64,66.48,648.75
10.21,83.27,454.54
40.88,62.77,852.72
20.66,8.94,394.26
9.1,60.17,371.07
5.87,10.76,169.76
4.81,82.98,377.49
8.27,64.38,371.72
38.5,83.65,870.3
43.6,65.51,899.24
44.54,55.45,877.61
21.2,75.64,588.64
38.56,32.9,723.24
46.76,23.85,818.36
17.61,60.87,502.33
6.09,17.42,193.95
16.16,52.52,443.82
42.65,101.22,977.57
40.37,91.86,936.98
33.86,87.45,832.86
45.61,78.04,964.29
21.89,86.63,636.83
14.45,18.81,321.4
43.21,99.25,991.27
30.86,67.93,714.05
21.22,49.18,515.5
47.5,46.2,905.53
7.79,115.71,517.15
31.73,73.6,744.93
39.89,86.35,900.12
5.78,96.82,425.01
11.58,95.3,509.38
36.8,26.66,676.2
25.35,119.86,791.02
46.96,119.22,1104.91
44.71,107.95,1062.61
7.65,94.17,448.74
38.95,64.36,842.49
16.4,34.78,391.77
26.46,34.98,562.74
29.73,81.14,742.15
37.93,24.48,701.27
6.49,25.66,224.76
23.04,92.65,681.47
6.64,5.71,164.91
15.71,116.96,631.31
28.6,72.75,689.64
48.96,116.93,1154.05
38.58,29.34,711.61
2.44,108.95,422.39
48.07,109.35,1092.83
47.81,17.24,810.27
29.37,60.84,674.82
16.25,53.07,448.3
10.96,76.84,449.84
42.04,59.34,865.4
28.57,107.98,796.33
39.09,7.61,661.91
42.45,95.65,974.47
40.1,70.15,864.77
17.32,39.06,427.3
7.61,70.26,372.08
31.43,55.84,687.39
43.99,57.68,872.55
17.47,77.42,540.13
12.21,61.86,419.66
18.63,41.8,446.8
17.7,93.97,594.67
25.76,105.38,751.16
26.99,103.0,751.13
28.17,34.06,571.35
41.79,70.09,887.66
32.76,28.11,634.04
31.17,102.45,845.69
38.34,67.89,826.4
24.88,79.68,667.51
22.32,46.56,526.02
10.03,20.9,260.95
9.52,84.18,442.74
29.87,5.88,522.95
42.3,36.19,793.18
16.81,70.27,512.84
42.28,94.23,975.09
19.75,62.5,531.75
30.82,13.16,559.89
43.74,45.67,858.67
12.49,59.8,419.27
7.34,45.01,300.53
3.66,90.02,384.75
22.22,62.81,577.48
35.66,60.63,767.4
4.05,114.63,458.38
7.77,95.21,459.83
25.91,11.78,474.89
19.06,76.38,566.57
30.51,37.94,621.93
2.65,95.67,377.73
24.38,104.01,734.12
12.4,50.85,386.05
34.58,26.68,648.81
16.99,52.67,460.18
17.37,36.55,420.97
0.58,84.54,310.35
40.0,9.51,675.14
45.06,83.99,973.23
47.52,76.17,981.01
30.63,80.1,740.31
7.97,84.04,421.08
44.26,39.52,834.54
13.23,49.87,398.07
18.49,8.75,348.41
6.87,86.7,413.35
38.41,107.22,944.92
6.56,45.66,284.19
6.64,80.13,386.94
31.27,7.64,544.67
22.0,37.81,501.72
26.92,88.51,706.52
17.08,13.01,349.48
27.97,96.15,740.74
2.69,118.63,450.76
18.98,61.08,508.88
16.63,86.9,554.56
29.01,116.46,818.39
32.27,16.15,577.96
37.14,56.39,762.61
33.13,101.54,853.65
37.41,99.27,905.66
47.83,40.6,874.97
16.69,42.93,427.08
43.55,12.23,743.42
38.38,85.2,870.15
2.81,57.19,266.44
16.58,84.77,556.06
9.79,19.72,256.55
40.94,66.26,868.27
8.16,48.32,315.25
13.52,16.34,299.44
42.49,23.34,753.88
23.14,58.23,577.79
35.8,89.1,864.88
0.91,63.05,254.41
26.44,32.52,536.34
23.87,18.62,475.35
22.05,93.14,657.8
48.39,105.26,1063.39
46.47,13.93,778.51
20.51,83.17,610.57
29.16,63.16,680.72
41.14,112.17,1013.41
35.74,50.47,732.4
20.13,90.11,616.88
2.49,98.64,383.26
20.28,17.96,414.72
14.84,17.61,325.56
12.72,7.08,265.55
26.43,91.49,715.68
49.76,70.41,1014.46
16.93,50.17,454.37
37.79,52.08,764.82
43.41,59.83,883.25
3.22,12.71,137.23
40.11,46.03,792.19
49.17,98.01,1078.72
36.39,5.11,613.08
20.77,7.24,380.53
37.17,53.16,763.85
1.81,78.13,318.03
39.51,22.94,717.83
16.04,62.55,466.11
36.06,87.16,852.73
20.33,32.61,453.72
12.58,22.36,308.45
14.97,107.6,605.01
27.84,12.94,507.92
39.03,28.2,718.46
12.8,78.23,474.86
26.51,107.39,775.81
38.65,107.52,961.4
6.14,75.86,365.58
15.55,85.67,542.47
35.57,103.57,886.36
34.51,65.13,757.68
34.03,88.32,833.05
19.93,118.73,700.36
15.52,16.44,331.34
17.3,19.71,374.04
3.84,69.76,315.87
2.67,106.73,410.18
38.58,73.18,855.25
17.36,33.19,408.28
46.05,117.2,1109.01
10.91,69.52,426.82
34.7,74.85,795.92
34.11,49.79,710.49
8.15,67.65,373.65
0.95,57.86,235.6
22.51,103.27,692.95
32.94,23.39,618.98
22.24,59.11,560.92
47.1,20.62,810.99
43.36,11.25,741.89
49.52,93.39,1083.3
46.19,17.99,790.48
45.72,46.42,873.85
48.09,51.79,935.4
6.13,44.21,277.78
21.74,10.7,402.07
10.46,7.21,230.49
10.07,65.73,394.74
35.23,68.1,767.41
27.54,64.01,650.36
9.78,91.48,470.44
37.94,85.19,863.94
21.89,95.73,660.17
44.83,21.33,798.2
18.24,85.25,577.17
28.28,6.36,497.17
18.86,43.06,461.66
20.67,23.58,427.78
13.54,117.03,598.89
2.96,9.82,123.89
19.76,104.55,657.24
38.83,91.51,916.72
24.41,51.5,567.39
17.27,98.46,599.44
27.87,28.11,552.34
33.48,99.17,841.87
39.97,99.78,959.23
22.51,24.33,459.92
20.17,44.1,492.7
33.02,30.86,630.86
16.14,73.47,513.79
9.36,102.83,496.15
20.38,30.39,449.67
9.01,100.12,494.95
22.94,22.51,459.88
48.42,55.81,946.62
36.55,56.98,773.68
14.82,83.48,519.05
13.24,32.73,351.4
30.87,12.44,549.39
36.83,71.67,805.22
28.03,47.77,621.51
4.53,102.11,429.22
10.09,81.31,450.69
11.99,84.07,477.53
45.36,17.03,777.92
38.21,16.7,668.57
25.69,26.62,516.91
43.4,51.17,864.03
21.94,52.28,535.03
22.98,103.88,718.69
36.16,112.81,939.18
41.96,111.64,1002.67
10.57,103.65,516.22
41.61,79.8,911.91
36.84,33.59,700.33
31.39,67.42,724.39
13.21,107.9,571.3
27.28,15.56,508.2
41.63,78.39,914.39
35.72,109.31,902.17
7.51,56.22,332.12
40.88,97.6,960.07
3.55,87.82,368.75
26.19,88.54,690.46
6.74,109.1,466.79
19.04,71.97,548.51
43.59,29.1,781.53
10.7,34.96,317.68
9.18,84.58,453.06
45.42,27.87,822.01
16.78,76.05,539.09
10.89,100.9,516.32
16.28,106.36,610.99
25.22,97.29,718.56
44.08,88.52,982.34
5.85,16.95,188.35
25.01,107.49,757.6
45.24,17.96,788.92
41.08,87.92,927.51
5.55,76.44,358.24
38.81,40.88,757.01
31.22,46.61,658.47
15.68,13.2,322.03
10.33,76.17,429.3
46.99,60.33,932.81
6.0,93.41,421.22
35.43,11.29,616.34
27.74,49.16,616.94
36.4,25.75,683.34
22.14,54.69,544.88
35.19,83.02,822.12
31.58,94.07,811.08
32.08,80.25,762.06
29.93,30.48,587.16
27.09,17.46,518.14
18.49,117.26,693.72
47.72,106.93,1104.96
28.65,35.93,587.47
5.18,74.72,354.8
18.69,23.15,399.32
35.7,54.38,750.09
41.48,85.6,927.71
13.36,87.06,506.27
27.46,44.12,589.77
11.08,87.05,475.75
30.69,45.89,647.64
39.82,94.84,943.54
42.48,102.72,1006.65
38.96,24.45,713.51
15.36,16.99,333.25
47.38,82.47,1001.71
44.36,41.57,836.42
44.76,96.78,1021.28
49.19,100.14,1078.49
43.78,70.69,916.61
42.98,49.52,836.89
37.4,53.24,773.3
28.37,97.14,762.87
36.61,110.62,916.89
14.87,76.61,503.59
44.69,113.07,1064.11
46.5,92.22,1014.92
11.52,34.41,326.41
2.15,16.72,131.71
8.89,11.26,216.55
21.12,99.45,659.52
35.27,91.69,861.06
27.38,97.81,755.3
24.25,97.6,701.58
6.83,29.45,242.33
4.62,90.49,391.1
10.67,17.13,265.16
41.44,77.99,889.26
24.84,37.85,541.42
6.15,21.84,206.21
36.13,115.52,941.03
12.34,7.96,256.57
41.7,63.49,880.65
21.46,26.26,451.83
23.55,38.08,522.48
5.16,50.66,275.57
27.56,86.63,729.44
49.62,112.8,1136.01
38.33,83.89,876.96
33.35,52.49,703.96
19.55,67.39,544.09
20.25,80.11,596.55
9.71,101.01,492.71
36.25,37.12,714.6
38.84,13.13,661.27
40.93,91.57,934.06
42.17,79.93,919.68
34.06,8.58,594.81
44.1,83.75,966.25
14.68,36.38,381.2
40.08,26.24,725.62
40.18,60.72,832.39
13.0,74.24,468.47
25.32,5.74,445.66
16.3,91.27,569.47
4.39,45.69,253.66
15.26,20.83,343.91
7.65,59.0,340.53
48.8,33.44,878.13
30.24,43.99,637.03
35.13,54.78,744.4
7.41,98.66,448.74
37.66,67.67,823.68
31.91,37.75,640.45
40.43,78.03,889.27
33.34,9.19,579.37
28.05,31.58,567.65
40.57,87.25,915.66
1.05,37.76,181.54
37.9,77.2,841.43
39.56,54.14,799.97
21.64,54.75,539.23
30.77,48.46,651.83
7.13,85.62,410.61
31.32,71.61,718.31
38.55,111.03,966.34
22.28,52.05,542.93
28.13,118.62,820.0
29.42,38.19,607.68
36.31,19.79,654.27
17.49,39.35,431.78
40.6,25.27,742.38
45.45,11.71,768.45
20.64,12.91,399.98
39.36,61.66,816.26
25.51,68.39,628.87
41.0,93.75,953.55
38.01,82.92,876.72
43.47,69.11,926.59
8.72,94.35,464.76
46.84,39.07,866.42
38.41,69.36,835.0
33.85,21.44,618.31
34.4,73.21,791.65
32.86,10.78,579.87
24.0,52.02,569.79
17.46,111.71,652.28
46.32,45.11,889.3
31.69,83.9,771.06
5.37,63.86,321.53
8.97,13.39,227.12
43.69,58.45,875.02
11.57,19.93,284.3
19.53,84.75,594.76
27.17,50.39,606.54
42.09,98.31,968.4
1.9,21.13,140.81
32.36,69.71,753.37
32.78,11.18,576.58
42.41,96.1,971.26
12.43,106.18,553.83
23.43,12.79,437.33
29.2,69.33,705.13
17.08,66.28,502.7
3.25,42.11,229.3
5.4,96.68,422.14
45.06,37.32,832.31
26.41,96.73,740.39
19.63,8.02,372.93
5.86,8.41,163.36
40.55,35.72,759.97
5.28,75.67,355.38
27.84,38.63,570.7
34.91,104.14,877.86
38.37,5.51,641.07
42.66,32.25,779.61
44.01,17.65,762.09
16.63,21.98,360.88
31.79,115.82,863.41
35.73,21.47,659.12
29.21,58.99,673.93
6.37,66.27,341.69
42.79,28.2,783.01
38.74,37.58,734.63
18.31,90.09,600.61
8.36,52.3,328.19
34.59,57.89,742.11
14.77,16.65,320.59
0.95,10.23,94.17
1.83,58.62,253.66
32.49,12.31,570.09
18.42,59.26,502.87
17.21,71.27,512.73
19.79,55.72,518.61
19.09,92.47,621.22
44.25,107.06,1025.46
22.89,34.51,490.88
39.63,86.8,908.51
39.88,54.82,805.12
34.54,60.99,752.08
25.71,102.4,744.32
18.08,56.34,497.75
17.86,22.43,390.43
48.57,57.41,960.63
49.87,26.52,871.39
26.0,102.23,762.28
46.99,57.2,925.92
49.77,45.65,916.5
31.17,80.56,762.05
20.94,62.54,549.4
32.32,52.21,695.01
17.67,54.92,470.46
5.87,102.15,441.03
39.61,7.26,664.83
30.17,85.81,757.68
6.14,119.23,498.53
37.88,40.96,750.04
23.15,36.2,499.08
3.33,95.14,384.62
3.64,18.64,160.94
21.01,39.43,483.04
10.59,12.7,245.03
33.07,70.84,754.48
7.22,46.42,300.21
39.05,32.8,729.44
49.33,116.24,1133.59
33.07,29.7,638.06
37.6,103.95,939.32
16.26,110.08,624.83
34.39,52.27,729.39
32.93,68.13,739.54
32.76,115.01,876.01
10.48,50.14,356.66
49.71,82.99,1046.89
45.58,101.38,1024.26
43.63,83.23,950.22
5.8,46.35,276.37
21.21,31.95,463.04
26.13,9.84,468.01
46.57,48.37,888.76
29.43,62.84,671.37
6.48,14.37,192.05
10.07,60.53,381.19
1.95,77.17,306.06
43.97,10.47,735.88
14.72,9.64,296.54
5.78,109.93,471.23
40.92,105.62,979.09
2.44,80.04,331.68
25.47,96.54,737.81
48.42,100.33,1076.78
34.69,52.79,736.68
18.33,107.96,650.66
41.97,46.44,824.0
21.97,99.42,674.59
17.99,50.8,471.75
8.15,44.57,311.38
8.02,91.54,442.89
24.05,88.1,666.65
41.82,70.8,895.66
39.32,15.81,676.87
43.11,114.19,1047.9
3.26,88.29,362.94
12.96,88.7,509.06
14.98,73.55,485.86
27.2,18.59,521.02
43.87,28.81,794.89
30.89,34.59,623.56
11.51,61.43,404.78
22.29,36.16,484.93
14.94,116.88,632.15
2.76,5.22,107.39
26.2,100.08,754.76
7.4,117.54,521.05
26.72,16.8,497.58
21.2,86.83,627.58
16.51,41.01,419.02
23.62,64.44,620.0
2.87,59.54,274.35
16.83,27.02,378.99
38.79,29.1,716.74
37.96,34.85,731.21
32.81,29.44,627.32
23.79,51.91,567.6
22.29,102.37,679.7
6.95,82.61,399.24
4.67,12.04,157.98
10.35,115.08,556.46
39.5,83.94,889.71
23.05,105.07,721.53
1.76,97.28,362.25
16.62,74.81,511.33
33.95,23.49,621.54
39.2,67.71,861.61
21.76,65.83,578.16
15.94,9.3,316.95
33.27,74.44,763.16
23.06,96.93,687.22
42.94,100.89,1017.85
27.8,69.54,680.68
44.31,29.07,818.32
38.38,92.62,893.24
6.3,30.52,235.49
0.63,27.98,144.4
48.49,40.62,912.46
32.51,48.42,687.96
21.81,101.37,676.8
18.59,71.34,537.94
18.64,99.88,631.03
21.66,40.7,480.0
36.38,31.4,691.99
5.56,7.07,157.6
8.89,92.52,466.55
25.34,8.77,454.3
42.38,112.67,1040.29
31.73,70.33,744.69
14.96,81.88,522.84
25.11,30.19,525.62
27.46,19.75,527.07
46.44,48.79,904.96
20.29,52.58,517.82
39.01,30.04,703.32
21.99,63.09,572.11
3.29,72.38,313.76
10.51,5.97,224.0
40.96,51.9,805.34
45.81,101.89,1038.41
12.57,46.36,376.21
29.38,19.27,562.0
33.21,68.26,760.28
41.35,78.78,908.53
22.09,29.11,470.8
1.02,15.4,110.87
37.23,49.4,752.0
16.56,11.02,338.97
43.95,62.83,904.7
0.88,12.51,100.06
38.64,17.4,678.9
8.46,81.68,423.66
17.49,11.53,349.04
17.15,48.32,447.02
34.06,68.05,770.56
45.12,96.67,1020.24
32.83,104.14,845.75
32.23,21.18,601.52
45.64,107.53,1043.11
18.28,100.53,606.58
17.87,82.99,572.53
30.18,48.09,642.98
29.43,50.12,650.44
6.29,23.54,217.28
23.69,42.44,535.55
17.16,73.73,525.83
33.9,44.58,694.98
29.11,103.34,800.13
2.4,110.96,416.62
10.48,96.36,495.3
31.86,80.76,766.39
35.09,45.35,706.71
28.51,67.93,694.07
8.82,102.36,487.9
21.12,58.46,544.21
27.67,7.56,490.44
7.54,108.11,489.37
42.62,67.36,883.6
24.71,63.33,606.54
32.77,97.19,833.11
2.42,10.96,120.25
13.79,75.61,478.97
42.6,118.27,1038.79
1.32,15.28,113.19
39.22,80.24,878.94
3.89,67.66,312.03
24.03,111.68,744.9
1.99,16.88,131.65
27.46,99.78,759.25
14.53,17.82,323.75
43.64,57.32,865.42
10.08,78.33,437.55
5.56,98.28,422.49
40.36,67.24,857.75
5.54,105.02,443.09
42.58,22.95,765.82
20.14,22.59,424.42
7.04,90.04,427.84
43.36,73.21,907.63
48.71,79.23,1026.94
15.89,116.73,635.7
24.15,114.62,749.24
32.15,81.9,784.97
34.57,100.75,873.96
17.98,57.09,490.51
40.81,110.64,978.49
30.12,27.63,584.78
3.26,110.73,438.62
30.66,56.91,658.68
22.5,110.24,714.4
14.94,80.97,520.04
28.77,93.11,768.02
44.07,93.15,1000.64
12.52,105.38,557.53
41.3,13.52,708.22
38.68,62.51,817.44
3.82,38.71,224.35
21.8,73.07,596.52
24.43,101.22,711.46
15.47,56.69,459.25
41.89,82.7,914.15
23.52,78.35,632.39
16.33,56.02,461.03
22.24,89.82,652.02
4.78,8.84,149.15
0.7,112.88,404.67
9.36,73.36,405.72
40.77,103.68,967.99
17.75,116.24,666.52
10.04,57.2,368.14
16.52,26.79,375.85
43.92,25.06,788.38
47.66,74.05,988.6
13.91,33.51,357.84
28.55,39.18,591.64
32.69,52.98,700.45
1.69,90.22,340.81
26.35,113.87,789.15
15.4,47.91,422.62
17.75,46.17,453.13
42.41,106.41,1004.86
2.46,94.24,363.9
30.89,63.26,709.48
31.97,59.67,713.85
29.62,24.5,556.67
4.19,7.41,132.72
28.61,56.69,643.4
20.01,101.98,666.01
19.4,94.34,631.87
8.03,51.23,323.77
35.02,40.96,692.51
1.82,86.33,338.55
0.86,40.92,184.02
31.25,105.18,831.66
36.07,66.82,804.1
40.76,93.79,932.63
31.72,81.36,765.59
10.59,53.48,375.42
5.58,110.92,471.44
2.19,116.89,428.56
22.58,84.92,636.1
8.4,34.32,279.95
10.58,68.26,407.69
18.61,46.68,462.96
20.51,111.4,696.85
37.89,49.08,770.91
40.48,103.99,957.75
28.43,64.43,664.26
42.68,13.5,734.75
30.35,72.81,724.99
47.03,12.58,782.82
29.15,42.82,617.82
13.8,114.93,602.56
43.6,74.81,933.5
40.27,42.57,784.78
40.72,41.05,780.87
28.83,84.69,740.86
21.58,95.04,659.45
30.31,44.25,635.14
39.38,100.01,952.32
32.28,44.4,659.82
48.47,44.84,898.2
1.09,15.54,114.63
12.0,98.4,536.15
47.22,21.91,812.79
43.16,48.61,852.95
44.98,45.08,847.1
38.19,7.21,653.97
28.02,112.85,820.08
46.96,44.34,900.15
42.27,53.07,841.46
17.78,99.37,606.7
7.21,67.44,354.29
16.66,72.92,527.03
14.25,24.78,336.95
35.3,49.17,731.89
24.46,22.53,484.96
21.62,60.03,550.54
17.67,10.75,349.4
35.25,90.55,867.08
37.62,35.85,706.02
30.54,115.85,850.48
14.87,64.7,468.21
4.1,82.81,362.96
25.25,84.6,684.9
9.51,5.33,206.36
32.4,21.19,584.65
11.13,96.81,505.2
42.5,77.43,920.43
9.74,33.99,304.11
40.36,46.24,808.28
27.69,71.99,676.12
20.86,43.97,495.33
49.64,58.55,963.53
46.0,75.32,939.38
19.76,109.95,675.34
19.97,116.14,699.69
27.28,54.65,620.26
31.75,9.45,547.81
4.62,5.62,135.33
42.61,26.3,763.9
33.23,18.61,595.94
20.73,103.5,684.92
8.8,73.45,404.61
49.18,5.24,810.21
44.28,75.55,940.78
38.49,25.99,704.6
34.08,21.06,626.27
2.18,15.45,130.78
43.26,8.8,729.53
11.07,30.79,303.0
38.91,38.46,732.53
46.3,93.12,1038.44
28.75,106.18,802.58
42.99,68.3,900.42
46.18,44.38,868.21
44.82,33.53,827.27
47.48,6.95,776.28
38.66,61.57,818.27
45.53,87.23,990.25
5.28,102.81,439.0
11.68,104.7,536.97
46.47,101.57,1043.28
3.19,56.53,268.22
5.7,56.62,302.95
25.64,103.93,746.51
25.76,88.58,706.32
10.03,113.2,532.0
20.21,30.47,449.81
20.69,100.22,657.23
3.31,63.21,290.09
36.64,81.42,855.57
46.92,16.6,808.03
12.36,45.78,364.1
43.13,114.31,1050.62
3.97,85.46,358.86
29.52,50.35,636.23
12.12,77.35,471.43
41.76,100.61,971.17
2.2,45.91,220.81
43.32,98.72,993.17
40.66,45.46,789.61
6.7,45.67,288.63
5.18,42.93,258.18
13.43,117.96,604.76
43.15,106.74,1031.4
1.12,114.32,405.86
26.51,46.21,596.38
14.03,38.48,377.73
23.67,82.04,644.56
16.46,61.02,485.67
27.33,79.68,688.42
15.2,40.41,404.8
32.45,54.81,715.52
46.49,19.52,801.49
22.66,66.99,596.27
46.06,101.3,1059.05
43.32,5.31,726.51
9.48,91.42,466.82
0.95,71.14,277.05
37.1,66.0,813.63
32.54,64.42,740.34
5.09,72.23,342.74
6.18,69.72,356.54
18.8,64.84,524.71
6.18,30.65,236.81
32.5,101.25,845.65
30.48,98.17,790.68
23.53,62.45,589.77
31.29,55.52,684.03
2.22,25.13,158.52
22.72,53.01,552.49
34.33,44.46,695.08
39.95,118.76,998.48
49.65,20.86,846.18
4.32,64.91,307.0
14.86,53.18,432.18
41.2,86.4,924.88
15.81,58.27,464.82
0.87,28.84,150.91
0.7,77.27,292.02
44.03,17.36,763.68
40.3,17.81,707.18
41.61,67.35,880.04
19.9,74.13,577.61
31.99,93.11,813.13
49.49,94.53,1086.59
45.58,41.74,849.83
22.27,115.56,720.41
4.14,62.32,300.23
2.04,57.34,251.54
20.04,15.6,402.11
7.3,118.1,511.37
3.39,38.25,214.23
24.28,26.47,499.68
35.92,25.65,666.64
27.63,112.35,810.98
38.76,90.46,894.54
14.41,6.74,288.58
44.74,90.0,987.06
24.26,61.8,594.18
29.98,59.3,683.17
20.2,105.82,672.6
11.37,18.96,275.39
49.26,48.82,929.25
32.75,85.05,784.57
22.19,59.48,559.64
47.72,70.39,977.67
7.68,49.2,314.17
39.72,53.49,809.29
41.59,66.38,859.71
37.43,79.24,836.53
44.22,36.71,824.47
13.01,34.65,349.09
16.71,65.02,491.14
22.93,64.78,593.61
26.94,28.97,537.87
45.14,17.59,786.78
4.11,108.67,442.73
16.16,90.2,564.15
48.63,75.24,987.3
15.17,57.71,448.0
45.58,104.76,1067.97
7.77,95.27,451.64
12.29,6.1,253.62
6.23,115.51,482.39
13.7,23.87,322.21
25.69,88.17,696.24
40.27,112.13,991.0
22.3,47.14,521.98
32.4,93.57,808.38
16.94,44.06,430.79
46.4,86.13,1002.51
21.96,19.06,436.34
39.95,8.84,683.86
14.05,76.54,481.13
10.46,39.71,325.67
37.25,26.13,676.81
38.27,28.19,721.72
13.87,50.85,410.0
21.09,118.86,713.86
29.9,12.99,543.05
43.4,115.61,1046.68
44.76,25.27,791.4
8.76,115.75,530.76
47.22,23.05,831.1
22.03,96.78,668.88
20.1,89.68,625.82
16.62,65.16,493.69
26.33,79.62,690.76
7.48,107.77,478.82
7.64,101.63,464.52
16.71,116.1,657.29
10.15,88.14,467.42
44.02,68.19,915.7
8.04,30.47,260.4
24.08,104.8,720.84
1.64,32.43,173.65
15.23,48.99,426.57
18.98,38.77,455.61
42.24,110.52,1028.37
45.07,67.12,922.26
29.72,110.62,822.46
26.76,112.61,786.27
39.92,106.13,965.1
22.68,16.78,433.84
23.37,61.18,582.05
23.18,76.29,620.67
17.18,47.37,457.11
3.97,41.99,234.01
35.86,118.68,935.28
46.22,99.49,1039.81
30.27,40.17,634.78
0.66,45.67,199.93
43.03,115.71,1036.05
17.91,115.1,652.53
2.18,66.12,284.49
29.45,34.01,594.68
9.21,87.94,454.71
25.21,59.42,605.34
24.8,94.79,707.53
33.19,5.62,568.62
18.36,45.32,463.1
16.38,89.52,566.34
49.8,38.97,904.55
31.92,109.26,854.03
5.15,79.29,367.55
47.37,63.42,961.34
21.52,83.31,621.93
19.74,48.37,491.16
3.58,71.97,319.65
27.53,70.29,666.11
1.54,10.34,104.01
47.19,66.16,941.75
32.78,48.32,674.89
39.92,34.89,757.91
13.38,81.08,493.05
18.55,59.19,506.31
25.45,79.82,665.89
36.97,96.68,893.9
48.58,66.27,987.21
25.75,76.64,662.65
45.34,29.42,812.57
12.03,63.65,411.86
43.35,101.57,995.22
45.34,101.84,1040.33
9.15,44.2,321.01
34.34,111.16,888.76
47.26,92.44,1042.69
35.97,92.69,875.99
21.51,109.37,695.5
28.1,77.67,707.54
41.09,28.66,765.24
27.31,75.63,687.58
19.76,19.83,404.79
19.66,16.3,393.37
7.33,33.99,264.51
36.37,95.4,879.6
10.07,19.15,260.05
24.06,93.67,689.1
24.45,40.84,539.37
34.3,65.2,760.8
31.81,64.83,724.8
15.89,77.52,527.31
12.22,47.28,371.6
29.39,77.28,731.58
16.26,107.65,623.24
1.98,26.67,160.04
14.05,27.9,342.67
24.29,76.19,649.35
49.6,103.92,1128.73
12.32,92.25,507.78
2.95,96.96,385.59
27.48,70.7,677.92
35.81,111.69,920.34
5.41,72.13,344.43
17.64,29.7,405.03
49.23,67.49,1001.98
33.15,44.94,673.52
49.7,98.03,1107.86
35.67,24.99,653.13
43.97,99.99,1001.64
7.24,25.76,237.58
5.1,113.13,460.62
1.36,38.63,187.76
22.28,7.3,410.93
11.81,60.76,405.14
44.44,8.26,737.5
27.29,31.55,561.14
29.16,89.03,750.09
28.59,52.93,630.55
15.01,56.94,441.42
30.73,59.86,683.09
34.02,101.31,874.58
43.41,108.03,1044.04
38.14,73.48,837.14
30.34,21.02,563.26
9.61,109.81,509.81
45.98,5.87,767.34
42.1,39.11,787.71
26.39,97.96,747.95
9.47,81.35,436.3
38.5,56.39,804.42
23.28,37.64,502.28
9.79,19.0,254.65
17.68,108.39,658.34
3.19,64.78,294.55
33.55,22.33,616.97
37.58,114.0,965.17
8.17,21.14,236.24
33.5,65.07,746.57
38.81,102.74,947.77
23.34,61.08,582.71
47.15,89.49,1004.68
45.81,6.03,760.89
16.39,113.8,652.3
26.86,50.7,604.79
33.43,93.14,840.64
4.6,67.97,317.22
37.51,72.3,826.5
24.84,15.06,470.83
35.15,55.93,736.99
49.87,93.77,1080.31
20.33,70.55,569.04
38.54,45.21,764.58
48.9,39.71,918.12
13.92,114.98,607.71
11.2,55.8,386.09
11.47,9.0,248.67
2.43,52.58,242.76
5.1,16.21,175.18
33.59,39.48,667.16
44.66,40.01,840.87
39.02,100.07,924.57
2.87,106.92,413.01
22.61,91.25,669.86
37.61,14.83,658.57
37.73,35.68,716.82
34.39,6.78,589.44
31.74,100.72,823.55
49.55,45.95,932.83
19.33,14.75,382.19
40.06,84.55,897.66
29.39,104.35,815.71
32.4,6.54,551.86
32.94,87.75,807.67
34.38,95.71,854.73
5.25,89.49,393.55
33.66,31.97,651.51
27.13,37.31,567.31
22.22,61.82,566.26
7.85,41.91,290.97
29.28,29.68,596.29
49.68,90.71,1058.84
32.6,42.13,659.32
18.09,94.81,611.31
46.78,19.28,801.15
7.64,113.43,502.86
15.27,31.1,374.88
45.92,94.06,1009.97
7.6,111.49,509.6
37.61,37.07,729.68
8.03,84.54,420.65
46.03,66.65,935.15
31.84,12.27,566.73
2.33,77.92,312.87
25.89,83.7,694.83
32.41,13.47,583.17
33.65,102.45,873.13
29.05,112.86,816.45
41.1,21.86,729.31
7.74,110.69,489.38
48.17,86.34,1036.84
26.97,42.89,590.04
35.75,27.46,674.61
35.01,71.87,793.65
7.74,41.63,293.98
37.32,90.1,874.51
1.26,43.15,195.95
1.8,105.38,393.62
44.65,74.4,943.36
25.39,106.63,743.27
20.8,11.12,392.49
15.45,14.62,325.85
35.55,66.72,778.37
3.99,50.42,261.91
41.41,18.42,720.63
3.81,51.68,259.38
10.96,41.45,335.77
48.29,103.63,1099.12
1.23,17.82,122.44
14.98,79.05,510.35
7.39,102.51,470.34
20.75,85.44,609.63
35.18,53.39,739.28
14.74,108.81,595.84
4.48,24.81,191.39
25.5,37.5,542.35
36.15,29.19,684.12
2.61,35.43,196.5
19.53,71.35,557.89
22.89,116.93,743.59
31.77,38.4,635.45
33.89,71.3,787.41
45.86,32.97,823.86
39.66,6.38,670.43
17.04,26.2,389.68
19.31,73.81,555.04
22.55,70.18,601.41
48.02,68.18,989.17
21.24,49.14,518.33
29.75,95.08,772.69
20.19,63.95,547.39
26.43,44.05,590.38
23.66,56.9,577.12
40.18,92.04,927.02
2.32,101.54,387.54
37.9,83.62,875.39
18.09,104.89,629.95
10.38,30.05,295.91
22.6,45.45,528.35
41.65,45.56,804.4
26.28,111.23,775.32
47.9,119.48,1144.22
27.85,68.02,670.8
40.41,101.07,964.72
42.68,66.79,897.84
38.78,73.84,840.82
42.45,106.65,1008.88
48.57,18.85,843.58
42.83,91.4,955.62
23.05,88.49,662.62
0.9,10.47,94.38
37.99,59.93,799.41
3.61,44.79,236.83
8.29,30.23,263.71
5.84,65.69,330.7
20.65,101.58,667.2
23.75,38.44,523.71
21.06,84.05,632.09
34.84,110.61,909.35
47.23,101.65,1074.52
1.64,60.13,257.8
31.51,37.03,634.16
22.59,10.07,415.52
26.21,17.39,487.3
48.54,8.99,800.78
28.22,22.47,535.42
49.76,8.72,817.96
27.3,74.92,688.37
11.95,73.77,456.41
48.76,102.57,1074.77
7.08,70.54,357.85
14.37,17.43,315.91
6.45,30.19,237.24
49.54,97.98,1070.21
26.19,79.63,683.39
0.73,118.61,426.24
23.34,6.09,415.99
42.57,56.64,839.66
21.92,88.44,641.19
35.18,97.96,870.95
17.28,61.76,496.05
8.14,92.17,442.43
43.27,76.19,931.21
2.18,27.6,165.07
49.23,65.92,994.68
10.79,73.3,433.38
34.66,10.65,602.48
24.08,66.1,608.7
29.88,26.38,582.03
12.61,68.09,440.83
21.92,34.44,490.72
35.06,5.63,591.81
29.88,8.55,523.87
47.03,59.96,943.23
12.15,67.11,435.49
43.24,66.84,884.64
19.51,75.77,562.45
2.76,52.77,253.29
26.73,111.51,787.86
22.47,79.84,628.72
47.34,91.58,1047.85
22.76,94.55,661.38
2.83,104.55,404.54
21.24,83.79,621.78
41.3,60.45,848.24
33.77,64.97,758.8
48.36,47.26,918.38
16.92,39.94,426.83
2.67,15.17,136.81
32.49,36.62,646.07
43.94,47.13,843.42
34.93,108.57,903.07
45.43,27.24,803.89
49.44,46.98,937.64
23.66,82.13,648.31
24.74,79.01,657.51
33.04,45.34,679.61
38.9,115.5,980.95
24.21,92.23,694.17
45.94,31.73,823.59
42.37,20.75,734.12
31.34,45.36,654.04
48.91,6.8,810.36
12.36,57.59,411.7
40.82,85.21,909.77
48.53,57.44,936.75
42.89,85.58,977.88
22.33,108.0,709.5
42.03,25.85,766.22
7.98,88.05,435.78
34.6,75.2,781.14
35.1,76.34,799.38
42.84,102.29,997.22
0.78,101.7,365.2
20.96,83.16,608.27
5.07,100.06,433.29
46.56,81.01,996.34
23.11,65.39,594.95
44.55,71.36,933.72
10.95,44.87,344.03
37.46,101.14,907.01
16.33,102.3,599.35
35.08,93.47,870.78
28.27,55.96,641.34
33.32,113.49,891.81
41.01,19.1,727.05
16.81,84.3,559.76
41.38,38.51,773.88
36.54,25.11,674.52
17.4,19.65,368.88
36.3,86.33,855.59
7.55,70.1,383.19
46.89,14.26,795.45
41.11,104.14,982.53
35.26,68.1,776.57
25.4,41.55,549.42
23.27,103.6,716.87
4.93,65.76,313.66
30.08,6.8,520.19
24.88,60.85,596.77
10.78,79.43,450.36
5.09,40.18,251.91
7.51,40.93,284.34
28.16,42.63,598.69
5.92,118.11,491.21
12.16,66.01,438.05
25.16,88.62,680.64
43.71,37.81,816.24
44.79,82.11,977.2
22.15,105.44,705.31
21.18,96.85,661.66
18.66,89.53,586.48
39.93,19.38,697.44
46.45,63.5,926.0
32.47,86.63,810.68
43.49,103.25,1024.9
39.14,92.96,901.76
44.6,100.67,1030.89
40.47,101.36,969.27
17.96,94.91,606.35
43.42,105.91,1013.39
21.13,61.96,548.02
11.0,20.5,275.29
20.67,24.59,438.53
32.9,81.22,784.81
40.69,9.74,685.52
17.62,40.42,438.04
5.73,24.98,211.13
23.96,92.15,689.34
40.78,17.68,715.99
29.48,75.63,719.79
43.59,83.14,956.6
18.6,106.55,655.62
49.81,11.65,832.93
3.15,77.86,331.37
6.45,91.41,418.52
41.56,70.83,884.84
38.76,82.57,894.69
1.23,44.07,199.49
39.0,92.75,915.59
47.14,69.14,973.13
25.27,27.68,515.72
23.31,15.02,449.28
6.72,18.16,203.1
43.11,108.42,1017.95
42.91,75.02,927.01
20.61,12.17,396.54
23.78,68.68,605.34
39.28,89.18,908.33
11.88,68.39,432.42
42.33,96.88,958.36
7.97,58.22,341.39
27.26,62.42,635.67
7.51,18.99,219.4
7.98,70.06,378.28
17.26,29.03,399.49
46.16,52.16,901.88
48.82,88.33,1065.18
18.33,53.81,489.96
29.52,42.59,615.87
39.94,22.5,722.46
11.26,91.61,497.79
39.3,34.59,738.37
4.12,24.13,185.35
19.46,23.89,415.47
4.24,29.82,204.46
22.67,85.71,661.96
35.07,53.81,741.91
8.65,66.41,377.21
34.79,78.47,819.69
43.84,47.02,858.21
31.56,85.15,785.5
32.91,53.81,706.43
42.36,61.3,890.84
16.48,88.09,566.57
5.36,104.92,441.92
11.71,49.61,379.22
40.35,8.63,669.83
43.81,52.59,863.05
35.05,46.16,705.57
34.07,115.89,897.94
10.8,79.05,450.74
27.31,56.76,619.36
25.18,106.23,731.29
9.27,98.7,482.93
29.81,88.76,756.38
45.73,115.54,1065.29
37.12,91.18,887.0
29.96,115.84,861.19
37.67,80.36,862.02
35.82,9.61,616.32
27.18,107.66,776.87
18.99,8.47,360.7
0.58,108.09,379.73
6.13,11.26,177.49
45.9,76.94,973.99
49.95,95.62,1076.31
22.6,98.63,682.42
46.32,106.67,1067.09
29.73,63.44,690.36
21.88,71.62,590.18
8.92,29.59,272.56
40.88,100.42,967.8
49.08,118.03,1147.47
18.59,74.88,553.16
41.17,110.09,972.35
36.56,57.43,776.4
33.75,97.49,844.59
28.79,7.88,508.91
39.99,19.39,706.24
8.78,96.52,475.98
10.41,50.36,350.26
9.36,51.7,348.72
7.64,87.7,427.4
28.24,113.68,804.11
4.37,112.0,453.81
4.98,118.7,478.74
40.48,12.24,695.63
26.42,77.37,668.54
23.44,89.43,662.86
2.17,42.35,208.57
21.63,80.79,613.09
24.91,31.88,522.99
47.58,79.47,1005.61
14.45,28.05,357.87
33.0,111.0,881.08
26.7,78.79,677.22
29.6,36.37,596.46
32.82,39.49,666.91
4.58,19.63,175.42
3.36,73.94,319.08
40.04,119.12,1002.37
43.81,46.41,833.43
28.73,80.85,728.45
3.02,60.22,271.3
19.24,45.91,479.51
44.16,107.13,1028.03
20.11,34.8,457.37
16.84,36.82,410.27
18.89,68.79,538.27
11.86,37.96,341.39
36.04,87.66,854.48
48.07,77.26,997.38
48.05,48.76,913.79
46.24,48.73,861.75
49.18,67.46,987.39
9.06,9.52,214.05
34.77,64.44,771.31
46.6,18.45,810.06
9.71,68.05,404.7
42.25,110.31,1023.89
22.4,117.69,743.1
11.52,90.21,492.29
21.56,48.87,520.74
9.18,58.24,361.33
7.49,74.51,387.8
47.36,110.91,1077.66
10.42,16.41,253.39
11.7,101.61,525.17
48.96,91.85,1064.45
26.67,87.98,722.13
2.27,12.06,118.91
24.7,94.93,714.11
29.07,97.61,765.96
12.12,20.14,290.38
2.32,11.11,117.03
19.4,73.04,554.72
38.09,27.74,700.64
49.44,37.78,908.56
41.95,26.9,752.06
0.69,33.91,159.07
14.82,57.06,443.18
33.59,47.7,689.03
11.99,67.99,433.61
26.62,43.62,579.33
17.6,102.55,619.83
35.71,117.06,931.61
12.49,108.29,561.04
24.17,82.29,654.08
32.87,109.23,848.45
49.86,54.13,956.73
34.29,37.71,668.9
30.38,104.84,824.28
1.45,63.03,260.52
43.61,69.72,901.07
25.68,14.98,479.64
12.96,52.35,402.71
21.0,57.73,542.37
3.34,61.44,285.55
20.99,6.25,381.6
17.72,80.82,555.56
3.19,103.93,413.71
1.09,47.07,204.21
0.6,24.03,133.2
8.07,90.7,432.56
9.86,18.32,254.39
49.45,53.15,932.54
21.59,11.82,406.59
37.37,109.72,944.92
38.53,78.88,856.02
7.65,94.57,458.43
24.13,76.95,635.02
40.42,44.38,785.42
43.4,116.06,1048.0
42.82,64.73,887.38
12.45,15.71,281.92
1.77,118.59,430.5
41.66,89.98,960.9
48.16,102.05,1077.43
44.73,32.45,814.46
7.36,96.83,448.0
45.2,40.34,851.65
14.2,93.34,553.88
11.0,52.86,369.95
42.84,104.52,1018.86
10.53,55.64,367.57
25.35,13.55,463.97
43.57,38.34,810.91
47.65,47.01,916.89
41.15,43.6,787.46
35.93,42.03,706.22
6.34,51.52,299.07
27.95,20.21,530.79
2.93,48.55,236.57
22.56,61.5,577.99
42.14,99.18,988.78
2.92,77.25,326.9
42.18,34.33,784.46
48.15,84.68,1011.54
21.51,7.4,386.99
9.69,62.52,385.77
17.4,9.45,342.56
31.13,101.69,829.56
10.56,37.91,319.87
44.24,61.42,897.27
16.57,59.97,472.75
22.68,60.42,565.88
21.95,68.01,579.93
12.98,73.94,469.59
48.8,7.0,812.69
28.9,6.11,507.15
30.51,18.23,563.61
35.16,107.34,895.04
0.67,48.56,212.34
18.12,88.41,581.74
21.07,64.47,556.59
16.38,64.96,492.9
38.5,53.92,797.38
23.52,67.91,612.36
49.71,73.44,1011.96
28.88,13.1,522.66
26.62,99.91,732.52
44.19,111.67,1054.95
17.7,62.38,499.55
5.49,36.28,237.0
27.46,31.28,549.72
4.94,92.92,408.19
28.59,99.86,781.13
41.6,6.85,694.1
43.56,29.48,803.91
3.46,19.45,154.77
21.44,78.9,609.47
19.27,77.49,561.71
21.51,102.94,680.36
23.21,101.65,694.25
18.18,68.2,522.6
28.12,33.39,573.4
10.73,33.79,313.92
34.56,40.86,692.16
17.08,67.26,506.44
23.69,62.38,594.7
46.6,66.66,948.21
16.68,75.31,526.42
34.04,106.8,866.7
27.19,86.83,723.35
39.33,113.63,986.28
10.42,41.56,327.45
7.57,93.89,442.64
24.6,91.05,697.02
25.59,31.59,529.63
46.6,102.36,1064.86
43.89,46.6,854.32
37.89,88.39,880.89
0.81,7.6,84.02
3.4,37.88,216.7
41.98,59.12,867.67
16.51,6.28,318.0
16.5,115.02,659.9
38.14,18.22,672.13
36.83,39.24,709.57
8.1,46.57,308.99
5.18,102.15,438.67
15.19,29.23,360.73
35.83,76.76,822.0
0.75,25.35,135.5
36.52,52.17,754.53
23.53,77.9,627.45
4.09,99.23,408.75
35.67,44.65,714.08
45.55,91.85,995.89
2.65,97.19,380.18
10.12,36.01,311.28
39.15,93.54,914.77
41.44,26.46,747.51
26.76,19.31,505.32
37.06,47.73,761.27
45.14,99.22,1029.63
27.1,118.98,832.75
8.35,22.1,246.29
8.85,73.06,394.7
6.81,48.83,294.64
19.21,76.39,559.74
13.99,20.12,314.34
15.35,9.92,308.08
7.71,81.47,405.74
14.4,75.79,489.68
22.73,71.87,618.95
13.49,7.44,277.99
24.08,105.71,740.08
25.68,39.9,557.18
6.08,18.91,198.4
8.15,85.83,427.66
13.47,89.65,508.53
42.34,23.42,751.13
14.37,66.13,458.96
37.75,96.23,899.97
18.5,21.99,391.53
5.04,32.9,227.55
36.3,30.62,674.36
41.02,8.87,706.13
14.92,83.62,520.13
43.42,15.28,744.23
14.34,20.75,327.38
31.4,33.6,616.22
12.57,30.89,329.02
35.04,114.92,943.54
41.0,59.75,842.18
15.45,114.36,624.0
35.3,79.42,819.35
32.66,100.52,843.23
42.38,35.46,808.22
34.12,85.67,812.57
30.23,80.75,766.69
35.79,37.34,682.72
2.42,75.1,310.88
43.8,110.97,1056.37
35.76,31.32,681.07
3.61,91.0,378.65
26.44,99.06,730.74
32.41,102.42,840.57
48.09,44.12,907.54
30.59,113.26,852.58
47.68,103.18,1070.74
41.05,35.43,783.24
6.35,107.16,464.31
10.91,69.95,431.14
13.85,18.7,317.45
27.7,101.67,775.39
19.6,113.46,677.63
4.59,9.6,148.09
46.18,99.58,1037.3
36.03,11.62,621.65
32.79,25.54,632.5
44.7,80.47,937.86
41.21,40.4,776.03
7.29,26.35,238.44
34.02,112.41,889.98
37.67,72.06,829.32
14.94,43.66,405.53
49.87,58.38,979.9
32.84,7.1,567.14
1.46,99.16,370.32
12.82,14.97,292.05
8.63,71.74,397.39
47.89,71.24,982.77
42.15,98.41,973.67
19.78,35.38,459.95
46.89,100.96,1050.39
29.28,52.56,642.22
11.09,95.98,507.81
45.09,11.05,758.28
6.83,49.53,301.09
36.15,36.73,698.0
36.26,47.52,731.2
47.56,109.11,1074.34
45.74,110.5,1073.21
27.32,32.6,555.11
20.23,54.84,521.48
40.93,50.63,827.99
37.31,96.17,896.64
44.36,86.07,967.81
21.21,26.04,445.43
12.61,47.63,380.96
9.26,21.8,253.1
28.3,27.92,561.88
24.84,36.82,521.04
10.36,61.97,387.83
31.94,40.03,638.83
26.62,95.53,735.02
3.48,64.55,293.75
47.06,34.88,859.1
28.45,47.85,621.59
34.61,95.34,840.22
31.88,65.52,725.46
48.72,65.58,992.5
16.2,56.33,453.55
8.36,54.61,338.94
44.9,34.39,837.34
4.57,99.88,415.3
36.15,68.22,802.89
46.71,89.86,1012.38
26.62,114.33,796.12
2.38,38.09,202.01
15.76,44.93,423.75
37.22,84.57,860.69
21.61,43.82,504.98
10.66,49.97,356.13
8.24,44.56,308.34
29.59,64.09,692.31
36.47,89.66,865.32
22.08,99.51,677.64
1.18,73.84,290.78
20.25,103.21,669.29
46.18,89.23,1025.18
5.38,23.17,196.63
39.26,8.37,664.09
8.94,38.78,298.51
20.24,65.06,548.02
18.85,14.32,368.87
43.42,37.36,823.54
10.36,8.45,235.27
42.92,62.23,893.38
2.14,93.0,359.38
20.74,68.44,568.11
3.56,88.79,375.71
39.42,58.12,802.68
32.39,106.43,851.8
32.97,93.7,821.75
20.4,55.14,524.45
28.17,10.66,500.44
40.43,115.75,1005.45
14.84,63.26,459.88
8.31,89.99,448.8
35.07,70.54,784.33
11.66,101.11,532.15
32.74,50.55,700.29
8.58,113.56,517.94
31.84,96.01,825.47
37.62,55.04,765.45
24.65,71.94,632.98
44.05,90.7,989.56
24.42,44.99,555.71
20.92,53.33,511.46
10.55,86.4,461.84
30.73,27.55,593.93
24.41,75.3,629.57
39.22,103.29,943.88
14.26,98.54,557.95
11.97,76.96,449.14
5.5,73.04,351.31
7.53,38.17,280.12
2.93,62.71,279.42
28.38,41.88,612.56
4.75,54.68,286.28
17.69,82.94,564.36
41.22,43.57,797.37
48.51,5.25,797.74
31.89,95.84,810.88
1.71,13.56,115.92
27.38,101.5,763.64
22.32,25.58,463.31
6.26,25.98,220.97
39.68,59.88,822.29
27.22,48.08,602.02
4.26,26.29,192.65
42.58,29.9,785.8
25.81,81.57,668.93
10.12,65.27,395.34
48.61,71.46,1007.03
33.9,57.8,730.78
47.14,40.36,888.11
43.36,78.53,942.9
16.26,86.96,552.15
49.61,25.37,859.96
8.14,77.8,404.32
9.97,60.51,380.05
13.51,43.67,387.39
6.82,83.08,411.27
15.5,80.15,523.95
8.65,80.03,419.09
30.68,103.36,814.11
40.71,65.6,857.59
26.1,87.86,712.35
43.95,74.31,945.57
40.18,36.99,764.65
49.3,14.27,837.07
42.61,20.82,758.05
5.24,116.48,481.38
45.37,80.11,972.89
31.61,46.39,666.3
40.98,67.63,860.25
3.02,21.67,160.78
28.46,58.65,648.07
27.4,36.73,567.84
32.39,49.95,692.85
4.07,34.55,214.03
43.96,40.19,825.05
21.16,40.66,496.7
11.39,48.04,364.64
34.13,37.93,670.18
22.78,17.83,448.77
3.89,57.95,282.42
48.31,51.85,910.52
30.33,16.22,554.46
26.36,26.09,524.68
21.58,39.2,491.28
21.4,24.44,445.25
12.34,86.83,484.92
15.2,28.09,364.19
2.18,117.37,435.38
20.92,104.98,679.26
13.18,63.63,441.35
25.13,66.67,622.63
43.04,90.01,964.77
23.34,75.76,630.12
22.94,53.26,559.4
26.91,74.85,674.95
10.6,33.95,309.46
2.67,107.17,403.06
45.23,81.09,962.32
36.84,37.92,705.25
30.64,109.22,851.01
46.47,44.17,864.7
38.1,91.84,903.51
12.44,82.12,489.33
14.18,55.6,433.78
20.36,26.01,438.61
24.47,36.05,520.86
35.46,62.19,759.5
18.97,108.57,659.94
21.35,99.17,680.3
9.06,81.38,430.15
16.1,96.39,585.11
49.25,8.96,823.8
34.88,59.12,751.67
8.49,49.83,324.64
35.76,33.44,691.7
23.44,14.82,455.92
28.38,51.74,625.35
18.8,36.67,445.23
24.41,48.99,567.0
32.05,69.14,729.03
39.52,41.43,775.28
21.23,20.23,430.8
12.15,102.95,546.26
35.39,55.85,750.47
37.97,11.78,651.78
41.06,94.23,935.75
20.27,35.49,462.76
22.74,17.98,443.09
24.85,39.12,539.03
29.72,57.49,665.6
37.79,77.81,848.09
2.13,118.78,433.13
42.1,106.44,1006.56
28.9,106.84,805.34
17.62,9.52,341.1
46.5,20.57,805.76
37.19,34.24,716.88
29.38,96.95,767.56
12.06,25.1,308.07
42.02,75.26,891.03
21.97,76.31,608.83
4.06,46.48,252.1
30.51,39.43,618.11
2.56,26.02,166.86
8.88,60.47,360.29
30.92,106.15,826.3
9.08,46.45,323.66
32.63,82.26,783.08
22.71,21.24,452.94
40.74,14.65,708.5
16.46,51.63,457.13
33.84,26.35,636.37
38.13,63.27,819.82
22.89,59.01,578.1
42.38,103.26,987.56
6.5,92.56,421.13
40.58,90.38,920.25
4.69,42.49,249.23
27.3,83.07,698.21
45.58,53.42,899.6
27.31,40.45,582.37
20.44,91.78,638.0
37.29,110.85,949.9
38.32,103.38,952.62
48.4,105.08,1101.79
38.98,83.83,892.46
3.23,52.86,251.68
6.04,88.79,409.38
29.5,72.66,707.49
28.36,30.1,563.09
11.54,77.12,455.61
14.53,33.95,367.76
30.86,109.17,836.02
18.38,18.97,373.54
44.59,63.32,927.17
24.29,111.57,731.22
29.29,117.38,836.8
48.21,94.19,1066.7
21.26,78.62,604.75
9.38,81.05,437.82
20.99,50.82,513.41
37.46,53.91,779.37
7.28,60.09,340.99
47.27,98.4,1044.42
10.92,29.94,301.94
4.25,109.28,437.39
38.25,42.45,751.15
4.02,26.82,192.9
13.06,71.36,462.74
0.54,37.01,173.0
2.8,20.86,154.14
46.65,30.66,848.41
16.42,28.47,384.89
12.58,70.08,448.54
40.67,62.76,828.01
49.76,81.57,1041.08
40.76,30.1,740.7
36.61,8.85,626.74
8.55,105.54,497.11
4.55,51.68,273.63
17.77,100.51,618.5
10.24,9.04,230.83
8.13,10.79,204.02
48.85,32.83,901.28
7.65,46.07,300.68
32.56,78.57,772.43
44.55,83.45,980.08
28.32,18.47,540.14
38.06,87.7,897.06
26.73,73.18,666.05
7.18,105.54,480.07
48.27,54.37,938.27
43.48,76.01,923.64
0.97,6.36,84.25
13.03,59.07,424.69
48.07,57.97,924.56
5.32,57.7,302.7
38.6,87.48,907.61
17.86,89.56,586.41
4.74,27.91,204.07
10.69,15.24,257.81
19.95,12.7,390.6
39.46,9.68,670.9
15.34,26.58,358.86
19.92,60.86,534.5
37.37,96.81,891.38
22.54,97.85,673.92
12.35,95.04,523.78
40.05,103.19,951.46
25.76,42.8,560.74
7.83,100.99,475.56
20.86,70.65,585.93
43.16,44.24,845.69
20.36,64.72,548.95
22.09,27.7,458.57
41.73,54.57,833.34
4.94,115.43,468.53
49.76,108.26,1136.51
41.8,39.48,793.98
29.51,115.03,845.48
33.3,57.06,711.69
24.77,57.48,586.96
39.84,81.02,891.29
48.7,33.25,876.64
25.73,28.58,516.88
23.3,78.9,635.74
38.92,53.06,794.06
33.39,90.45,830.1
5.7,118.47,487.55
17.18,30.74,401.04
29.5,114.44,833.11
32.56,44.17,667.48
14.9,8.25,300.6
12.98,35.06,346.63
29.05,29.88,567.15
32.02,20.33,591.89
35.65,39.31,708.86
9.1,113.94,523.53
49.29,43.65,895.06
5.46,72.5,354.64
47.78,40.38,890.51
36.23,54.97,754.2
25.29,13.88,473.17
28.28,24.43,547.84
26.7,116.82,805.36
25.17,82.82,676.27
5.66,94.73,418.73
43.9,41.28,831.94
28.79,52.26,645.36
24.09,109.45,739.13
25.96,18.36,497.65
16.62,64.02,493.07
34.42,79.75,794.66
22.4,93.47,664.17
13.87,74.42,471.8
22.31,29.97,469.31
45.59,65.02,919.98
32.81,112.49,889.71
8.82,36.39,291.84
10.11,80.14,443.61
12.9,34.38,345.16
14.42,90.83,537.29
33.77,76.13,781.26
17.83,104.23,632.3
14.02,65.63,453.03
19.68,117.67,701.29
13.12,93.31,526.67
35.99,102.48,907.07
33.21,118.28,913.43
11.79,8.46,249.83
34.13,41.76,690.78
2.65,93.52,367.15
45.72,76.51,961.66
43.83,83.44,957.89
3.16,23.5,168.31
29.63,44.99,627.59
23.99,64.59,601.02
46.76,15.43,798.45
6.11,84.1,385.13
25.99,57.84,605.46
17.3,23.71,384.24
26.42,47.83,586.4
1.65,27.24,155.9
12.75,60.83,426.67
23.97,76.74,636.16
10.79,52.85,364.42
17.14,97.85,605.92
41.94,66.29,880.51
3.24,69.34,308.11
35.04,67.2,773.16
3.74,77.87,342.66
36.67,93.0,884.15
25.56,87.24,707.27
3.33,100.7,401.62
24.6,94.37,692.09
10.05,39.47,316.16
15.29,76.46,517.68
4.79,95.82,403.39
20.72,20.07,421.52
31.02,81.97,748.18
42.56,71.25,893.03
33.52,19.66,609.0
18.65,111.88,677.05
3.17,27.49,177.33
25.78,51.1,583.74
39.52,93.32,917.09
20.66,87.85,631.43
6.65,102.97,464.08
39.78,48.05,791.96
5.53,110.9,460.03
45.5,110.49,1048.17
13.51,15.23,293.44
13.36,46.03,390.4
13.52,103.72,569.92
43.09,55.03,865.4
24.14,117.45,768.36
29.39,58.03,668.56
44.78,97.52,996.44
7.79,68.56,373.01
15.15,35.38,382.26
44.49,29.59,807.84
38.1,99.64,923.77
17.32,118.38,666.84
14.34,112.44,598.45
39.35,95.55,926.04
10.27,99.7,502.06
40.54,38.38,771.6
4.31,114.98,451.13
25.45,82.1,691.76
43.15,82.35,937.14
19.51,72.25,562.58
31.16,36.13,624.1
37.82,9.2,642.41
49.4,118.59,1143.02
10.59,51.92,360.5
26.88,99.61,752.83
24.3,68.32,623.59
1.41,89.83,334.36
23.35,38.65,516.04
35.15,75.66,791.64
43.96,83.46,950.73
35.93,76.14,823.33
26.47,105.73,763.32
5.28,88.29,394.69
15.0,86.92,527.03
20.34,58.15,525.19
9.38,68.69,392.97
7.68,35.84,267.92
29.63,6.63,515.56
48.67,88.95,1055.59
43.55,47.15,844.76
6.25,34.01,247.43
27.63,102.76,766.7
24.74,93.52,708.31
32.15,92.32,795.95
40.07,36.8,751.8
37.52,36.13,717.6
19.86,97.35,631.81
32.73,117.17,883.74
3.6,101.0,405.62
21.13,87.66,624.7
46.37,16.73,789.11
45.14,36.99,847.69
34.85,23.95,649.34
42.75,119.26,1037.32
9.08,40.32,305.54
34.6,65.36,777.33
31.54,81.67,779.28
28.63,87.1,749.34
38.91,95.61,916.43
37.42,113.87,960.97
18.69,94.43,608.38
22.6,97.75,678.49
15.7,38.92,398.62
30.75,32.98,605.84
46.78,44.78,865.68
48.15,53.76,943.54
28.4,92.79,770.3
14.71,58.19,436.85
30.95,116.93,855.59
1.62,40.72,200.73
18.25,59.85,506.72
42.34,38.35,805.72
17.65,22.28,383.09
4.34,39.92,237.03
8.06,116.46,520.07
16.24,59.54,462.56
49.93,38.05,905.42
8.88,89.98,446.69
19.28,71.8,553.25
32.38,66.27,735.13
4.6,19.32,173.48
22.16,78.08,611.97
8.14,81.18,409.85
21.88,75.76,600.54
9.78,20.42,260.32
23.31,62.65,594.23
13.86,42.86,390.96
28.0,88.89,729.88
29.74,67.75,692.75
44.43,71.23,915.07
26.46,11.11,486.07
34.69,15.49,623.72
15.37,47.69,429.37
0.86,6.01,79.2
4.19,87.74,378.13
21.88,102.75,681.75
43.58,106.18,1037.08
33.26,26.47,629.69
19.39,115.67,682.71
14.41,34.23,372.01
16.78,111.76,624.46
12.34,107.63,552.62
47.89,42.21,899.06
25.22,58.9,605.7
26.62,8.81,480.81
48.35,70.41,975.9
9.93,54.08,356.84
16.8,56.18,470.38
13.46,45.7,391.91
29.14,68.44,682.14
5.29,26.11,206.14
36.39,85.03,845.72
10.47,24.04,277.97
15.06,8.28,298.18
28.61,108.27,798.13
30.18,60.77,685.45
45.39,46.77,874.95
35.31,111.38,912.41
25.04,74.71,632.79
29.12,9.47,526.49
9.69,29.68,281.21
37.12,24.04,665.32
28.71,36.31,603.26
29.33,29.77,580.92
35.62,80.19,826.42
36.16,98.27,892.57
5.75,85.08,395.23
24.27,71.77,625.99
13.39,79.81,487.94
0.55,41.02,180.24
19.72,31.91,443.12
16.66,88.06,562.68
12.25,98.04,533.83
22.26,106.15,707.85
19.01,74.1,559.94
7.16,20.59,219.47
23.37,110.56,725.02
1.72,99.94,371.52
0.94,59.94,246.01
36.95,113.13,952.64
21.13,104.08,677.8
0.94,37.68,174.8
23.18,109.57,734.67
41.78,42.55,794.64
8.88,72.99,405.88
7.17,22.43,221.91
33.96,116.96,917.82
26.84,102.04,751.29
19.75,116.75,697.11
40.85,108.44,988.89
23.31,113.02,749.51
35.66,99.4,876.6
37.05,9.07,640.77
41.56,101.75,979.83
30.32,26.14,602.29
16.58,53.77,467.41
43.67,64.56,898.38
31.06,15.65,573.48
46.6,55.13,921.7
40.06,9.01,685.99
46.8,100.42,1051.95
39.92,71.15,873.1
25.42,95.27,712.28
16.07,76.54,521.73
45.24,112.3,1060.23
23.93,54.84,577.38
22.21,10.73,414.0
31.05,52.36,670.79
16.56,56.05,471.85
8.77,11.46,214.26
32.71,31.52,631.91
12.73,22.7,309.57
14.89,42.82,415.76
31.69,43.14,649.35
26.84,118.86,805.23
42.21,52.19,836.31
42.42,53.84,847.37
30.7,56.47,678.52
23.24,119.81,772.12
36.19,5.02,610.44
27.85,115.75,808.69
18.55,39.92,453.46
31.7,16.19,573.98
26.99,74.85,666.74
39.96,23.77,723.93
41.64,99.48,969.83
10.83,11.7,250.25
12.26,108.98,561.23
7.51,39.28,278.23
43.7,52.45,858.84
9.94,21.93,264.12
6.49,5.43,163.56
1.71,119.7,442.13
36.99,106.25,920.1
5.64,65.45,332.68
16.94,26.12,375.1
33.8,9.42,593.4
4.11,108.88,441.05
18.13,119.62,681.96
8.46,51.31,329.72
22.44,51.71,548.07
41.08,43.6,791.33
24.39,53.5,570.02
40.38,96.66,948.46
29.73,90.81,770.29
26.96,58.66,645.72
24.27,89.18,676.77
41.73,53.27,830.26
26.49,58.95,624.19
33.56,7.24,581.89
32.8,32.71,642.61
5.91,16.9,190.42
15.0,19.46,329.26
28.43,97.65,775.28
48.13,5.58,767.56
21.02,62.94,561.64
20.47,44.56,490.73
41.14,17.04,710.88
37.06,35.79,721.74
30.32,42.07,637.0
33.92,57.59,733.47
38.68,102.58,949.35
41.15,51.24,828.61
7.58,37.13,274.18
6.49,9.84,178.32
6.91,96.51,444.23
19.28,76.09,571.91
7.27,18.27,215.96
46.25,14.14,783.67
41.14,74.3,877.1
28.77,84.57,730.75
1.44,19.63,131.39
8.68,9.6,210.05
35.68,26.69,667.41
30.52,64.87,703.02
25.8,97.9,743.09
6.56,22.63,218.97
3.77,44.6,238.47
16.27,60.86,485.21
31.47,108.82,845.93
9.44,54.69,352.42
8.66,43.71,310.3
36.87,22.27,675.73
30.03,17.01,545.05
47.21,22.02,822.86
1.81,8.53,102.36
29.15,107.69,797.17
45.77,12.07,766.58
23.93,34.05,504.31
27.48,57.12,622.4
49.41,7.93,803.81
47.29,88.09,1020.39
23.41,114.51,741.3
31.01,117.74,870.28
11.1,96.17,504.0
4.69,44.17,249.51
38.92,10.21,671.44
47.45,33.22,848.81
9.07,28.42,273.13
49.93,65.21,981.89
13.94,90.9,524.85
20.26,31.58,450.77
45.94,43.87,857.29
4.7,63.94,311.4
43.5,45.44,834.57
20.44,107.85,677.67
18.99,74.38,556.46
18.6,15.12,377.27
17.78,90.81,591.97
0.84,18.45,118.83
36.68,113.38,930.7
5.82,105.86,458.21
5.4,22.37,195.63
11.77,21.36,291.77
47.24,19.37,815.07
41.17,114.25,1015.35
26.2,93.57,718.5
27.87,102.8,765.27
31.23,7.54,545.22
12.39,47.31,376.23
19.79,22.76,419.59
42.53,71.8,898.76
34.1,66.48,761.46
49.83,31.2,889.65
49.12,119.74,1141.65
17.56,77.43,556.56
42.22,8.92,725.04
1.77,107.24,400.25
47.61,75.44,980.97
7.48,27.14,244.1
20.11,105.78,669.66
40.87,108.7,992.39
35.88,80.88,830.96
23.73,65.11,599.01
21.91,109.25,710.43
30.13,97.19,793.84
18.98,48.38,478.81
18.67,92.35,610.79
26.58,46.63,588.84
34.66,42.32,697.86
5.43,17.18,181.5
45.38,85.94,991.57
11.7,37.11,339.7
42.05,74.12,908.1
8.18,99.11,472.46
8.3,83.7,427.52
48.03,34.45,865.24
15.7,60.81,472.05
44.8,9.45,740.06
24.41,105.68,723.52
1.39,68.05,272.09
2.56,23.89,161.29
10.83,93.52,499.92
18.81,18.01,389.06
40.36,21.15,708.58
15.18,74.21,496.8
8.64,56.28,351.62
18.88,41.65,459.72
18.71,62.59,512.72
19.08,94.45,614.45
13.01,102.13,555.65
48.56,114.46,1104.37
22.01,12.76,419.17
46.74,81.52,998.88
49.76,58.71,962.68
17.84,51.09,463.25
44.32,73.09,925.22
49.5,37.28,913.46
8.37,94.49,457.42
27.28,52.62,623.94
15.05,98.54,570.84
23.05,25.72,480.6
32.05,111.22,864.86
2.41,111.98,429.76
15.75,39.49,394.55
48.14,23.98,834.94
34.61,17.28,626.95
40.3,58.93,823.28
39.57,112.54,979.33
15.95,88.54,557.75
32.88,50.11,697.55
21.8,20.19,431.76
32.14,85.23,796.2
4.15,62.03,297.04
47.84,26.9,844.77
13.77,30.48,344.08
47.52,44.66,911.72
18.68,112.54,665.38
14.75,81.22,512.15
40.17,96.11,947.12
48.23,111.12,1122.41
46.3,5.5,747.81
31.55,29.77,617.54
35.79,119.55,951.69
24.22,69.55,624.25
46.18,118.46,1097.3
49.25,107.98,1119.6
38.62,21.05,695.05
45.87,93.69,1030.67
28.9,49.9,648.91
40.26,109.54,988.83
43.49,45.09,831.41
8.04,103.73,478.48
5.08,109.69,451.81
16.67,24.76,373.85
37.5,31.5,709.51
36.48,31.7,686.3
40.04,88.98,936.05
46.81,48.31,885.85
38.57,56.23,789.46
20.23,67.75,551.21
44.24,20.72,775.09
4.94,115.83,477.51
23.78,55.1,573.4
45.62,118.84,1098.67
43.2,67.56,902.52
47.08,29.16,840.76
2.01,95.52,369.27
46.54,29.93,851.65
16.92,21.9,370.33
19.92,57.51,517.21
40.85,62.75,856.41
45.24,70.07,922.29
5.76,47.75,278.42
20.97,70.35,574.94
16.06,105.42,614.04
36.83,40.31,719.61
6.62,108.89,472.02
30.78,104.3,821.7
22.43,116.79,739.22
12.07,10.78,263.79
3.27,54.07,255.61
13.04,29.39,332.11
4.29,73.52,333.91
47.42,97.55,1059.41
47.82,114.31,1118.4
39.03,87.33,892.34
5.1,89.67,394.44
1.9,98.89,370.82
20.68,85.88,614.74
14.12,24.97,338.59
29.48,65.24,690.31
37.87,89.25,911.13
0.53,82.32,306.4
11.02,19.71,277.33
22.1,45.14,510.45
36.48,98.58,891.51
36.03,106.8,920.59
45.49,61.59,924.05
13.44,96.64,540.04
45.48,90.07,999.05
10.57,81.66,454.14
39.37,12.29,678.67
0.91,22.44,133.87
37.73,39.23,732.94
25.43,12.05,473.13
24.68,79.26,662.15
27.06,43.4,589.58
32.2,30.92,626.5
24.19,22.28,474.34
26.75,67.84,657.12
11.27,99.06,518.89
48.47,87.41,1032.08
49.6,25.29,877.27
37.67,50.45,756.03
22.33,95.95,666.73
47.08,52.87,925.41
5.44,115.46,480.89
10.98,110.23,546.96
40.99,17.55,723.24
41.8,76.99,933.91
37.35,39.23,731.62
47.2,40.38,882.36
19.02,60.17,512.81
3.9,29.45,196.65
1.79,64.23,271.05
49.74,43.27,929.4
46.03,103.8,1041.94
33.02,26.18,627.46
42.55,51.45,846.91
20.74,22.84,432.83
5.44,7.32,154.88
47.61,6.99,779.06
38.98,15.09,694.54
34.28,75.72,791.85
36.55,55.32,773.18
49.21,69.33,992.69
23.41,12.41,439.33
6.52,63.21,335.5
25.06,23.37,485.6
18.61,103.97,640.86
37.58,91.66,899.0
2.68,75.25,317.2
27.31,66.09,666.36
25.64,94.51,709.5
21.95,65.79,580.09
21.24,32.32,461.98
34.3,118.27,904.52
44.92,98.58,1023.41
13.01,59.27,428.21
7.56,70.14,370.05
21.29,100.69,677.86
2.71,7.61,114.31
12.19,104.33,539.98
17.92,37.6,433.37
42.89,51.7,835.89
13.0,53.4,404.08
32.96,42.92,677.72
33.9,106.32,882.53
30.28,117.11,856.62
36.32,80.07,828.16
5.99,112.85,475.04
6.98,35.23,263.34
38.49,74.54,838.21
37.57,51.24,776.15
12.71,91.35,512.9
18.53,25.42,409.67
6.04,64.35,332.12
37.2,91.43,876.08
42.91,28.96,762.44
49.63,53.21,957.41
32.64,33.35,636.38
46.39,101.1,1039.87
9.65,78.89,426.24
35.21,50.53,741.33
19.01,6.22,358.02
47.72,93.82,1055.21
28.66,76.71,718.24
45.96,5.77,758.61
32.25,10.81,571.12
10.94,108.44,537.72
28.26,17.47,533.09
20.23,55.01,524.68
27.67,8.62,497.22
8.49,23.43,246.43
42.09,26.57,764.56
27.95,89.4,738.37
12.93,62.25,428.24
19.5,83.96,582.98
45.56,115.29,1078.14
40.19,71.79,870.35
7.87,7.0,190.8
36.43,91.54,861.2
29.91,54.99,667.01
11.99,96.9,522.51
30.73,39.92,624.34
21.75,18.41,432.37
26.37,18.47,500.05
45.32,70.42,964.07
30.85,15.86,549.26
47.41,34.37,873.0
16.93,77.17,537.31
49.45,102.96,1097.13
22.84,60.84,583.53
34.68,21.6,634.55
12.98,47.04,380.86
16.96,35.93,412.62
24.08,98.37,689.44
15.75,37.42,395.98
6.03,97.36,432.56
24.94,12.65,452.47
12.68,47.79,378.91
9.82,56.64,373.51
47.13,26.33,823.76
21.16,69.66,587.94
13.76,77.97,493.17
10.46,19.43,264.92
20.17,111.78,696.64
35.63,82.87,828.33
24.41,80.01,652.26
20.07,12.38,392.36
47.24,52.01,921.2
13.27,111.47,581.71
29.21,8.28,513.75
11.71,13.16,265.0
15.29,15.12,320.0
24.36,86.48,676.68
20.12,50.23,513.3
17.11,18.31,360.74
33.52,38.17,663.9
40.71,48.73,798.63
25.14,33.77,538.77
25.94,17.73,487.47
35.35,51.03,717.61
33.44,25.08,626.88
23.96,82.02,652.48
16.02,8.43,316.12
20.02,75.28,576.63
27.46,70.09,674.84
38.6,15.35,679.22
7.76,81.28,416.47
5.11,70.15,337.86
24.56,103.29,724.45
7.95,56.95,336.41
44.13,82.09,954.45
22.88,101.45,699.2
41.96,118.62,1034.17
45.0,114.96,1069.94
46.42,93.77,1023.08
35.19,21.15,639.04
47.69,56.27,943.7
37.0,29.5,686.21
32.6,8.66,565.45
35.34,110.15,901.92
22.17,18.79,438.44
25.12,103.26,742.09
29.5,39.67,624.95
44.55,32.01,820.13
28.19,110.86,816.02
42.17,27.9,757.57
12.71,99.68,537.25
36.77,24.11,669.39
41.49,61.41,847.21
34.14,106.66,880.69
34.76,41.44,696.39
42.76,57.86,881.56
12.25,16.64,285.07
8.92,9.57,208.89
22.72,44.95,518.82
38.42,115.51,950.89
13.48,113.38,596.74
34.23,11.01,591.76
36.38,108.63,923.45
39.44,13.23,684.49
8.48,35.19,276.22
33.03,56.25,718.76
38.86,87.06,900.39
41.79,94.65,965.9
3.76,76.67,332.44
23.68,100.07,708.39
9.41,66.73,389.56
26.75,21.66,509.89
46.37,58.91,929.35
44.76,109.96,1042.09
21.84,46.34,512.95
23.54,114.67,751.23
29.27,65.2,683.84
0.65,105.63,375.76
32.42,18.57,598.74
7.45,31.48,254.91
27.3,21.67,525.4
27.42,85.68,718.04
33.33,29.35,635.83
4.68,33.45,219.82
33.13,64.83,738.71
4.46,84.58,370.97
42.47,46.33,821.82
20.9,77.47,590.62
20.77,108.16,677.69
12.79,58.49,415.75
39.23,104.98,950.07
41.17,68.34,876.7
20.5,21.88,427.38
23.32,56.33,571.87
37.89,62.51,802.4
8.88,8.71,210.69
41.79,11.91,713.17
35.08,88.41,846.3
14.99,97.74,567.21
41.85,93.78,964.06
29.68,47.28,626.19
21.6,118.81,724.95
18.49,81.53,569.86
4.65,92.77,390.22
33.22,44.96,690.56
2.7,111.97,426.72
23.8,103.86,723.71
2.64,113.16,432.78
31.91,24.27,602.47
3.41,23.91,171.11
47.45,90.65,1020.49
11.32,56.27,390.54
37.83,5.45,637.47
25.23,21.69,498.13
5.56,109.12,467.76
23.08,89.06,657.33
10.07,60.73,378.03
30.09,66.75,697.0
25.04,72.98,642.24
16.57,93.46,573.23
2.27,37.42,195.84
8.02,92.09,448.79
2.87,54.03,253.02
28.58,31.05,565.99
7.96,53.99,327.3
39.67,44.28,768.22
38.16,25.84,710.84
22.77,13.26,432.06
36.98,61.82,776.47
2.35,6.3,105.31
29.4,41.82,613.94
38.44,98.5,938.94
33.03,53.07,724.5
21.7,18.96,441.08
18.02,29.75,410.71
14.75,70.06,484.94
42.73,112.46,1027.96
49.78,115.06,1147.79
33.02,102.48,856.91
29.8,63.61,686.19
41.87,107.29,1011.99
27.49,112.51,802.8
44.92,65.91,916.01
31.81,35.59,633.1
33.59,96.86,842.45
43.33,68.14,903.97
16.08,77.89,520.26
32.5,37.97,654.24
40.28,113.27,991.27
1.93,81.27,325.04
17.56,27.04,394.07
12.25,96.52,522.53
39.3,61.86,831.86
45.45,100.3,1033.73
19.03,47.15,479.94
28.13,43.91,608.15
12.41,21.14,302.23
18.25,5.69,343.32
46.96,55.27,916.86
33.02,79.66,778.09
11.98,25.34,308.44
12.47,85.7,490.72
43.56,50.04,845.25
14.83,67.56,472.34
1.54,12.39,110.35
46.81,5.38,777.21
0.51,90.05,330.63
39.44,62.96,830.07
24.19,98.29,703.26
33.89,78.97,802.08
42.88,104.89,1013.75
46.27,17.61,794.04
28.9,55.19,659.47
6.91,99.29,448.06
1.82,71.5,293.82
26.51,119.97,798.4
43.18,43.71,812.47
36.58,53.58,761.78
6.21,80.99,391.73
45.27,69.38,937.39
8.08,113.2,507.71
14.21,10.49,298.88
9.98,94.43,480.9
9.86,108.99,518.28
13.25,110.74,582.79
8.34,13.88,213.05
9.23,42.65,317.96
8.89,96.03,468.6
25.66,92.15,717.86
14.19,93.18,541.78
8.59,106.5,498.14
21.35,76.74,597.68
22.33,72.73,607.58
11.79,109.15,550.85
27.27,14.41,500.18
12.42,114.72,583.78
32.98,24.28,622.88
31.25,51.86,673.6
7.98,88.49,437.32
30.21,68.88,697.9
12.7,86.45,489.91
3.08,43.1,228.58
17.95,95.98,611.82
37.66,66.87,815.7
8.86,30.42,273.61
36.26,92.32,860.38
5.26,62.03,306.34
15.41,59.72,456.47
26.07,73.97,666.57
17.27,107.93,631.89
40.16,58.51,837.02
24.89,83.13,672.67
40.56,109.41,981.64
8.81,72.14,399.08
32.68,66.48,746.67
8.84,80.86,428.0
28.35,18.52,528.54
43.26,29.96,777.37
9.55,87.91,456.77
17.83,34.2,421.79
2.96,25.52,170.94
48.92,95.55,1060.72
30.28,60.96,676.72
9.33,72.82,414.23
26.64,113.62,799.99
5.09,92.51,406.55
49.15,80.61,1041.11
20.28,53.98,514.12
33.08,34.49,647.31
42.87,41.1,810.05
30.76,112.56,843.99
5.29,55.64,295.11
5.66,57.19,307.59
29.29,102.8,801.56
5.46,75.08,356.97
23.44,35.49,502.87
41.58,31.25,760.07
21.87,8.86,416.01
34.99,6.46,590.86
6.44,52.96,307.86
28.19,40.69,598.79
5.48,31.52,227.54
1.5,106.78,395.89
23.67,104.15,716.77
47.61,43.54,907.22
1.56,55.4,242.42
42.84,113.82,1021.57
28.98,53.43,649.45
13.3,93.87,537.65
13.84,108.95,587.65
12.32,74.22,457.75
5.39,43.2,258.68
43.1,107.76,1013.28
29.15,30.76,587.0
34.08,44.95,699.03
6.03,83.97,386.85
9.76,68.65,407.3
12.68,40.69,355.03
7.45,94.35,443.98
22.73,27.45,470.26
19.55,53.08,505.64
2.03,27.72,161.58
31.39,77.17,759.02
23.75,65.63,596.29
16.96,118.19,653.15
12.21,94.03,519.53
19.71,15.52,391.87
21.03,86.29,621.39
28.95,93.56,772.73
44.34,12.97,742.74
35.57,87.33,839.91
21.12,32.57,468.45
15.77,116.38,643.11
39.85,56.12,814.62
49.61,101.69,1077.75
4.23,58.45,288.29
18.32,86.81,579.98
9.55,112.81,518.54
20.22,101.91,656.87
31.97,118.21,882.29
32.52,75.0,749.58
21.83,22.13,441.79
13.46,61.05,436.65
1.07,41.98,191.13
26.07,111.83,763.21
17.93,44.0,453.72
9.43,21.66,251.93
5.05,29.9,215.13
26.28,34.54,551.21
34.63,32.74,658.68
23.87,92.93,683.75
18.32,88.18,590.51
9.38,27.53,269.42
16.53,65.12,497.52
37.65,62.3,803.86
40.93,41.39,800.76
24.36,99.71,711.59
41.2,83.48,928.54
20.77,116.52,710.48
15.69,112.61,620.97
5.42,77.22,359.87
7.92,10.5,201.47
8.36,97.94,475.68
41.44,98.44,958.98
3.6,29.71,193.23
19.96,79.89,596.53
23.91,47.98,547.16
26.71,64.78,642.17
29.74,18.37,552.32
6.98,14.12,197.74
32.32,44.27,673.63
17.58,77.7,544.18
27.09,35.24,564.49
16.9,95.16,588.02
43.13,13.17,745.33
21.98,70.47,595.77
8.51,41.63,304.89
7.25,118.63,522.74
46.92,30.77,842.96
28.41,94.94,765.53
17.53,68.84,527.6
24.19,70.19,621.56
42.36,85.34,917.87
6.77,11.48,189.3
47.66,26.45,850.52
41.48,100.81,960.06
41.57,117.48,1024.61
45.72,58.74,906.58
43.63,7.03,731.5
13.43,111.91,587.23
0.92,14.08,105.01
11.67,39.22,342.51
24.33,49.91,569.12
10.61,74.21,437.06
7.78,57.06,344.33
41.84,41.86,800.07
2.54,10.4,119.25
12.78,8.71,270.7
26.67,20.77,514.96
11.85,27.87,303.21
1.48,72.33,290.05
30.39,68.99,711.15
25.48,29.76,527.15
6.4,94.76,427.26
14.67,38.25,375.29
6.33,73.2,365.16
11.09,56.12,386.76
17.23,107.06,627.11
16.64,25.64,382.2
31.14,39.75,649.69
16.34,32.3,392.82
37.93,27.33,704.37
33.25,92.71,818.89
35.0,75.28,797.28
28.99,26.0,566.98
30.87,68.79,709.37
38.52,98.69,916.93
10.46,37.35,317.39
47.41,20.77,821.47
17.75,19.48,375.85
5.62,15.94,182.7
10.44,112.26,531.88
29.53,106.78,815.13
46.96,21.89,829.55
1.79,110.4,411.88
15.15,5.35,295.08
24.4,118.85,768.06
41.6,99.84,964.17
9.66,66.3,383.34
27.03,38.67,571.78
26.81,83.84,700.6
23.8,9.71,431.57
27.64,105.05,777.48
28.16,94.33,760.47
13.02,65.77,436.58
5.16,51.79,278.56
8.46,39.65,293.61
45.89,77.56,953.03
48.74,72.92,1004.51
37.08,82.04,855.94
21.19,70.24,581.27
25.96,97.5,723.04
45.18,20.27,790.69
45.94,100.96,1043.2
2.89,34.04,195.88
48.98,27.39,881.15
32.26,75.08,757.66
12.15,82.87,470.64
21.2,7.71,391.14
35.43,27.65,668.68
6.8,108.78,477.43
26.3,32.16,555.06
45.68,29.64,829.19
38.74,48.92,774.66
13.07,92.28,515.14
44.6,87.91,988.51
45.51,55.31,912.96
29.42,59.33,679.53
13.12,75.5,475.37
4.07,34.29,214.41
38.95,94.14,911.29
18.67,12.24,364.8
36.65,82.03,844.03
32.02,114.7,884.01
47.96,13.17,824.02
45.67,54.81,902.44
22.31,24.2,458.45
9.42,69.38,402.31
16.74,21.93,367.78
28.44,95.84,754.21
12.78,110.32,564.39
20.96,111.19,698.6
24.17,105.59,734.4
43.37,80.9,942.21
33.81,29.32,651.91
17.04,63.15,505.89
46.49,5.61,750.57
48.08,117.0,1112.24
29.49,68.25,694.27
48.42,41.82,902.24
26.28,53.02,604.07
18.72,20.99,392.79
20.57,119.79,708.26
42.39,104.81,991.67
17.27,39.35,422.17
24.44,21.25,483.12
15.59,39.21,397.1
44.98,118.05,1089.4
4.51,50.73,267.13
13.64,49.01,396.23
7.5,37.18,271.9
10.79,17.47,267.53
17.73,78.99,550.23
47.64,68.52,955.13
26.83,52.14,610.76
13.06,113.32,586.07
7.88,17.78,218.79
22.5,88.91,659.28
26.97,6.58,472.4
46.34,96.38,1032.4
49.2,106.79,1119.77
33.79,65.33,752.34
18.85,83.31,592.84
20.29,90.02,633.01
4.53,88.51,383.94
13.53,64.72,454.94
6.59,37.79,266.91
9.77,23.19,263.96
30.59,83.15,762.61
33.4,116.0,901.09
22.23,73.9,588.41
27.22,97.06,752.8
41.2,117.36,999.88
15.75,44.19,421.94
16.53,50.19,449.43
28.62,58.13,649.46
4.51,15.72,163.93
36.38,119.28,954.03
30.07,88.19,780.23
32.76,99.77,834.86
35.71,91.14,852.44
23.21,50.08,563.87
13.67,8.83,283.46
46.56,71.76,966.48
5.16,106.05,441.8
40.28,59.28,839.03
44.44,33.48,822.25
1.21,69.78,280.0
35.92,22.99,645.29
34.96,67.12,778.16
31.26,13.34,559.81
9.47,62.35,374.91
34.66,98.12,867.99
18.48,83.08,572.77
7.69,64.25,357.44
41.25,115.21,1027.27
8.4,82.58,421.53
31.59,17.42,573.92
23.53,78.13,649.64
40.17,105.31,968.44
28.21,36.81,569.39
11.68,65.84,423.6
1.62,74.64,297.76
28.14,10.28,502.22
46.88,12.11,796.36
47.44,58.51,934.89
24.68,78.16,643.54
37.1,73.47,819.5
24.34,16.59,464.96
31.16,80.61,753.39
44.8,98.87,1022.12
33.98,100.22,856.75
42.25,44.74,820.99
15.28,45.21,407.94
3.92,119.01,470.63
49.66,116.45,1136.22
31.88,66.95,734.84
17.23,17.27,358.75
15.06,41.24,396.4
16.18,13.81,335.91
42.5,88.35,934.17
8.74,49.21,323.06
45.39,20.95,800.48
22.53,85.81,642.39
5.63,83.59,387.1
22.22,108.98,713.86
28.96,99.06,776.55
37.84,79.36,850.24
33.98,32.21,646.57
3.87,28.45,192.21
49.76,31.91,896.5
30.31,90.79,770.43
32.86,30.64,626.44
13.05,118.5,601.27
36.57,95.03,882.88
27.98,22.21,534.48
42.5,21.05,756.69
42.54,40.86,827.42
14.56,102.34,579.57
9.96,105.7,512.28
42.03,95.56,962.02
7.06,57.51,328.4
2.66,12.3,126.33
37.59,10.52,641.67
49.19,36.49,887.21
30.32,7.23,522.26
5.13,16.36,173.84
22.16,114.25,733.85
10.4,13.07,242.22
7.66,52.17,320.73
33.65,32.93,651.42
46.74,61.63,944.28
36.47,102.64,915.67
19.21,46.79,479.0
39.81,32.75,742.42
31.96,113.32,871.14
23.1,52.84,564.82
18.26,5.01,340.04
25.35,53.22,600.54
14.53,63.1,458.5
13.04,57.82,413.94
29.18,84.31,729.88
1.13,105.81,389.77
6.56,70.72,355.79
34.08,23.11,631.66
26.93,24.1,527.76
43.34,12.89,741.34
13.07,57.82,416.68
27.18,57.7,632.09
12.38,89.93,503.68
43.33,66.68,890.07
31.93,36.84,636.32
42.36,69.47,901.34
41.5,99.3,967.86
36.55,75.63,816.14
32.53,24.88,601.1
41.48,112.95,1015.23
5.84,47.81,279.43
3.62,54.74,272.92
26.19,112.88,791.83
26.79,103.81,764.51
9.53,69.87,395.6
34.38,11.95,596.14
15.32,89.96,552.31
8.6,66.14,373.02
14.1,74.74,487.23
23.33,80.9,643.98
38.65,56.67,795.49
20.0,73.63,567.67
41.03,24.95,762.14
34.22,90.25,810.55
25.44,89.25,701.69
1.35,25.03,143.83
46.22,48.13,878.62
24.95,69.45,636.16
22.01,37.0,483.56
20.78,116.12,710.44
1.14,57.21,238.07
43.03,16.18,733.95
18.43,88.66,583.59
0.72,94.7,344.07
44.41,48.82,872.87
34.89,49.71,724.12
9.29,107.99,513.18
46.01,52.11,898.6
38.64,19.23,665.31
16.77,24.63,373.98
35.87,107.34,924.59
17.31,31.11,406.41
31.68,47.34,671.62
32.9,19.78,619.32
45.38,110.77,1058.56
3.48,77.67,335.8
5.24,31.76,227.07
16.03,81.22,534.55
5.89,50.44,287.56
21.57,56.96,541.97
13.78,78.73,494.01
47.21,76.39,990.88
24.83,44.73,558.07
49.99,16.24,847.87
1.61,97.35,368.2
22.49,96.85,675.56
0.73,73.31,281.25
48.84,65.26,983.56
49.21,95.22,1071.92
36.04,5.24,609.35
18.72,43.48,460.23
27.09,56.5,633.89
44.07,52.82,878.51
15.1,77.05,503.66
8.33,35.31,282.39
12.77,91.33,528.33
1.23,119.34,433.27
41.57,56.02,843.18
26.98,82.92,700.53
34.04,22.79,639.52
5.63,94.36,417.54
32.55,118.27,896.2
47.38,90.52,1022.17
17.14,18.71,363.84
45.67,54.06,907.21
42.57,32.41,795.2
6.36,88.79,411.3
22.13,64.02,564.68
5.27,7.15,151.36
21.83,35.92,492.02
25.44,76.18,665.84
28.26,5.53,485.95
33.28,42.44,675.08
4.02,10.22,142.0
36.05,19.77,642.52
7.39,73.22,380.76
35.73,71.17,804.03
5.69,113.84,478.06
39.86,114.19,978.18
34.84,43.63,714.82
39.5,13.56,682.94
30.88,116.25,859.38
35.46,68.85,776.69
4.33,89.9,382.99
3.84,95.96,397.45
32.2,97.4,809.77
48.17,94.7,1075.06
20.89,109.36,687.76
18.15,69.7,528.98
36.14,108.82,921.01
27.96,57.72,635.09
34.88,64.04,772.23
43.08,71.39,911.39
8.23,115.25,525.39
3.22,108.13,424.7
34.83,83.82,826.63
4.29,11.42,147.71
16.6,7.66,323.58
41.83,25.64,748.73
41.25,60.26,843.92
25.83,99.89,721.43
4.26,68.38,313.03
17.73,111.99,646.58
13.77,57.28,436.15
26.19,76.44,671.77
20.24,87.64,607.18
40.94,93.03,941.43
31.56,65.02,721.28
5.31,49.07,276.0
42.7,73.49,923.81
49.48,26.71,869.74
3.01,58.24,272.48
24.97,62.39,604.17
18.07,29.23,406.65
34.25,43.77,686.06
16.64,53.88,456.43
48.74,51.83,926.95
28.57,27.79,569.79
37.82,103.98,938.68
6.22,14.52,186.27
47.38,113.5,1116.82
7.51,84.49,415.49
42.16,58.01,850.64
2.16,32.64,180.0
34.99,80.94,811.17
36.09,49.14,745.88
16.95,81.59,545.99
48.29,107.64,1091.98
37.68,117.43,956.9
35.94,34.0,691.0
10.05,31.18,291.02
31.9,64.21,722.61
21.03,90.32,638.14
20.64,96.09,645.54
4.36,32.81,213.13
7.74,96.84,457.08
37.93,82.86,853.55
10.63,13.86,251.59
35.47,49.39,735.68
12.46,66.02,440.25
28.68,71.46,699.57
30.22,95.18,794.46
27.86,61.94,646.67
27.27,36.3,567.73
41.98,68.85,893.81
46.55,63.47,942.09
40.11,50.77,801.62
42.17,6.04,705.05
19.29,96.03,633.69
6.77,28.38,239.13
6.94,69.89,364.1
37.78,90.49,893.15
24.37,106.23,735.44
31.17,89.81,777.05
5.9,83.47,388.39
19.14,70.26,552.28
25.73,41.17,563.32
38.91,52.76,785.3
18.46,102.63,639.86
1.65,94.87,364.02
27.84,65.58,661.58
35.23,97.73,867.52
16.38,102.25,613.64
26.28,95.1,734.44
14.05,34.95,364.1
4.16,14.03,153.9
5.88,45.55,276.26
35.82,44.06,718.6
1.55,61.47,252.62
49.51,96.93,1085.66
23.33,100.02,696.04
5.38,31.76,227.05
26.7,7.27,474.18
44.74,49.02,856.97
40.18,57.64,822.81
30.59,99.66,799.8
48.21,37.95,887.51
49.72,5.69,828.15
45.36,94.74,1013.11
13.15,32.98,343.39
33.64,113.24,891.65
32.28,66.34,752.25
35.68,96.42,875.28
35.07,86.08,829.88
31.07,83.92,783.02
35.88,104.98,904.99
44.76,92.93,1008.07
10.53,9.06,235.19
26.32,85.08,699.11
42.22,23.91,746.85
5.12,94.48,414.61
11.29,55.71,394.02
24.63,84.87,676.25
40.79,87.0,928.61
27.75,58.52,639.77
28.96,60.57,662.98
38.95,92.42,925.29
14.21,16.03,310.43
2.04,51.27,235.05
13.08,30.34,339.02
39.28,10.33,665.49
27.57,20.54,513.71
10.49,114.03,549.4
47.86,69.86,980.81
46.46,48.44,880.82
7.32,84.77,415.83
10.19,5.37,220.96
48.63,91.79,1044.52
27.17,87.64,706.35
9.06,27.51,268.82
21.8,32.31,478.86
29.95,84.41,758.04
6.19,91.87,420.17
41.25,36.76,774.83
32.64,63.69,732.74
42.57,56.98,865.57
46.75,9.11,777.67
24.54,23.51,493.02
6.9,6.3,170.29
36.49,78.75,834.4
47.29,75.07,993.56
19.66,74.97,565.45
18.94,77.44,573.5
23.05,65.6,596.26
12.19,29.38,321.69
18.47,13.52,374.91
41.08,12.61,709.82
22.09,95.18,668.43
5.17,38.98,241.87
8.32,89.69,440.16
3.44,58.63,278.59
10.18,5.94,218.65
34.41,104.0,872.0
12.26,30.65,322.11
47.37,33.01,856.2
5.12,69.04,341.22
48.35,42.2,907.48
18.3,43.76,461.81
26.68,46.9,600.56
21.67,96.14,673.55
14.2,109.82,597.01
2.24,73.51,305.03
16.32,57.87,469.59
2.23,95.82,370.19
49.55,110.54,1113.42
16.84,30.75,398.11
36.43,29.9,678.53
12.38,42.19,365.2
1.81,78.39,311.92
43.15,88.19,960.64
45.56,18.31,776.52
49.38,21.52,857.8
41.5,9.36,698.2
8.83,114.08,529.19
45.86,22.84,799.2
11.61,55.78,394.56
16.71,12.63,342.69
13.02,30.25,338.38
24.5,116.81,764.06
7.9,17.73,223.35
31.87,71.4,739.34
24.6,34.69,522.58
5.41,109.16,455.35
41.55,76.27,884.25
23.49,90.73,660.71
6.75,66.1,349.7
1.18,33.14,169.41
33.59,112.43,875.37
2.69,63.33,282.42
10.38,88.67,474.36
3.14,81.18,344.79
37.47,20.04,669.27
23.89,27.94,503.82
37.1,111.39,935.4
49.22,46.88,940.39
12.1,116.33,584.36
4.33,27.08,197.64
1.42,94.31,351.86
9.5,78.73,426.96
21.94,113.26,726.53
27.55,86.11,718.49
8.85,91.13,457.3
23.54,31.28,494.21
24.28,103.4,722.27
26.93,76.9,682.55
21.3,35.64,474.51
49.3,111.66,1116.37
2.62,68.4,292.99
36.54,118.61,955.39
21.75,56.68,553.08
39.59,13.92,691.35
40.13,104.37,963.23
49.01,38.86,928.93
29.71,63.27,699.6
27.11,5.8,476.24
42.26,28.13,773.47
24.15,71.07,617.8
25.13,53.05,579.37
48.48,71.1,989.97
14.7,86.98,529.51
16.56,55.43,467.84
11.26,98.13,510.05
49.84,71.12,1012.17
44.55,62.69,895.0
21.43,30.11,472.23
48.13,25.9,842.27
49.67,68.9,1002.31
40.82,69.74,872.89
22.53,57.43,568.02
0.62,47.63,202.45
46.01,28.03,826.94
24.81,8.97,453.89
37.52,14.98,662.15
12.75,80.42,478.63
20.61,45.4,499.92
0.73,71.3,271.52
34.55,32.92,673.13
35.92,57.58,762.52
9.64,99.53,498.45
39.0,14.69,675.93
25.49,74.34,661.19
37.3,100.44,887.05
10.2,74.86,429.68
27.72,38.48,590.8
31.54,60.4,701.7
13.98,81.82,501.56
12.31,25.11,316.74
17.3,109.5,640.83
42.21,57.77,858.93
26.76,24.5,521.85
8.48,15.97,228.81
34.96,60.45,752.56
15.58,88.08,548.54
3.42,89.67,375.9
42.83,93.29,972.57
4.36,57.94,289.49
48.31,19.31,815.83
43.35,118.95,1043.24
30.61,75.19,733.69
16.16,75.93,521.75
44.89,59.29,893.46
38.35,78.1,847.44
30.84,75.36,731.12
4.91,29.77,215.46
10.0,85.72,459.59
43.59,18.55,768.23
18.85,35.99,439.84
37.41,51.09,759.09
27.9,48.64,616.78
49.87,73.01,1009.03
49.6,10.91,829.96
4.01,13.71,151.87
48.67,12.65,823.18
34.74,66.33,771.7
33.93,109.31,906.82
29.58,108.09,821.64
33.13,64.64,743.44
3.94,101.01,421.5
33.26,82.02,797.56
32.86,97.94,842.27
23.28,12.22,438.35
32.16,29.17,622.58
38.41,37.94,745.14
31.84,65.73,730.63
27.72,26.94,543.35
15.61,31.12,373.86
18.87,84.81,584.07
47.99,29.21,853.84
23.36,35.63,500.03
7.94,69.75,372.6
44.8,69.57,913.29
19.72,34.19,453.22
48.27,48.38,917.23
10.84,110.17,540.7
10.61,70.07,416.1
20.73,38.02,478.39
49.78,40.88,930.03
42.34,39.79,815.59
3.34,100.68,402.29
35.95,8.97,620.08
18.26,15.16,376.27
19.95,83.45,600.53
9.86,15.54,242.98
18.07,81.7,565.77
20.6,54.16,516.02
47.2,45.14,893.58
42.2,45.12,820.28
4.7,14.71,165.83
4.03,84.25,363.66
28.38,80.01,714.99
11.08,19.53,274.32
13.6,66.41,452.1
49.78,59.79,974.79
48.93,66.83,983.11
31.29,66.61,726.29
11.38,92.84,498.44
43.56,62.81,887.31
4.34,28.87,201.06
8.68,86.87,438.3
33.14,20.53,597.79
17.19,71.24,519.05
44.99,108.19,1030.94
26.14,59.52,611.76
3.56,71.56,313.98
20.99,112.98,719.28
30.24,98.87,796.19
10.1,42.04,325.63
18.07,98.29,624.25
45.24,18.17,776.62
0.51,107.2,376.98
15.11,26.39,354.21
39.79,77.97,883.39
10.8,27.72,291.65
29.97,81.44,752.9
41.94,110.38,1003.08
31.49,30.3,610.43
9.47,100.77,495.8
45.59,12.67,779.61
46.96,70.63,952.18
41.14,111.12,1017.49
33.29,82.21,797.05
26.09,76.67,685.14
25.51,30.59,528.67
34.83,49.16,721.14
36.2,79.49,820.5
8.46,27.33,259.41
9.06,116.65,526.15
35.09,72.09,787.46
23.76,107.2,741.42
36.24,72.64,812.67
20.24,10.46,386.49
19.84,111.35,678.22
9.7,98.8,497.56
28.14,68.07,683.17
43.16,91.27,959.61
30.82,45.31,649.59
44.53,34.23,829.85
32.89,112.55,885.33
19.93,55.33,514.23
40.42,34.99,753.36
29.89,94.24,789.36
1.79,15.17,122.16
35.96,119.8,958.52
21.91,102.38,686.37
17.0,65.16,496.41
6.15,47.28,283.84
22.37,42.92,510.22
47.44,14.54,801.39
10.37,36.34,317.92
45.14,99.86,1014.44
46.0,95.45,1038.08
43.81,27.18,776.51
34.39,50.71,705.38
43.82,115.29,1041.68
4.23,29.65,201.13
7.4,8.35,186.07
35.54,118.07,931.45
8.21,85.3,424.33
36.23,32.45,709.57
15.91,49.23,435.95
7.03,41.59,276.46
6.1,9.13,171.0
8.02,119.25,519.91
14.08,7.61,285.95
5.0,48.28,270.61
44.52,96.73,1011.96
34.2,35.4,667.4
2.72,62.21,274.65
8.85,13.66,225.79
42.18,11.29,726.49
39.13,80.18,882.54
32.81,59.52,713.07
27.0,13.17,493.31
23.68,89.05,675.18
42.19,79.36,894.15
6.82,67.44,350.36
32.57,49.45,683.09
38.48,72.45,842.11
13.86,22.25,322.17
40.11,48.53,804.52
27.38,34.68,566.27
39.64,55.11,817.18
24.72,43.49,552.05
36.51,20.35,651.18
22.88,53.68,555.69
15.27,25.14,355.85
34.44,117.65,904.33
11.18,28.46,305.17
44.53,10.06,746.7
14.35,39.79,382.49
25.22,92.19,693.25
13.75,39.36,369.81
23.92,33.86,512.27
10.3,96.5,489.0
21.05,22.74,437.61
3.13,72.3,310.09
6.17,83.2,389.96
13.94,109.35,583.6
42.66,70.83,895.84
5.86,68.19,346.21
4.35,110.56,442.97
24.17,89.44,674.89
44.06,31.76,810.68
9.93,64.87,393.28
41.82,65.95,879.54
10.66,106.2,529.61
41.62,100.68,971.53
32.94,33.86,660.1
44.54,23.36,792.48
23.51,43.31,525.77
11.26,93.53,498.03
24.18,64.13,603.59
16.8,40.49,425.08
33.13,69.68,771.46
24.45,98.84,710.8
20.81,107.42,676.64
23.06,85.04,661.45
11.12,10.05,249.26
22.81,70.78,603.61
10.81,58.37,381.12
8.61,45.28,314.62
2.42,24.14,160.05
15.98,68.38,501.27
41.55,101.5,969.51
8.56,38.54,295.04
33.7,34.67,668.04
44.64,101.43,1022.44
6.26,109.74,477.78
12.75,111.75,585.3
1.36,14.45,114.28
31.33,113.64,853.66
17.77,44.98,447.04
23.47,6.77,424.53
29.81,95.16,777.6
7.03,75.8,379.07
28.42,100.04,777.42
39.59,80.78,877.73
44.9,55.8,887.29
1.27,84.65,322.8
23.84,80.93,653.9
45.19,81.16,967.55
14.25,29.86,355.34
29.12,101.52,792.64
28.49,82.58,738.71
37.09,50.57,770.87
45.25,104.3,1051.44
20.96,100.74,672.42
46.66,96.44,1042.63
23.5,75.0,624.86
49.56,46.33,920.47
6.79,24.34,223.03
25.96,109.63,764.49
28.3,102.4,785.48
27.2,109.81,785.38
43.76,72.29,929.72
24.25,94.04,700.37
40.64,114.41,1013.54
43.72,13.54,749.48
46.37,90.05,1020.88
43.95,6.18,731.59
24.63,34.63,520.16
37.93,59.42,799.57
7.39,33.84,263.84
13.59,44.57,390.38
29.89,91.46,775.1
16.18,65.08,497.25
26.14,43.44,572.64
12.57,34.29,342.33
23.13,106.26,711.53
43.18,91.9,975.85
39.29,65.59,837.91
13.6,95.55,534.64
9.0,77.13,413.08
12.5,48.11,385.39
16.08,101.92,600.92
3.37,118.38,447.68
46.22,20.22,797.25
18.21,46.27,467.21
42.54,73.04,904.98
49.59,102.08,1088.87
27.71,29.6,557.86
15.43,83.87,537.48
9.92,49.02,346.64
45.86,85.95,992.59
37.92,81.45,854.68
8.21,12.19,211.72
3.44,117.1,460.1
13.0,49.39,394.78
48.15,29.53,857.37
14.52,86.25,521.47
46.47,75.28,973.55
15.41,61.33,481.2
25.12,69.61,635.84
19.97,21.81,419.55
42.13,7.52,708.87
20.53,117.52,711.43
33.77,88.38,820.47
48.88,113.04,1111.74
20.66,25.77,430.75
19.37,117.59,697.69
4.04,9.52,139.14
28.98,89.67,753.85
43.71,92.6,968.59
11.97,43.46,363.87
48.42,37.21,879.33
29.62,118.68,854.14
16.93,119.04,654.72
5.88,56.89,309.1
35.19,76.33,810.91
7.85,24.61,244.65
30.75,70.59,727.18
37.43,33.01,706.22
33.87,36.59,678.26
7.3,8.35,183.53
18.49,93.42,610.98
22.78,30.02,479.89
28.48,50.12,619.5
45.28,5.44,756.64
44.6,46.22,852.5
33.84,71.74,777.62
12.85,95.15,522.78
43.36,60.02,872.49
16.89,38.42,418.3
36.45,53.77,758.31
36.35,87.58,880.68
22.72,20.53,447.22
47.98,114.27,1109.06
23.11,8.18,424.67
14.76,76.53,499.68
9.6,99.89,494.92
31.38,48.53,672.04
35.5,60.02,763.1
48.95,74.81,1022.0
3.71,88.99,371.66
34.12,110.91,896.55
12.95,72.28,465.26
29.24,54.23,646.45
1.93,113.65,425.82
19.9,102.65,656.38
8.42,31.62,269.43
22.47,60.88,568.21
6.18,54.12,305.97
25.71,114.48,777.22
17.4,44.26,438.27
39.32,37.52,745.86
14.76,10.39,303.13
24.4,15.09,452.69
26.79,18.03,501.7
29.65,10.64,525.96
31.61,86.33,774.67
3.51,6.31,124.63
17.45,93.69,587.68
34.55,71.12,784.27
8.75,91.86,454.51
31.98,48.49,679.4
3.39,104.06,410.78
26.81,63.92,650.09
9.28,21.75,253.61
45.5,117.79,1087.76
38.89,45.64,778.04
14.37,21.31,328.63
41.23,27.23,751.59
27.99,94.21,758.66
1.32,87.06,332.94
11.26,100.38,532.81
12.91,61.32,429.94
13.52,34.44,354.16
21.37,102.27,682.54
2.84,114.9,438.99
4.32,87.92,380.44
43.19,68.39,899.17
20.44,96.24,647.72
45.39,77.05,967.62
33.69,70.76,784.18
28.28,89.09,740.25
46.74,47.9,892.72
26.59,20.11,508.96
35.94,94.65,876.23
26.94,79.35,704.17
27.96,91.28,743.89
5.96,20.07,201.53
19.11,62.07,521.51
7.22,32.7,252.54
36.83,118.34,952.31
17.86,30.68,405.63
10.6,20.14,270.12
14.88,34.68,379.9
29.69,85.18,745.07
14.89,15.09,314.63
19.63,66.37,538.32
49.18,76.97,1036.94
44.39,110.34,1040.96
21.85,5.04,395.97
22.84,38.78,498.35
13.56,55.07,418.53
15.84,118.94,650.93
16.36,76.61,528.85
35.54,42.54,716.48
15.16,11.08,315.0
12.27,76.25,463.71
12.95,56.12,423.07
7.63,81.17,407.52
11.04,100.21,521.84
16.0,73.31,510.94
23.3,53.69,558.42
46.77,61.52,936.31
31.86,107.87,848.99
34.12,98.28,850.54
35.17,78.32,817.96
12.58,19.76,300.6
8.75,33.41,283.85
29.5,8.61,513.73
20.96,41.82,491.92
5.77,71.56,349.76
22.5,72.88,605.37
6.96,72.27,367.27
39.88,58.79,817.35
19.21,98.5,631.96
2.99,67.18,298.14
35.9,72.6,814.83
47.82,104.58,1095.71
7.03,57.05,320.07
46.57,42.63,858.28
30.91,108.08,831.84
16.61,40.72,424.07
11.45,78.43,453.54
46.91,76.97,974.93
11.03,97.46,506.98
9.05,40.64,309.93
11.25,28.16,303.32
4.75,52.54,278.8
1.23,38.74,182.95
49.94,10.55,836.14
7.26,95.49,445.12
23.11,5.29,417.52
31.2,82.23,759.79
6.84,55.58,322.76
18.43,91.61,598.21
22.29,77.22,613.66
14.41,18.16,322.32
48.38,86.5,1034.48
38.97,28.4,729.51
37.65,24.16,676.08
23.15,23.72,474.36
41.75,89.22,949.79
8.38,100.27,481.11
12.92,59.71,420.92
29.04,8.99,512.71
10.01,23.49,273.12
34.48,14.4,619.84
12.04,19.86,283.48
24.79,44.14,552.31
23.81,20.3,466.0
46.84,94.18,1023.07
43.78,54.1,861.68
43.2,90.38,988.15
11.34,5.03,236.23
17.02,26.92,382.75
44.8,18.65,776.89
38.33,113.02,960.04
36.69,87.16,853.71
2.35,13.13,124.86
3.22,72.67,313.14
17.45,81.98,561.36
2.36,113.93,429.91
29.54,108.01,814.43
36.62,30.23,706.5
5.61,15.41,180.41
8.12,74.91,397.89
18.02,44.84,452.79
2.36,84.96,341.12
13.41,49.33,402.81
8.15,87.87,429.15
46.28,101.15,1060.41
24.99,36.02,530.11
37.47,33.07,713.61
14.73,40.18,389.03
44.12,20.59,769.04
44.7,55.64,899.52
20.75,54.43,519.58
44.17,48.23,862.87
17.28,86.95,574.81
16.83,75.19,535.35
3.19,114.85,434.19
43.11,42.28,819.8
49.86,84.42,1040.99
30.69,22.84,581.28
39.29,20.92,699.56
40.36,77.77,869.09
37.52,33.06,707.61
1.42,100.53,367.86
18.81,12.77,365.57
20.98,34.46,474.4
35.71,45.95,712.59
8.85,68.52,391.51
14.28,13.43,306.27
42.67,105.3,999.46
26.97,114.36,801.23
35.36,11.12,608.35
14.48,114.14,622.38
48.67,87.39,1048.21
32.11,109.48,864.68
24.89,87.63,687.6
31.77,68.54,736.95
13.87,23.33,327.11
35.75,67.85,794.57
14.67,12.33,305.85
1.26,111.13,396.9
28.57,61.11,658.85
49.99,107.18,1131.78
19.67,46.91,480.57
18.67,78.51,574.68
8.07,53.92,333.61
43.09,5.36,721.43
19.5,106.62,665.98
36.92,74.7,832.83
41.77,88.94,933.41
28.96,87.18,754.16
32.13,36.41,645.13
41.23,110.03,999.74
18.63,42.96,467.48
36.3,74.82,817.98
4.02,83.6,360.68
16.06,7.33,315.98
12.76,77.86,472.69
22.26,68.12,582.01
3.36,70.28,318.25
20.18,27.99,437.94
14.56,66.98,471.62
48.17,33.23,873.45
27.27,118.07,816.02
17.02,37.0,421.35
17.18,16.82,355.38
32.39,30.64,619.81
22.11,27.37,468.79
44.1,81.54,953.97
27.13,96.69,741.77
46.06,20.26,800.31
24.61,119.46,763.39
18.55,35.49,435.13
14.83,38.06,388.44
4.77,69.04,328.01
44.28,60.66,912.09
17.64,33.84,412.84
49.6,46.5,923.19
26.47,36.59,558.97
27.49,12.8,496.01
44.2,63.39,913.41
6.05,59.48,317.06
27.66,94.14,754.75
35.03,93.67,853.35
48.47,102.15,1097.36
43.5,65.39,886.59
34.3,24.81,642.58
44.5,86.67,984.36
43.91,23.65,782.97
46.36,15.87,802.41
1.33,116.01,414.98
17.33,91.11,585.27
37.64,24.55,697.76
48.36,76.6,1003.85
32.09,58.98,701.74
17.8,63.34,507.48
14.11,46.38,403.68
14.31,82.79,504.33
15.31,78.39,517.0
2.97,96.45,387.49
11.03,78.0,454.53
25.54,48.24,580.97
26.14,67.76,642.16
42.42,47.06,831.98
37.32,43.61,747.45
28.12,76.25,705.05
35.53,84.17,841.42
11.42,29.69,311.81
48.55,102.9,1091.65
47.84,6.51,791.93
1.91,64.51,271.81
10.18,105.86,520.01
23.59,103.13,708.65
31.07,55.1,680.8
24.82,114.13,775.52
3.42,60.09,280.99
29.54,18.02,552.98
9.6,19.77,251.09
15.31,103.78,595.44
16.46,16.38,348.52
2.08,72.41,295.76
26.68,37.09,569.79
18.53,88.93,594.9
25.21,56.82,604.01
46.16,28.93,816.15
45.8,24.47,818.22
33.97,53.5,713.17
19.99,17.34,403.68
48.45,29.61,865.54
4.04,7.02,131.69
30.15,75.69,723.85
16.91,46.29,442.71
35.39,53.17,727.87
36.44,10.38,631.36
49.43,78.77,1032.49
39.43,95.69,921.62
13.9,115.24,603.99
5.66,49.26,282.25
3.33,79.17,338.01
12.09,25.6,306.27
17.68,78.71,561.1
45.99,28.38,831.33
20.96,35.57,463.47
28.12,99.66,775.77
27.77,101.38,778.17
46.56,63.4,941.34
39.64,58.91,818.74
14.52,51.3,424.09
44.07,103.74,1025.93
24.02,79.83,638.07
11.09,14.78,260.49
47.36,83.75,1008.51
37.58,113.69,946.75
18.3,25.86,391.81
38.44,109.27,961.6
16.7,22.26,361.25
27.15,64.97,643.37
47.84,70.7,990.39
32.46,46.12,660.26
46.84,98.1,1033.14
4.99,41.09,248.18
14.33,13.44,303.18
38.71,15.48,683.16
25.82,98.97,728.68
21.02,98.71,655.7
23.84,68.66,614.07
30.8,111.71,850.55
37.73,107.34,926.66
26.5,29.6,535.0
43.64,60.71,883.59
8.87,79.21,422.77
11.52,46.65,362.59
8.72,10.72,214.68
13.73,85.08,508.27
26.54,64.77,645.89
8.41,30.39,270.79
27.42,102.21,757.39
49.71,5.5,812.78
22.72,23.69,466.71
40.45,69.79,878.76
9.87,11.13,230.38
11.5,33.96,329.9
7.88,37.61,282.48
49.38,65.29,998.92
26.31,27.01,534.99
10.72,15.12,259.78
18.75,24.79,419.44
30.6,74.33,735.05
33.91,31.5,654.37
22.15,79.51,631.59
25.31,65.45,629.96
19.8,68.43,537.64
3.18,49.15,246.29
42.53,115.72,1036.97
39.18,77.75,862.21
12.91,36.19,351.5
21.68,75.13,595.65
14.09,11.5,302.34
49.45,113.05,1135.43
15.13,27.36,354.7
34.38,95.41,846.56
20.37,66.2,553.41
44.71,80.53,953.4
36.15,62.71,785.45
41.11,29.88,745.17
14.65,100.7,572.28
34.55,88.78,835.79
24.82,57.8,594.08
20.93,102.96,675.87
46.45,24.35,816.0
49.98,118.91,1139.93
21.77,24.59,453.69
6.45,85.96,410.98
12.76,32.01,344.09
49.49,77.31,1019.79
42.26,88.07,959.04
17.83,87.53,582.96
41.16,76.33,896.85
3.95,51.73,261.66
49.86,91.64,1091.64
9.76,61.39,385.83
22.6,32.36,477.77
36.36,17.27,634.74
48.34,39.91,897.75
17.38,86.32,567.5
34.95,8.54,595.06
15.89,5.95,307.18
23.11,22.94,460.46
4.36,11.48,150.35
42.87,35.57,800.96
10.61,10.51,241.23
49.91,103.79,1097.04
25.99,53.7,599.41
29.95,73.48,711.7
28.1,99.76,746.39
15.64,25.73,366.04
0.57,42.04,186.33
26.76,93.82,747.75
12.03,83.03,471.76
11.32,69.71,433.56
47.28,13.78,800.16
35.65,97.37,882.27
8.0,10.17,199.78
47.85,9.92,790.74
46.03,69.55,957.69
8.79,109.0,516.89
7.08,63.83,351.47
1.6,20.69,136.18
8.95,12.23,218.11
29.05,95.0,775.56
20.72,93.42,636.4
1.28,16.88,120.86
41.26,51.61,825.14
10.27,86.91,470.44
28.13,45.46,611.77
36.53,77.56,822.17
17.19,55.65,479.41
38.76,32.73,738.87
0.72,35.64,168.28
11.28,100.04,518.75
31.31,24.27,594.05
17.54,31.01,395.79
13.02,72.3,460.72
47.12,88.79,1043.0
44.64,59.7,899.08
41.0,66.7,863.2
28.61,117.12,840.29
25.5,58.33,604.32
7.71,91.07,437.68
38.29,71.83,850.4
13.25,111.23,586.56
14.43,110.38,599.79
18.55,6.1,344.57
3.37,107.97,422.19
41.5,92.72,925.67
21.56,35.1,475.19
30.61,11.79,545.53
40.92,116.87,1036.02
43.89,87.79,957.9
33.41,28.18,633.56
1.5,70.92,287.99
32.47,79.43,773.25
39.5,43.6,774.17
37.6,114.69,954.29
12.94,69.61,450.49
42.72,51.42,848.59
32.17,9.83,561.36
14.82,115.15,608.31
39.85,104.46,942.55
40.36,49.57,784.25
24.3,65.79,621.82
34.2,56.06,739.67
15.11,110.82,598.27
32.32,62.8,723.94
1.55,88.69,336.11
2.08,100.26,378.6
29.15,60.76,661.83
28.69,33.67,588.96
3.62,69.55,315.2
22.87,33.8,490.49
30.61,18.41,562.77
40.73,20.88,734.91
19.44,25.7,414.88
12.68,28.5,329.56
2.63,16.81,140.3
29.94,70.34,705.05
36.86,33.88,698.59
29.59,112.28,827.73
43.23,68.82,914.79
25.28,10.5,460.94
46.77,17.87,797.04
45.1,28.06,817.05
7.43,55.45,332.2
38.24,42.75,751.75
19.56,71.32,563.53
23.89,107.75,732.75
10.65,104.78,529.29
28.49,105.69,789.09
11.95,85.67,488.32
28.52,82.67,729.68
10.23,29.89,295.35
8.79,39.38,298.37
46.06,91.85,1013.13
35.27,70.06,802.61
4.04,71.3,321.27
17.54,107.9,636.02
40.28,110.1,992.94
7.39,17.33,215.83
12.71,41.13,367.49
44.59,83.47,971.87
28.91,33.1,584.0
26.91,16.95,506.83
41.38,45.13,805.39
4.38,12.11,151.12
35.83,34.6,698.03
7.47,49.36,316.1
3.77,53.49,265.34
31.48,100.75,828.36
45.9,69.12,943.71
24.76,67.88,634.1
33.67,82.04,805.39
44.19,86.56,985.04
46.48,91.3,1027.6
32.96,25.65,623.97
4.61,41.32,245.47
7.52,52.03,315.91
6.27,5.29,159.28
21.12,14.05,418.74
29.62,94.7,777.32
15.92,107.57,607.27
13.5,113.59,606.17
29.86,83.11,745.12
21.6,109.05,697.93
48.91,79.98,1020.93
33.13,99.02,828.26
47.48,49.48,898.91
4.38,40.4,234.57
37.42,64.17,811.15
32.01,32.97,632.51
15.02,101.25,583.96
41.77,20.84,731.66
23.63,54.47,573.72
30.21,44.92,639.29
48.05,81.8,1010.73
27.21,23.82,536.97
31.13,107.62,852.95
35.96,95.09,864.84
10.74,94.51,490.11
35.08,44.34,709.66
19.52,26.82,422.99
7.65,110.76,495.32
31.79,51.93,676.46
24.13,97.3,694.51
18.77,59.48,501.19
16.99,58.2,479.0
32.77,61.0,725.97
36.75,59.31,781.49
41.64,117.26,1047.04
20.77,45.6,496.92
4.75,45.76,262.67
40.53,86.27,909.73
48.58,24.43,846.12
30.1,77.79,746.01
24.45,14.62,464.94
35.21,37.33,686.39
43.14,66.7,881.84
23.86,26.99,486.16
28.3,49.72,629.84
20.44,13.3,399.9
3.62,66.06,306.95
2.85,12.4,129.26
32.16,19.36,597.37
46.68,62.99,939.49
9.63,27.52,275.81
30.22,31.03,597.64
12.16,17.71,281.34
20.71,10.98,393.17
1.15,30.83,161.17
47.91,62.08,941.61
21.14,29.35,450.32
37.58,63.46,797.41
0.57,116.12,410.37
25.85,14.17,479.53
34.92,50.61,718.93
41.1,42.84,800.42
49.9,60.89,975.17
10.93,102.49,513.56
24.78,103.42,726.83
12.03,53.74,396.52
33.96,94.76,841.93
34.82,73.16,792.74
30.56,85.63,764.27
39.05,40.85,769.79
17.47,34.73,406.67
38.95,91.68,914.01
15.93,42.61,420.43
26.63,101.09,761.82
15.63,43.93,413.33
37.74,83.04,869.91
39.34,96.7,925.7
23.78,42.79,536.57
46.58,34.19,860.7
48.79,48.61,914.98
48.27,9.57,797.9
23.93,47.03,552.77
44.97,33.01,817.06
25.13,71.49,646.03
23.35,118.02,752.9
15.11,13.42,320.86
19.73,26.29,426.05
37.04,36.15,708.63
28.09,107.08,799.42
10.63,99.38,511.9
12.56,18.18,289.31
33.37,73.41,767.27
24.03,22.1,476.29
18.29,72.41,541.68
10.14,113.82,547.46
1.78,78.92,316.21
16.9,54.31,462.66
38.64,108.25,948.88
0.71,103.51,367.86
47.38,37.14,861.68
20.78,50.18,502.27
24.06,22.69,479.38
42.41,98.17,979.01
31.52,116.41,862.82
40.1,45.42,777.24
26.59,75.6,678.07
19.37,84.9,601.6
26.02,65.77,628.9
5.47,27.84,213.42
49.05,37.18,922.57
28.22,10.44,509.85
38.69,88.99,909.6
6.66,95.8,438.36
13.86,37.3,369.27
29.42,55.61,660.4
4.37,114.31,455.29
19.17,62.33,520.04
7.64,77.44,389.29
34.79,64.12,765.31
42.11,103.37,992.17
12.07,111.03,549.59
4.86,54.28,287.35
35.4,105.34,888.26
20.74,94.14,652.13
4.73,58.3,296.48
7.95,95.89,456.79
49.27,57.09,967.79
29.74,90.58,762.63
33.23,63.73,736.64
41.43,10.18,692.62
31.06,92.45,794.76
13.52,60.41,440.59
30.19,18.88,556.84
48.85,109.92,1128.39
1.49,28.17,157.5
38.51,17.21,680.08
2.19,26.06,160.28
4.46,66.44,313.09
23.7,7.32,429.82
13.6,25.65,329.35
40.36,114.22,992.2
35.45,13.31,630.32
6.0,38.85,258.5
21.7,40.73,492.22
22.52,89.33,656.15
23.32,29.2,485.25
21.54,46.13,517.94
14.84,74.22,498.1
24.34,106.61,730.04
46.98,49.04,901.99
13.89,54.05,415.3
19.18,56.8,519.98
0.69,34.49,163.78
8.93,86.7,446.38
48.75,13.88,829.26
23.51,108.43,735.33
28.31,117.53,822.21
18.87,52.97,490.49
43.12,51.84,849.8
31.21,91.51,797.33
46.94,83.21,1002.93
49.76,5.3,813.44
46.42,19.62,809.93
2.08,67.48,284.38
21.31,93.6,648.91
26.06,65.8,631.07
47.47,51.05,926.66
20.2,86.35,609.21
5.53,17.26,186.12
18.4,59.88,510.51
49.48,52.0,951.7
27.51,74.09,679.02
6.19,107.21,465.05
33.94,83.06,796.14
33.21,29.72,634.12
34.76,49.61,729.56
17.73,34.51,418.44
42.59,83.82,939.95
17.72,68.39,507.59
7.37,107.17,471.84
28.79,23.54,557.99
4.38,68.03,320.45
40.11,118.66,1002.08
38.58,117.02,980.23
8.65,33.19,278.24
36.86,34.07,701.92
4.62,21.85,182.76
7.75,31.0,258.23
14.06,19.49,321.65
1.3,23.44,140.72
39.44,39.05,762.12
36.7,91.32,877.11
49.9,69.55,1005.4
16.17,46.13,430.57
15.76,10.64,318.37
31.4,74.47,736.18
47.26,66.44,960.98
28.02,67.59,677.91
30.3,60.79,687.15
38.44,33.92,726.44
1.28,38.75,182.97
21.29,71.55,571.45
17.49,5.15,330.09
44.12,31.6,806.54
1.65,33.89,177.48
44.02,48.21,862.89
23.86,100.82,721.36
2.5,109.93,420.2
1.34,14.75,114.83
10.69,73.26,433.37
29.4,77.56,728.09
11.44,109.65,545.02
44.14,104.34,1043.75
0.53,111.36,387.85
4.72,105.92,430.36
27.19,109.16,787.41
47.44,106.88,1084.26
10.89,13.06,249.86
43.22,113.96,1044.02
6.5,32.12,247.33
25.86,47.44,584.81
15.65,81.59,524.95
16.64,57.91,478.06
22.79,101.91,700.19
15.89,84.67,542.09
38.07,77.5,842.03
30.41,80.74,742.84
13.25,43.7,380.92
9.6,112.34,532.77
31.59,62.13,714.83
46.08,12.47,772.07
26.28,105.87,756.65
27.3,95.13,751.6
27.48,17.66,510.25
17.7,69.2,524.28
49.58,88.6,1067.08
11.69,49.16,371.44
32.53,52.21,700.48
33.53,53.33,722.17
3.23,105.36,414.25
15.45,39.08,395.84
11.72,36.24,337.55
2.89,97.43,395.67
8.94,21.4,243.69
5.28,22.01,193.42
49.62,89.5,1045.57
21.71,77.22,612.25
39.32,113.84,979.33
28.59,112.93,815.61
22.9,77.9,632.84
30.46,48.91,649.74
27.36,84.9,710.59
12.9,115.42,583.05
2.63,11.49,124.61
16.78,103.55,599.33
8.88,46.93,319.33
14.86,113.95,614.39
26.25,105.01,764.21
38.28,53.48,773.12
31.42,104.27,830.95
41.28,31.55,756.7
28.03,55.37,644.45
29.13,113.88,838.66
9.18,101.04,501.21
14.05,15.88,307.96
39.0,33.95,733.03
32.69,84.06,791.53
45.13,107.47,1038.62
19.04,48.9,487.99
6.92,113.94,494.0
47.35,101.97,1069.28
45.98,37.85,850.04
11.6,58.52,391.33
0.96,105.92,382.17
46.48,99.41,1032.33
38.92,74.63,842.86
4.8,12.45,156.1
42.25,51.99,841.03
34.32,31.16,655.47
20.83,70.94,576.96
18.53,12.91,376.01
1.6,57.85,250.27
20.62,42.9,496.79
9.4,11.92,229.59
42.96,88.3,965.06
44.9,118.02,1078.6
11.6,17.23,277.02
49.7,40.46,916.01
37.53,107.44,931.46
24.14,38.81,528.64
4.76,107.09,449.44
32.96,9.23,571.65
17.1,33.67,412.9
25.59,14.55,470.37
42.99,91.76,984.34
1.41,24.15,146.62
35.9,98.87,882.07
2.94,7.13,117.27
39.44,22.91,715.24
48.45,31.38,865.26
2.64,98.12,382.17
0.78,58.33,234.57
43.47,96.64,969.46
34.73,66.71,759.24
26.64,67.07,660.92
43.31,30.15,784.01
29.17,84.94,737.35
12.31,82.85,476.08
11.88,106.41,553.2
28.7,85.95,732.07
12.03,101.65,525.02
4.63,32.5,220.05
5.87,27.31,221.83
40.59,70.29,870.44
24.03,22.67,475.71
29.85,24.99,575.31
43.63,53.84,876.28
25.84,92.47,730.99
27.89,61.5,662.23
40.38,60.8,843.37
27.09,99.51,757.17
12.47,13.39,274.05
31.91,13.9,576.43
47.8,64.24,959.59
39.59,104.5,954.78
23.33,19.48,464.21
29.64,41.47,634.22
2.99,71.74,308.74
29.33,28.98,571.47
27.35,87.19,723.06
25.72,16.21,481.41
35.46,40.75,700.08
27.54,71.71,672.51
8.9,112.71,515.4
9.74,18.86,250.45
49.11,82.59,1029.67
21.02,118.49,730.4
10.43,42.6,332.16
33.35,40.53,665.96
43.84,10.59,746.25
31.26,93.66,796.88
16.52,47.47,441.56
19.52,29.77,434.17
5.76,104.11,452.56
38.94,110.22,979.92
38.2,53.38,787.49
12.71,95.0,521.23
17.27,23.03,374.89
19.25,34.59,438.52
11.67,50.05,377.23
43.79,37.68,805.41
17.76,96.76,612.83
23.04,70.45,604.72
28.26,18.72,523.37
34.31,112.37,895.38
11.01,15.49,255.18
2.27,110.99,417.64
47.04,102.8,1057.23
29.83,37.37,607.31
10.49,78.75,444.4
16.34,63.94,494.94
30.19,10.97,547.1
6.91,56.62,319.6
17.66,104.81,612.14
12.57,115.11,581.58
48.08,47.18,914.4
39.16,15.33,687.88
1.55,64.12,267.12
2.05,57.71,256.03
4.37,111.79,446.04
28.25,18.63,531.52
7.71,14.31,208.85
16.73,5.08,319.56
23.87,63.97,598.75
5.49,111.04,455.69
13.29,114.08,598.46
29.07,102.11,792.2
1.0,26.44,142.37
47.36,50.39,902.75
48.62,79.87,1015.27
9.91,10.8,233.66
32.99,116.76,897.77
18.55,119.25,683.15
43.57,31.54,804.37
38.29,14.52,673.79
40.57,35.06,756.51
28.13,109.24,801.45
9.27,103.33,489.79
3.33,65.78,295.29
10.4,113.11,547.98
28.15,43.73,594.61
42.68,26.07,764.41
2.44,113.54,429.63
32.05,77.51,758.33
35.45,64.66,772.46
16.24,41.43,421.52
11.72,97.92,516.1
6.75,92.19,423.52
30.98,27.13,596.96
10.11,56.45,372.11
25.12,48.09,572.66
44.26,14.3,756.87
27.25,38.57,574.99
8.93,83.23,427.57
8.54,66.54,374.02
29.62,55.95,662.11
13.96,20.94,321.22
29.09,82.19,750.41
30.52,19.29,567.89
11.18,6.09,237.26
35.4,56.72,755.77
29.4,26.43,568.62
41.37,69.86,873.29
38.31,107.39,927.7
42.86,31.41,794.38
1.73,10.83,109.44
28.43,52.06,633.85
29.06,82.18,727.12
19.65,7.72,372.43
32.66,94.32,803.5
16.99,79.18,543.52
16.87,73.89,523.59
3.88,105.51,427.03
14.04,118.69,615.11
31.6,36.92,642.24
4.67,65.47,317.85
30.07,90.92,773.27
7.19,88.22,423.13
42.01,60.55,856.84
11.15,56.03,387.25
30.47,84.79,767.41
41.79,22.46,747.13
24.14,51.33,568.55
46.66,99.23,1052.59
10.3,6.37,226.07
13.51,20.82,314.36
49.09,103.34,1094.89
3.92,21.52,174.84
35.85,77.51,814.22
45.65,9.17,759.26
3.45,76.1,328.63
10.88,60.5,398.08
14.86,52.63,437.95
17.32,103.03,614.76
31.16,27.73,599.86
17.26,42.69,431.74
28.01,56.93,641.99
17.57,59.33,486.33
27.13,98.49,756.93
11.51,64.29,421.71
26.52,118.46,807.65
8.87,87.75,450.49
2.45,43.39,218.66
6.35,107.37,457.27
41.28,84.97,908.1
46.15,112.95,1092.67
27.32,73.52,671.19
31.45,11.9,547.99
27.91,115.57,810.33
20.92,74.37,586.22
45.83,112.23,1061.93
27.55,93.39,743.48
36.76,42.93,729.22
45.11,94.66,1016.52
28.31,71.52,683.27
1.23,55.84,237.48
28.84,85.11,746.2
42.62,102.7,978.64
18.64,64.96,522.22
4.92,72.96,348.08
14.06,12.63,297.94
44.78,12.83,760.15
3.29,19.47,159.01
26.88,6.82,477.44
13.36,103.14,559.87
40.35,71.91,876.23
47.88,14.73,797.19
10.45,79.05,439.79
40.41,111.78,996.37
4.44,117.04,463.19
2.72,62.2,274.32
47.76,23.51,823.29
1.42,118.52,429.23
35.95,89.58,850.28
10.73,49.35,360.48
49.78,82.35,1035.95
46.15,27.59,801.76
16.38,47.65,439.54
29.74,41.19,621.48
10.51,43.04,330.74
44.29,56.32,876.24
2.42,44.76,221.86
21.52,32.61,471.29
19.53,11.56,375.84
24.8,96.09,704.54
19.68,115.07,696.04
22.89,64.36,585.9
47.92,82.61,1019.73
11.65,40.61,342.82
41.99,83.45,914.91
1.9,12.28,115.58
33.83,52.64,719.39
41.34,58.61,842.95
14.14,63.33,458.95
40.93,29.91,759.81
10.57,29.81,297.62
42.05,82.07,932.52
43.49,23.53,776.61
27.24,88.82,735.6
14.02,13.58,295.24
13.19,119.83,607.47
10.29,32.09,300.51
43.52,25.29,762.33
30.99,47.38,659.9
39.86,103.34,970.28
45.65,119.5,1109.89
7.46,17.09,215.97
24.64,84.77,668.55
35.16,29.34,657.72
26.31,66.94,644.31
10.92,25.0,291.01
15.01,37.08,388.54
34.28,77.48,808.45
24.32,111.75,746.11
21.47,38.11,489.19
37.41,44.61,734.72
9.0,6.06,205.07
49.73,30.24,890.11
12.18,52.8,392.66
41.89,84.33,935.97
17.45,29.39,399.34
7.76,85.65,419.28
40.19,98.63,935.02
20.3,68.69,567.14
26.94,102.07,768.78
42.15,102.61,981.04
7.42,100.04,457.4
3.5,20.56,165.36
19.19,47.97,480.04
7.19,110.64,486.04
36.53,16.92,653.42
26.43,34.24,549.38
46.1,72.29,969.78
25.45,84.8,696.67
20.67,10.19,391.1
1.37,96.29,357.6
14.83,16.75,321.18
3.14,105.31,415.97
42.96,117.41,1028.82
34.58,114.27,924.13
46.91,11.11,784.1
16.21,90.13,560.98
16.38,109.72,627.46
10.84,107.9,540.54
43.9,52.75,865.48
46.13,77.76,999.6
3.63,97.87,390.16
14.98,36.07,379.64
25.95,53.48,608.22
25.48,30.55,525.21
12.07,15.53,280.16
27.01,58.83,633.58
24.09,105.48,730.98
43.16,87.16,944.74
27.78,69.49,678.75
29.56,70.53,696.11
26.17,61.94,625.07
14.12,10.89,295.19
27.01,20.37,508.96
30.5,53.6,673.58
15.77,44.94,422.69
34.0,114.15,890.87
46.78,59.02,928.26
23.3,67.08,605.55
32.23,114.81,871.77
10.59,76.2,441.69
2.0,92.49,357.62
31.34,74.87,746.47
35.94,79.26,835.07
3.94,17.98,165.1
1.81,93.85,354.52
10.55,69.34,414.1
17.04,110.97,635.44
12.27,10.58,265.37
31.24,106.86,847.56
37.9,96.6,926.15
48.21,107.33,1092.85
30.82,14.82,551.47
8.75,96.51,469.05
6.85,26.78,232.08
34.89,79.04,801.58
36.37,88.58,857.71
21.64,14.04,417.45
9.95,61.32,383.72
9.34,104.2,500.03
44.3,84.47,955.78
39.05,44.87,767.9
25.55,90.45,707.45
9.81,104.53,503.21
22.71,97.79,678.41
3.62,79.24,337.43
32.38,94.36,817.95
20.67,78.5,599.29
33.54,56.2,716.26
25.02,102.92,738.92
16.82,108.46,639.08
36.27,34.99,695.93
45.08,19.33,789.76
2.03,66.09,279.14
12.7,27.13,322.9
21.56,32.13,468.82
46.41,41.99,874.67
34.12,26.01,651.06
34.09,109.17,886.22
48.64,30.9,866.34
3.45,11.33,135.68
13.81,37.3,362.45
41.66,93.2,944.27
48.5,114.27,1105.66
48.67,113.01,1102.71
48.49,90.42,1058.86
35.71,96.73,889.01
18.39,22.33,399.82
22.21,64.5,575.2
44.21,41.51,845.74
47.26,9.48,771.59
15.07,14.13,319.34
34.22,50.14,714.21
22.42,77.14,618.62
3.77,72.75,322.43
34.28,59.51,745.02
24.24,88.21,667.78
15.27,89.91,547.18
4.01,101.69,421.88
17.51,30.62,406.86
40.33,16.75,701.54
17.89,28.42,400.36
45.68,8.13,756.7
41.89,96.54,980.54
6.49,81.64,396.77
42.63,26.74,766.33
24.19,73.36,622.62
13.99,103.69,572.57
2.12,35.17,186.2
34.46,66.21,755.8
27.26,89.1,723.18
5.85,39.64,257.65
41.46,67.3,872.15
44.96,47.2,864.26
13.14,84.78,500.55
39.66,54.45,817.19
34.73,71.1,781.81
38.64,83.65,886.73
42.02,74.87,899.2
42.07,109.64,1009.41
22.76,30.56,478.97
2.52,38.36,203.55
34.16,98.63,864.99
7.91,57.67,341.99
21.83,52.34,530.93
17.28,34.82,417.43
39.78,50.18,796.93
8.9,111.93,519.99
39.24,72.07,855.53
39.87,65.49,829.61
32.27,111.13,870.51
28.4,46.35,603.75
18.73,93.44,612.45
24.65,91.29,697.93
49.89,14.48,848.0
30.71,7.62,544.14
47.81,14.82,802.64
36.79,82.16,839.38
3.56,22.22,172.04
46.5,41.28,862.34
26.52,47.85,602.47
26.16,49.74,598.34
44.05,97.22,1003.48
39.28,112.73,974.2
1.01,106.15,374.68
11.49,98.62,519.82
18.51,74.52,541.7
39.5,39.29,761.02
39.47,52.1,792.59
41.58,118.62,1031.04
25.0,41.04,548.52
22.73,31.2,490.41
30.99,74.73,732.87
22.21,56.84,549.87
6.86,36.75,268.57
46.2,47.02,887.13
35.28,82.25,828.09
16.73,116.05,648.95
40.93,44.02,794.47
47.01,63.95,937.39
22.65,29.81,475.34
38.75,64.35,842.29
44.39,95.05,1000.39
3.2,56.74,267.62
12.45,62.3,424.38
48.34,78.28,997.77
28.44,95.63,761.46
22.27,112.48,716.95
29.52,13.88,524.52
17.27,18.14,363.76
23.21,81.99,649.21
33.2,104.96,871.93
16.95,29.68,388.71
6.96,46.68,293.4
46.01,8.5,769.84
12.64,55.73,404.78
5.38,96.45,417.53
47.42,72.92,983.8
40.01,92.84,944.17
12.27,7.45,256.73
17.43,22.54,377.54
25.71,50.85,582.79
35.15,62.9,780.12
1.67,6.43,94.98
9.32,87.61,453.48
4.39,71.69,330.53
1.76,116.79,428.56
47.68,8.49,779.84
25.88,65.57,643.34
27.36,33.65,554.19
35.41,58.61,761.73
26.98,95.24,740.11
43.44,71.78,910.73
9.51,84.99,452.18
46.35,9.89,790.09
20.56,39.61,475.05
9.75,117.46,542.95
2.88,32.99,192.55
27.16,91.48,743.45
26.34,54.98,616.55
39.34,25.4,715.89
42.61,92.63,993.98
16.64,76.99,536.32
39.44,34.7,744.09
31.34,40.08,639.33
27.39,50.13,610.63
4.86,87.61,382.15
47.82,94.45,1058.86
40.36,5.43,674.03
30.8,20.41,573.26
40.8,69.18,859.13
26.19,84.55,691.51
43.91,73.84,947.03
25.1,79.98,658.7
30.64,117.55,875.16
44.67,110.0,1060.11
7.47,57.19,332.81
14.29,95.93,544.76
42.68,58.96,874.08
35.62,22.99,655.77
35.74,23.28,647.37
3.29,31.05,194.82
23.68,119.31,766.12
47.83,21.43,830.78
41.52,64.49,875.43
6.66,96.88,443.68
15.49,89.22,559.82
31.33,98.2,820.35
44.78,56.65,879.1
40.79,116.21,1004.53
10.17,57.65,377.89
40.84,6.86,691.83
45.61,12.06,757.17
46.45,36.64,853.11
18.98,107.16,662.35
33.22,14.11,591.15
22.02,25.28,455.34
45.47,18.53,782.88
0.84,112.54,410.36
46.46,85.52,1016.52
41.43,93.61,967.16
28.25,45.87,617.03
14.62,25.23,348.38
29.58,83.59,730.6
44.03,79.96,961.24
12.1,86.64,492.52
36.72,98.1,907.98
46.8,115.1,1099.21
6.71,76.8,381.05
48.01,93.12,1055.93
34.95,71.79,793.26
10.25,97.29,495.16
18.69,91.62,602.76
47.33,69.09,956.82
24.82,91.49,695.21
28.25,118.85,808.14
40.37,9.58,684.4
11.92,103.15,546.36
13.89,41.85,382.19
24.73,43.73,554.21
2.1,111.63,419.73
6.35,54.61,305.88
42.41,5.93,684.88
34.7,32.36,662.24
9.08,79.83,431.19
12.72,6.88,263.34
43.96,28.73,788.07
9.77,64.9,381.62
45.76,36.21,828.61
49.05,30.37,878.67
5.91,21.4,204.53
33.57,69.68,746.74
45.32,46.43,860.36
34.25,111.47,906.43
48.93,88.91,1052.37
48.18,108.27,1101.84
5.78,59.52,314.79
23.61,22.06,470.11
2.3,56.18,253.93
30.08,12.53,541.97
13.66,86.74,506.55
5.65,13.07,172.32
10.89,100.98,509.9
3.52,26.66,185.1
22.77,22.62,462.79
7.28,88.59,427.82
25.86,115.67,788.1
30.38,25.57,590.39
44.73,69.31,945.4
14.17,98.39,567.46
43.19,38.11,801.73
12.31,43.64,364.72
45.15,77.01,964.03
39.67,6.85,666.39
6.65,33.49,252.4
38.61,21.73,690.79
26.93,17.55,503.92
45.31,47.06,864.98
45.83,91.34,1019.15
5.25,98.68,427.44
13.0,118.15,598.38
47.11,42.98,890.52
33.13,99.14,833.85
44.8,16.88,768.8
18.57,67.17,531.78
25.83,70.94,652.01
42.76,58.71,864.54
47.58,70.18,974.65
36.51,33.51,694.51
6.07,100.47,451.57
42.05,12.33,706.88
26.06,61.21,619.8
32.99,33.46,649.92
48.82,113.83,1113.61
39.7,12.76,689.07
15.14,50.27,423.34
47.71,14.93,815.87
18.14,115.07,654.24
25.47,89.39,706.16
43.26,58.63,879.26
43.22,80.15,930.04
12.63,84.08,494.29
13.65,61.35,431.84
28.54,69.83,687.18
6.89,48.83,302.62
37.59,7.1,622.42
7.06,39.73,274.85
25.79,52.06,601.19
21.05,117.42,720.1
16.54,64.07,492.83
34.63,50.38,712.18
5.13,24.24,199.83
37.91,26.85,697.78
8.87,99.9,485.91
23.1,49.67,538.93
33.34,67.17,742.49
23.65,56.41,575.31
46.38,97.25,1034.82
22.84,116.8,752.79
37.19,86.4,872.0
32.28,29.34,626.22
9.41,22.48,257.71
14.57,46.69,417.39
39.64,13.44,692.32
10.81,63.09,403.61
32.19,61.38,714.38
0.52,103.74,376.02
35.06,112.81,892.71
8.33,13.19,215.28
6.9,62.61,339.43
35.47,86.97,856.79
47.53,8.22,781.52
33.73,65.1,746.18
41.94,72.49,887.52
1.22,116.02,413.58
35.76,28.53,684.98
13.39,22.49,320.94
19.74,38.13,459.53
35.33,105.0,901.44
15.59,33.44,381.85
23.91,12.67,441.37
8.75,85.36,441.99
5.6,52.28,290.41
7.16,8.7,181.97
22.76,70.28,594.59
4.33,19.53,173.13
36.49,6.83,618.42
44.08,106.06,1030.41
33.54,102.45,852.52
37.88,75.79,854.55
1.86,95.43,364.38
24.61,54.14,587.91
36.08,29.78,675.51
13.44,98.06,551.1
9.13,104.19,500.1
13.34,57.05,424.41
40.1,81.66,881.24
36.43,41.03,719.28
16.88,90.89,568.29
34.51,34.68,673.33
38.14,60.05,815.49
7.77,79.8,412.25
43.42,107.49,1008.59
33.18,109.56,881.59
18.26,35.46,430.64
12.1,37.98,343.32
4.84,31.56,215.48
44.54,94.17,1000.71
19.38,19.98,400.7
21.44,27.84,455.69
10.56,96.56,499.85
47.68,28.79,851.69
49.97,118.46,1149.62
11.6,16.86,278.04
3.07,99.39,392.31
32.24,82.19,791.72
13.24,89.95,516.12
29.69,67.05,691.13
35.38,72.04,800.46
40.29,29.43,744.99
46.67,118.17,1114.64
46.91,88.8,1030.8
2.55,56.8,260.93
21.7,37.3,478.16
33.22,40.78,667.67
26.01,99.99,746.61
41.23,72.4,894.5
42.56,30.16,762.75
6.56,71.93,357.97
22.01,15.18,428.29
6.97,100.26,451.09
48.11,29.14,858.36
16.19,116.84,639.87
29.95,63.41,700.9
40.33,12.23,682.52
5.89,44.88,272.17
6.97,31.42,246.37
45.1,58.35,917.73
8.13,20.94,237.09
35.54,43.96,725.19
45.79,18.08,790.5
2.66,18.13,147.23
10.17,78.45,443.41
40.25,7.85,685.15
32.34,33.93,647.1
36.14,38.11,709.81
18.09,110.49,649.82
29.56,17.34,549.02
32.87,76.46,768.37
39.22,34.38,729.68
38.53,41.38,746.5
44.58,54.28,876.63
27.51,32.84,562.64
14.52,111.82,597.28
24.08,20.89,468.93
18.6,106.08,643.09
2.87,97.14,387.77
33.52,23.97,623.73
48.0,22.79,843.07
48.89,84.23,1023.29
33.31,76.48,783.97
27.42,81.28,705.69
37.07,65.69,815.99
1.44,112.74,403.92
41.41,30.19,771.07
17.38,103.53,614.05
12.8,99.1,526.72
8.84,118.09,527.36
17.57,28.53,399.11
2.1,57.37,252.3
45.18,62.27,914.37
20.58,111.61,697.28
26.78,37.37,560.01
22.42,97.36,684.23
46.61,74.68,965.28
31.04,42.56,643.34
25.97,90.63,706.09
20.16,27.94,437.36
7.98,30.34,261.29
45.45,63.24,925.47
0.56,8.96,85.61
10.48,16.68,255.97
43.12,31.28,773.79
44.88,86.05,981.67
22.97,104.25,713.18
48.89,28.36,873.73
10.52,69.0,419.32
8.22,53.88,335.26
26.63,58.38,626.51
21.73,25.49,447.41
36.96,97.34,902.53
3.65,103.43,411.36
48.15,22.92,839.51
48.08,56.99,943.37
27.0,92.85,729.26
3.97,75.68,331.7
40.07,102.96,974.94
7.92,90.49,441.21
0.72,27.41,140.98
20.83,100.0,669.57
28.77,50.88,641.73
24.54,105.67,734.25
12.73,66.38,445.47
28.99,70.7,684.73
26.62,57.26,619.6
21.98,29.29,469.54
16.95,33.63,410.09
14.2,118.12,623.53
14.57,100.27,565.43
33.4,69.13,745.88
25.56,96.34,725.98
11.93,6.88,250.21
49.99,37.59,920.92
10.73,26.42,295.27
22.49,6.55,409.96
13.12,33.87,348.18
23.67,22.07,476.13
10.13,80.75,446.07
44.46,108.85,1031.21
33.13,89.5,816.9
37.84,112.45,948.52
25.38,41.98,569.39
3.33,87.51,364.39
24.42,29.75,504.53
44.9,70.74,948.98
22.34,88.95,646.37
11.31,22.27,280.87
30.46,95.71,790.68
45.12,92.46,1016.85
26.73,109.2,771.71
35.49,22.28,649.73
18.57,24.33,398.3
39.98,48.17,792.51
34.01,79.51,795.7
13.49,44.24,387.05
40.79,43.55,790.86
34.86,59.47,751.67
26.19,78.37,679.07
11.4,40.23,340.11
15.48,76.25,512.16
49.79,111.45,1131.24
40.33,69.28,873.82
23.19,30.71,490.57
33.93,21.22,626.05
21.83,115.94,728.68
20.1,12.64,390.65
17.9,48.24,464.4
10.01,112.83,528.44
45.42,35.08,836.68
12.88,108.17,580.12
11.94,76.83,464.19
31.21,100.75,816.26
17.71,6.28,336.58
16.18,41.76,415.66
22.76,36.59,498.23
30.4,56.87,683.46
14.72,35.51,371.75
17.61,9.53,342.77
39.62,10.02,677.1
25.54,21.67,503.0
13.21,84.37,515.12
7.1,59.64,343.27
29.72,19.07,556.55
28.17,17.26,514.67
22.19,28.89,471.54
27.79,12.69,504.1
33.78,119.84,920.86
41.3,102.07,966.73
35.52,109.63,912.88
44.87,43.64,852.64
47.88,53.12,932.38
21.31,7.23,387.66
48.33,73.76,998.01
41.76,46.71,816.87
2.57,30.57,180.89
44.49,7.48,738.96
49.37,34.57,890.78
11.41,63.12,411.66
35.33,44.72,716.76
7.03,44.19,286.18
41.07,43.68,795.65
15.83,118.75,649.06
22.35,90.21,647.39
25.27,13.9,472.79
35.58,64.68,780.25
40.33,89.39,918.9
16.79,88.16,573.64
32.61,77.46,789.17
40.06,118.39,1001.7
23.35,8.37,432.55
8.42,31.24,270.01
11.07,39.23,329.89
30.43,73.89,746.65
46.56,64.39,940.94
17.36,38.6,419.39
37.38,38.27,731.58
25.44,7.99,454.79
41.35,44.91,806.51
46.85,39.39,871.87
19.11,92.04,606.56
37.57,94.26,882.89
15.3,108.82,604.87
0.8,97.2,353.15
41.19,23.53,740.04
1.3,74.53,290.25
25.87,49.33,588.42
4.27,63.39,299.99
37.12,13.35,649.56
27.77,39.89,591.73
33.66,22.12,620.31
44.37,47.88,859.37
10.66,110.14,528.74
23.66,50.29,558.29
47.67,105.0,1074.73
8.49,91.44,460.99
6.65,74.63,372.94
42.26,29.04,770.66
41.64,93.71,929.15
38.58,83.09,879.56
18.8,64.02,536.61
42.76,70.62,890.82
18.57,95.82,614.34
41.33,8.65,694.25
25.1,24.38,503.54
20.14,19.51,411.6
7.23,106.09,481.77
4.48,111.6,453.41
32.44,95.01,816.99
28.46,45.24,613.02
22.34,101.85,690.42
36.29,80.46,836.25
36.78,102.71,913.9
2.78,119.58,454.45
47.7,92.76,1032.88
11.87,46.67,374.27
30.35,95.61,778.81
43.05,15.3,735.15
1.16,53.02,223.58
18.26,65.42,519.18
30.07,97.44,786.42
38.44,51.56,777.88
4.59,105.33,434.39
40.39,7.43,679.97
40.19,62.79,848.87
7.96,46.04,312.42
40.73,90.27,928.84
24.09,81.33,658.8
8.17,37.3,282.22
37.57,88.85,883.35
10.59,116.89,555.18
30.35,5.4,518.06
12.73,69.07,445.01
10.68,52.47,369.47
28.65,77.3,704.6
48.39,50.92,932.96
23.95,101.49,706.87
36.69,24.82,667.23
8.88,14.67,228.7
6.13,85.95,403.62
44.51,35.79,830.84
30.43,29.91,587.48
3.67,15.15,150.69
48.83,5.69,805.03
19.99,86.43,611.2
17.77,65.83,511.41
25.05,93.61,704.44
48.84,22.88,859.01
6.47,45.14,279.92
7.67,117.05,511.07
31.9,6.91,544.15
32.85,57.19,713.9
49.95,101.46,1088.7
48.72,111.5,1109.45
36.63,50.03,757.16
21.76,105.44,688.18
46.56,85.45,995.2
3.71,18.99,164.8
39.74,53.87,810.59
13.3,95.59,535.82
7.3,75.12,387.4
4.05,75.32,336.92
31.46,56.37,682.03
41.45,48.09,814.99
48.2,106.22,1078.53
15.9,32.91,395.54
46.37,75.53,969.89
41.89,85.05,928.6
42.09,117.61,1021.94
15.88,49.07,433.15
37.64,98.97,877.55
49.56,97.49,1075.28
31.09,83.96,757.65
4.95,44.52,257.91
8.85,71.79,392.38
23.63,51.45,553.13
20.26,79.88,604.26
3.34,54.74,269.18
39.9,74.88,857.25
26.24,9.18,476.1
13.89,73.35,473.1
30.39,40.09,620.07
36.49,7.59,621.23
2.25,105.08,394.29
30.28,47.53,648.6
13.86,98.3,542.5
47.21,23.98,828.39
7.53,16.19,210.76
35.08,82.26,818.5
38.29,71.19,814.43
43.79,44.5,837.79
44.63,36.69,825.52
25.2,111.48,757.3
9.28,71.69,407.01
23.52,89.36,663.65
42.88,43.5,823.27
46.86,31.52,853.54
44.91,43.37,853.11
17.57,75.45,544.58
35.44,67.13,787.83
2.45,6.46,108.72
30.5,18.57,565.96
29.78,56.51,662.72
32.69,97.27,832.56
37.47,74.86,837.8
28.47,12.45,512.5
32.65,13.72,574.77
27.45,6.52,484.8
26.27,70.68,663.67
46.67,109.27,1071.21
5.81,41.96,265.93
37.72,75.27,836.51
8.34,81.4,420.62
18.9,47.46,481.97
35.1,17.19,625.16
17.55,82.49,550.13
9.58,79.94,439.92
8.44,45.42,314.86
30.55,112.05,853.04
6.71,84.46,402.24
25.3,6.09,447.8
30.32,40.88,620.71
19.04,14.62,371.46
23.27,81.53,644.99
4.42,24.07,189.11
2.72,18.73,144.76
32.57,8.72,564.12
42.93,82.93,934.67
11.49,36.92,334.72
21.62,70.65,583.22
30.72,11.81,547.44
41.44,9.65,691.14
28.73,15.98,519.13
46.69,49.07,884.77
39.15,5.89,651.15
5.76,59.14,314.25
36.9,108.15,925.34
29.04,51.41,625.93
48.69,48.71,912.1
5.26,38.31,243.63
16.15,40.74,416.66
0.95,77.81,295.1
43.7,90.43,989.68
30.24,85.94,762.61
20.19,19.46,417.64
20.54,68.26,558.4
47.87,73.4,996.05
21.92,44.88,516.77
31.98,107.37,844.13
30.07,24.53,578.94
49.53,83.78,1048.07
14.83,70.02,493.39
4.39,27.37,203.54
26.44,96.79,733.99
38.11,84.41,871.52
24.51,10.79,455.68
1.03,16.8,115.73
40.56,65.39,864.96
15.36,39.26,401.38
13.57,24.23,326.94
4.76,32.67,219.21
16.24,22.69,370.47
11.16,62.94,409.06
0.81,74.23,282.02
4.88,5.79,140.51
27.81,97.75,762.04
44.41,104.13,1039.96
35.06,46.75,713.4
20.46,82.98,612.86
46.43,62.5,931.27
15.46,57.63,453.61
15.23,86.87,526.72
11.06,74.62,444.36
33.87,95.18,843.59
46.24,33.61,841.47
37.92,41.74,748.15
23.32,88.41,664.13
27.72,92.85,749.99
27.67,40.55,584.55
2.39,6.52,104.16
3.11,68.58,300.54
49.45,53.57,938.42
10.64,42.76,338.81
41.84,115.47,1003.52
46.79,90.74,1008.15
35.86,69.95,808.57
27.85,102.16,781.94
2.33,113.26,425.42
43.09,100.22,1012.34
21.26,101.58,672.73
12.0,19.31,284.01
44.78,47.2,854.59
27.43,45.02,605.39
37.26,95.44,905.03
18.09,92.68,598.12
32.68,57.44,713.78
42.09,89.33,958.38
26.86,42.54,580.61
37.56,43.43,750.93
19.52,26.94,416.93
40.75,62.68,840.11
8.87,63.54,365.78
12.32,24.81,311.31
22.96,105.01,707.31
27.63,94.71,749.79
22.94,48.32,537.53
27.24,23.91,534.91
44.27,58.94,881.99
30.93,85.02,770.3
15.09,108.06,601.44
35.32,100.55,880.46
35.1,54.27,748.21
15.26,12.11,312.5
12.73,91.85,513.04
16.73,68.17,509.9
13.47,74.71,473.16
8.16,33.81,272.83
8.81,117.05,527.77
21.48,35.95,482.51
34.38,104.74,867.74
20.22,56.66,513.18
2.27,73.15,302.34
30.56,107.69,835.71
3.9,105.88,425.19
3.21,11.53,131.81
43.38,12.31,735.04
14.99,78.38,511.05
25.15,20.67,478.93
29.5,66.93,695.27
49.48,104.3,1106.01
38.09,62.9,817.01
39.4,20.27,706.05
13.65,47.36,398.37
29.73,104.85,811.11
33.07,105.38,869.88
11.95,99.9,531.77
46.77,63.82,928.21
5.12,108.02,447.62
1.02,35.05,170.69
6.45,77.27,382.83
25.91,34.11,542.71
2.99,6.21,115.13
46.47,28.2,831.62
11.98,25.67,306.22
31.98,86.22,778.8
16.7,76.74,531.4
12.55,116.81,595.03
40.63,6.95,673.86
7.05,5.15,171.08
34.54,34.04,668.78
0.89,96.16,351.5
33.24,48.97,695.86
7.38,80.04,403.99
4.04,24.04,179.72
46.55,98.02,1040.32
14.2,115.84,617.28
28.42,79.7,701.31
12.56,111.04,576.43
38.41,106.37,933.72
23.12,86.84,657.61
37.91,52.22,774.79
16.02,48.72,437.52
45.7,81.56,973.08
29.24,118.93,827.96
35.38,64.96,779.92
48.62,108.26,1116.64
15.76,80.49,520.05
35.89,76.68,833.67
39.13,85.05,888.57
40.69,113.93,1006.86
47.15,76.31,969.7
4.67,62.41,306.66
42.47,96.33,984.84
45.37,35.25,818.68
26.95,7.2,475.64
12.46,117.01,581.03
25.66,85.27,693.27
30.38,62.72,687.29
22.19,91.28,659.94
29.18,109.22,806.6
2.91,59.91,272.93
22.16,34.5,478.64
11.21,76.56,450.26
47.27,28.32,844.7
6.41,38.82,259.08
49.54,101.72,1103.53
35.66,81.86,817.03
9.68,58.62,363.29
45.94,108.96,1077.66
25.45,83.98,675.74
27.7,102.36,764.12
30.06,57.79,681.32
39.47,47.62,789.22
46.82,6.81,779.54
34.95,85.96,831.24
8.25,71.94,385.59
18.31,77.11,547.17
12.11,63.15,428.19
12.48,68.61,437.88
37.15,84.69,861.47
13.75,98.03,549.98
41.04,10.49,704.66
29.58,53.94,657.46
4.3,88.98,382.07
45.92,53.2,891.95
38.62,96.98,914.71
43.6,83.96,947.65
18.91,15.11,380.47
5.68,102.31,441.71
16.6,80.27,531.97
3.19,22.11,165.98
28.51,114.12,817.27
45.54,92.23,1014.54
48.08,55.8,947.22
25.06,117.07,784.13
12.56,118.41,596.27
4.24,34.83,220.7
42.14,88.74,947.37
44.78,104.11,1038.69
48.32,36.33,876.36
29.75,89.22,763.83
12.28,24.51,303.9
21.61,59.18,560.65
25.82,27.49,516.04
6.12,86.83,402.81
36.71,35.63,709.65
45.02,5.28,721.31
20.59,53.22,517.68
3.78,48.89,253.88
30.81,103.69,815.71
16.64,18.6,352.39
48.87,67.17,976.45
43.36,82.48,934.98
27.88,88.35,727.9
8.35,116.17,526.96
9.69,58.45,370.52
25.99,96.81,732.34
17.35,54.57,468.13
23.85,90.78,673.49
43.43,59.06,883.92
17.13,94.13,587.8
37.56,10.72,647.39
43.45,73.31,910.11
37.26,89.46,902.61
4.03,111.69,444.33
33.88,22.77,620.99
34.32,59.82,735.83
42.22,14.98,733.26
21.36,38.2,486.85
22.56,95.72,690.39
1.37,25.84,148.73
3.6,38.39,219.03
32.94,101.86,837.34
15.56,10.8,318.36
26.89,93.98,750.21
15.02,49.75,425.07
48.06,37.64,876.9
46.5,88.86,1021.35
18.63,19.06,382.1
5.09,6.98,147.67
24.39,64.79,611.45
34.73,85.6,820.17
21.81,85.16,629.64
40.31,15.25,696.16
41.33,81.68,916.09
34.98,92.6,836.23
39.39,94.4,923.67
7.18,108.82,480.72
11.19,116.04,560.18
15.32,116.71,623.05
27.92,106.46,791.85
28.3,20.25,530.16
6.73,42.64,276.81
33.22,48.99,682.14
49.73,72.41,1007.19
41.78,55.75,846.44
38.29,42.93,751.02
30.52,15.75,554.11
30.08,87.49,767.34
37.43,60.32,804.93
5.61,79.19,375.96
25.79,48.53,586.95
8.75,98.25,469.64
9.0,93.74,462.83
34.05,37.5,672.84
5.09,103.41,436.67
39.53,27.9,718.33
44.88,43.13,844.11
32.4,61.96,719.86
48.72,85.31,1029.18
35.78,69.1,798.97
20.49,95.01,635.64
39.84,114.67,977.57
46.98,11.4,790.76
21.35,102.24,683.83
40.12,63.58,836.11
16.26,83.26,530.22
44.66,33.81,817.53
7.03,9.66,186.42
24.23,70.36,625.37
5.67,86.08,393.31
11.24,28.73,303.38
0.52,87.47,318.78
25.43,50.56,581.37
23.79,119.78,760.69
25.77,7.24,455.6
23.07,82.54,636.15
29.73,63.57,683.82
4.36,101.39,421.5
23.38,68.64,614.71
27.47,8.83,489.63
47.81,99.04,1060.42
47.16,61.33,956.23
36.18,16.57,639.95
29.27,97.64,770.87
12.42,94.05,524.59
43.94,68.84,919.9
40.6,53.43,813.86
44.23,21.14,777.13
14.17,41.51,385.28
9.55,93.79,473.86
14.66,107.65,589.92
34.83,55.86,744.69
11.14,72.86,435.16
30.42,43.87,633.78
16.22,93.77,578.69
44.98,61.89,918.35
39.5,6.29,663.32
27.44,22.26,534.43
3.17,34.43,201.24
16.96,49.6,447.96
1.81,68.09,277.79
7.0,85.93,417.81
6.88,98.94,442.99
44.99,21.3,790.91
30.26,76.01,732.69
34.86,109.67,897.98
35.59,60.71,762.95
42.85,102.06,1008.49
30.38,44.63,644.94
32.01,101.6,836.52
17.56,38.62,429.0
21.88,103.24,676.28
6.07,68.72,349.45
39.53,54.84,806.32
32.21,90.74,807.05
7.4,26.73,239.95
23.33,117.64,752.82
16.61,91.89,583.68
5.8,79.8,378.67
43.95,42.93,854.21
24.17,92.25,692.71
13.97,38.84,382.52
37.19,5.66,617.06
33.81,26.5,641.46
19.13,91.69,607.36
19.13,62.79,528.84
29.57,90.38,761.78
2.0,110.85,410.81
8.53,13.47,219.89
48.24,82.79,1021.51
9.33,5.44,204.58
37.88,116.45,964.06
4.64,50.65,272.3
43.55,111.14,1041.69
20.92,84.77,623.61
16.63,100.7,610.12
38.56,56.2,795.51
42.25,37.66,796.49
23.8,52.3,558.37
9.4,104.89,513.7
9.59,8.27,218.21
21.45,96.58,652.35
10.15,94.2,484.56
43.33,52.49,849.54
48.18,77.57,1006.04
21.77,14.74,427.63
6.44,70.75,359.3
42.96,102.12,1001.06
14.69,52.35,428.18
3.94,56.39,275.78
28.53,31.24,575.67
7.82,118.12,527.42
27.33,8.04,485.72
1.58,92.1,353.57
20.94,50.56,522.94
35.85,79.48,812.27
12.47,86.28,491.47
29.04,71.35,699.25
2.42,6.25,105.36
0.91,6.48,81.77
6.08,97.29,433.17
11.57,67.66,419.46
25.69,51.08,599.88
42.19,41.73,801.29
26.84,103.23,756.89
19.07,28.62,427.51
13.76,72.51,475.77
22.58,89.2,663.77
2.98,91.95,368.92
15.43,16.85,334.37
42.87,97.91,967.96
21.66,53.34,528.68
21.77,21.76,441.28
15.72,48.89,423.16
4.21,47.58,259.11
16.45,15.18,341.81
38.08,48.2,763.23
13.06,96.32,537.3
22.58,39.25,509.68
44.8,76.18,934.42
31.2,90.9,793.01
8.52,118.23,533.48
16.78,37.38,406.67
12.03,116.18,579.41
5.65,118.84,493.44
44.92,79.57,963.64
29.7,119.15,841.63
49.65,42.21,921.96
4.83,87.44,376.59
31.76,11.08,553.91
35.06,62.9,771.82
41.64,66.13,872.79
29.13,97.8,793.88
27.27,62.46,640.63
49.24,7.01,815.38
46.44,90.99,1018.13
29.8,84.45,749.76
27.04,12.33,484.33
43.38,57.52,871.24
20.74,33.08,464.2
32.39,68.08,739.04
32.58,86.37,804.42
16.33,106.3,623.18
30.98,53.46,666.18
9.58,73.14,407.2
24.9,82.88,662.22
36.62,54.11,763.54
33.64,97.08,843.07
16.14,109.55,615.19
27.05,119.69,806.59
10.51,101.43,518.49
6.13,19.8,198.68
7.74,81.19,408.67
8.26,48.94,317.77
35.85,36.94,688.86
37.01,94.36,894.0
15.86,7.74,311.04
19.41,44.74,470.18
29.18,23.57,550.51
49.06,10.59,815.98
1.28,69.88,278.09
42.0,90.16,962.61
7.2,103.85,467.81
38.86,108.2,965.01
37.41,15.81,672.46
45.66,5.86,757.02
21.62,70.14,585.14
43.09,93.62,985.23
40.97,50.78,803.81
3.05,73.68,316.32
15.82,62.81,469.56
5.46,92.05,413.23
35.08,78.63,826.79
18.21,81.99,558.38
45.01,85.15,996.38
5.93,77.45,373.04
20.66,41.66,491.7
20.92,85.78,621.34
29.65,110.36,836.53
42.18,58.38,855.92
24.69,43.34,541.23
42.98,33.74,795.69
13.25,108.0,567.24
17.61,86.12,572.96
20.59,53.67,511.88
21.49,29.76,461.6
17.86,66.22,521.66
28.99,73.49,715.39
25.79,75.68,669.24
29.73,112.71,831.98
20.53,50.37,518.27
20.14,92.26,629.86
10.87,114.35,551.14
42.33,107.85,1007.63
36.63,77.42,833.26
39.68,59.19,828.15
36.5,119.88,971.22
7.87,78.04,399.01
16.48,104.66,606.31
49.03,29.77,856.91
28.46,104.33,791.87
11.91,36.78,341.81
40.08,78.84,892.44
39.61,99.42,957.51
19.65,108.61,662.25
11.31,89.39,487.91
19.18,35.18,449.16
5.91,56.65,310.13
38.69,108.92,961.48
8.43,90.31,458.58
19.94,31.98,443.01
10.32,40.89,330.18
9.46,94.39,477.81
8.54,31.03,268.9
17.45,114.26,646.53
10.97,55.1,374.89
37.53,16.42,654.38
32.3,83.42,791.42
36.54,104.1,912.58
24.31,10.08,446.54
46.89,74.15,960.28
34.37,119.39,925.67
16.84,96.95,592.8
11.06,63.97,400.21
23.24,9.48,424.45
22.81,117.72,744.09
15.0,64.3,467.16
35.22,57.52,734.19
1.71,36.16,185.85
18.22,12.08,354.41
41.89,85.53,950.17
14.09,65.7,454.07
44.09,17.38,766.62
47.48,64.08,959.14
14.11,45.61,394.69
17.91,88.54,586.43
28.9,12.22,538.09
35.19,6.23,593.87
21.71,106.96,692.77
44.26,46.69,842.62
27.5,15.31,504.09
28.3,57.88,645.43
13.6,119.96,615.76
2.27,102.39,389.94
24.11,100.24,715.64
18.89,81.53,586.97
41.71,62.88,854.94
44.86,35.74,827.98
6.61,12.62,188.51
6.46,65.97,348.78
8.06,49.11,316.06
1.87,27.23,160.87
20.32,32.79,457.21
12.4,35.89,346.02
28.22,91.54,741.84
4.02,6.57,129.96
15.66,89.57,548.55
48.94,84.69,1040.46
19.01,33.4,433.46
41.92,115.84,999.05
0.72,118.88,417.79
27.81,81.94,717.34
17.97,24.07,399.05
16.94,97.81,600.24
17.82,8.42,345.71
43.86,112.49,1040.89
25.22,115.01,763.95
25.35,104.89,744.9
39.39,54.92,808.75
46.6,25.41,813.83
41.44,21.94,739.16
5.9,28.28,224.48
46.38,63.37,929.41
4.66,84.54,373.25
38.96,104.71,928.91
31.46,76.17,750.66
2.22,112.96,425.06
47.16,48.83,915.37
46.6,74.65,990.9
37.83,56.17,793.84
49.04,15.18,833.2
45.54,47.41,881.04
41.54,75.84,896.1
45.91,111.29,1082.72
24.0,51.04,555.54
25.06,108.13,752.82
18.58,89.65,589.27
26.82,103.05,766.96
27.97,85.14,727.85
22.06,26.31,457.85
26.82,92.78,727.78
10.12,79.33,435.81
7.27,94.83,442.38
25.39,16.61,483.77
24.23,30.59,507.73
33.33,94.85,841.1
15.04,57.17,451.54
30.08,53.82,659.18
48.37,55.85,945.25
7.0,34.4,258.16
22.94,70.7,603.57
11.4,102.74,524.51
41.81,32.58,789.89
2.88,106.61,409.6
25.8,31.05,534.59
1.73,21.42,139.91
10.04,11.91,237.83
26.59,74.62,669.02
8.22,37.01,285.1
25.39,25.0,509.26
33.84,106.94,883.9
25.4,57.45,612.35
25.13,48.08,578.61
49.12,24.75,859.94
39.78,117.41,989.6
44.88,96.22,1020.21
22.74,70.85,599.81
46.39,118.56,1105.67
16.86,87.23,562.27
47.96,21.37,832.94
4.21,101.28,416.36
3.88,30.1,199.88
47.44,58.52,925.89
45.94,64.47,933.86
26.68,71.25,659.28
47.15,25.17,838.03
10.27,6.43,223.23
9.56,29.37,280.56
49.4,111.87,1113.72
14.96,106.46,586.09
5.37,72.17,349.07
31.75,49.6,670.3
5.36,93.25,409.36
13.06,71.53,458.84
25.93,37.17,540.87
28.89,108.3,792.84
7.53,69.14,375.52
24.01,26.49,494.55
22.68,7.71,417.83
17.26,73.05,526.04
13.43,20.44,311.08
45.27,94.38,1012.44
49.9,119.22,1166.41
26.64,30.13,543.95
40.52,36.01,775.75
28.43,81.21,726.14
15.0,92.46,552.24
6.49,76.27,378.76
17.4,53.2,472.35
39.47,93.14,911.97
49.7,29.4,885.66
35.52,83.63,836.98
27.15,48.54,605.81
9.71,8.96,223.19
12.58,106.62,545.17
21.61,53.15,530.37
17.42,98.24,607.65
26.13,99.12,739.34
37.38,51.13,760.28
10.57,76.17,438.88
35.72,79.04,813.59
18.95,74.56,558.09
11.69,78.35,458.93
16.55,36.37,406.5
40.62,60.62,845.21
27.31,116.73,796.57
13.12,21.7,313.45
11.27,44.15,345.97
33.07,18.4,601.54
24.44,46.75,560.59
12.66,60.59,418.77
42.45,99.39,984.71
22.67,43.73,513.27
0.54,45.74,195.31
1.39,9.68,99.46
24.77,65.87,615.29
6.54,109.59,476.79
44.0,89.45,983.03
9.36,102.21,497.08
13.08,46.58,383.41
37.97,83.59,865.21
2.48,85.75,344.18
47.47,102.44,1086.48
31.02,106.82,845.14
11.93,24.81,304.09
35.73,43.57,719.8
31.58,88.57,801.28
29.71,117.93,854.86
24.85,6.43,437.44
8.21,8.33,197.97
11.7,118.46,574.09
33.55,82.53,794.43
48.41,88.9,1034.12
13.43,115.4,602.85
10.04,31.17,298.2
21.77,40.8,493.49
13.75,19.39,309.01
16.91,5.9,322.48
26.8,85.09,705.71
40.22,108.13,984.22
48.09,42.43,894.95
27.96,84.42,710.89
34.75,18.41,619.4
35.71,117.31,941.15
38.66,84.89,889.6
16.88,98.58,597.8
5.64,81.13,378.86
38.46,88.22,904.88
24.11,104.53,718.91
27.22,20.03,508.78
26.01,42.27,569.76
16.82,103.38,602.86
20.79,52.5,519.06
44.16,61.87,898.77
2.65,68.12,293.17
27.77,21.17,535.79
42.19,17.29,736.23
5.75,67.79,343.09
46.07,75.42,968.66
42.69,11.48,732.74
23.33,25.48,476.42
25.79,109.45,771.11
36.23,13.58,626.96
36.91,106.16,917.62
10.72,33.92,310.06
42.28,67.35,879.78
17.86,87.14,581.23
6.41,71.99,363.14
34.07,18.39,613.85
17.41,24.78,385.84
28.28,26.98,553.21
38.01,16.37,671.04
22.4,85.33,645.15
47.69,47.94,903.18
0.51,59.84,237.84
35.31,96.13,874.04
45.46,19.35,797.22
38.91,33.63,736.1
43.79,38.82,812.98
44.32,15.7,759.19
49.71,42.8,917.66
24.65,9.62,450.37
43.98,56.34,882.86
3.9,63.82,300.83
9.88,12.94,234.94
24.85,27.65,507.1
10.29,65.14,399.55
25.29,82.02,675.45
34.09,102.74,871.81
24.35,28.47,504.82
6.77,75.05,376.52
5.42,53.74,292.8
0.52,68.66,261.79
30.96,116.17,860.14
6.93,99.17,447.67
23.22,61.2,580.11
0.95,59.56,245.93
5.38,105.8,451.19
8.8,80.7,428.42
2.41,27.03,167.48
6.54,42.67,274.3
25.96,18.37,493.24
4.18,8.81,138.9
14.54,60.46,452.57
8.31,51.71,327.81
46.25,22.1,802.4
23.96,81.0,657.08
5.11,27.81,209.44
4.41,39.39,232.69
14.1,7.15,281.04
21.48,117.27,733.63
28.79,6.71,500.87
29.48,113.85,844.97
33.68,105.15,893.1
28.46,51.74,639.88
12.33,87.68,505.63
14.34,40.07,385.62
14.74,99.18,564.65
40.17,19.77,708.46
29.25,44.39,616.27
17.84,21.11,379.52
49.24,101.37,1070.19
39.75,69.38,862.59
17.7,73.17,533.0
13.23,94.29,536.46
28.66,23.9,551.8
49.65,62.73,975.06
6.5,13.5,185.8
22.8,114.47,739.62
35.64,73.06,808.24
6.51,71.2,358.46
40.29,67.85,855.41
37.38,60.14,805.11
12.72,102.41,550.39
21.34,86.48,637.11
2.65,111.87,420.97
39.45,81.45,894.15
38.5,57.1,795.07
10.27,25.18,283.8
35.87,61.76,772.85
10.62,32.51,307.38
38.26,33.32,724.09
35.54,6.4,602.39
6.42,62.33,333.51
47.06,102.72,1055.37
42.75,108.5,1000.66
45.77,114.01,1090.86
17.68,101.38,619.35
17.7,74.96,545.63
3.79,114.11,448.83
23.37,60.36,584.55
47.71,67.86,978.82
28.15,116.75,830.39
47.0,69.79,950.12
36.77,15.81,641.34
13.4,24.13,323.63
8.71,119.05,540.87
1.49,97.73,359.1
34.17,31.31,655.45
9.21,77.66,418.04
9.15,119.27,538.85
4.15,53.36,271.76
40.55,55.47,824.36
17.2,62.71,490.42
19.86,79.51,587.64
37.19,45.83,746.55
22.7,78.8,631.36
32.66,80.5,773.68
17.0,74.18,524.68
38.54,48.65,769.96
27.46,38.67,582.21
39.81,101.17,943.98
42.8,52.31,844.32
3.1,84.27,353.11
10.35,56.92,374.65
44.3,75.51,930.47
7.83,88.43,431.59
37.33,68.15,816.65
30.41,112.99,846.0
4.53,95.8,403.94
44.86,14.95,767.75
48.86,107.62,1113.69
5.33,98.46,422.32
37.03,60.77,790.99
42.76,99.16,980.41
38.91,74.29,869.06
25.03,5.49,435.86
16.96,118.71,672.72
35.17,67.09,776.1
31.19,104.01,833.8
6.62,32.15,244.9
17.25,56.69,491.61
38.9,110.42,961.72
9.86,55.08,360.89
26.76,87.95,716.09
24.69,71.21,640.64
44.48,79.58,962.55
46.21,98.95,1049.41
17.39,103.25,628.02
45.33,83.81,980.28
36.08,21.23,658.95
0.67,102.44,360.42
18.79,88.19,598.05
39.62,83.48,908.42
18.31,98.86,614.79
38.75,82.76,883.18
14.59,101.83,579.39
17.49,88.3,565.12
29.27,59.08,666.67
31.31,25.84,595.64
16.95,106.06,609.06
46.83,98.37,1064.6
5.32,103.78,439.87
4.23,60.36,293.61
32.41,91.68,815.15
3.04,112.57,443.33
38.05,46.26,742.64
23.04,73.56,620.25
20.22,76.38,594.54
13.48,24.69,324.77
1.17,74.23,290.09
11.03,6.51,235.72
25.88,119.16,792.16
40.56,103.16,972.03
0.88,32.29,160.07
1.82,77.0,306.16
28.14,48.63,619.6
8.8,89.07,449.12
32.44,81.33,771.52
32.72,109.96,865.17
48.81,60.3,945.02
40.59,34.37,754.94
25.89,44.68,570.23
34.48,72.71,790.44
16.75,34.3,404.35
30.77,115.64,870.58
20.2,98.64,656.51
3.2,109.92,435.18
11.82,59.42,406.15
0.71,114.14,409.7
1.51,15.34,119.26
48.57,111.11,1096.58
32.74,90.29,820.09
40.71,44.09,801.9
11.45,44.98,353.73
13.16,119.15,609.04
38.52,53.95,798.45
5.83,5.27,154.29
18.19,81.76,573.56
18.12,33.19,423.79
6.65,25.89,227.33
18.98,79.95,570.99
16.76,37.27,410.58
21.25,86.22,622.93
8.77,58.81,356.3
2.86,109.29,423.3
39.48,85.36,889.32
24.63,111.12,747.74
49.73,75.62,1022.19
1.97,36.7,190.77
15.44,95.01,566.04
30.91,20.02,573.02
25.03,9.03,455.48
43.81,13.47,749.57
29.75,16.94,547.83
28.84,15.79,527.0
18.31,41.42,443.15
41.32,45.66,797.0
16.86,8.41,330.16
17.4,56.96,487.29
39.81,44.59,777.85
45.96,47.69,882.28
15.17,75.05,490.48
46.16,46.74,888.4
49.92,95.75,1083.0
3.98,53.21,270.73
16.01,11.98,328.08
33.06,50.82,697.16
40.07,70.38,852.77
46.39,76.75,973.62
22.24,55.4,546.16
21.17,12.25,406.51
4.46,65.52,318.05
49.34,103.83,1092.83
22.37,48.45,526.47
49.39,117.81,1146.27
46.19,81.15,1004.84
16.06,103.01,600.1
7.16,97.4,448.93
24.19,107.54,736.69
47.98,98.31,1064.03
14.7,77.79,505.45
9.85,69.06,410.23
18.41,74.21,550.64
45.21,53.5,901.13
12.86,16.89,294.6
34.25,47.6,711.15
20.69,114.67,703.1
5.77,44.44,267.88
19.66,102.95,656.24
38.21,37.44,736.05
36.7,22.47,653.0
26.62,13.44,483.53
15.8,43.12,414.65
38.62,35.49,738.84
40.31,41.98,796.61
49.74,39.01,930.1
27.14,103.77,777.0
6.09,73.69,352.74
17.64,22.58,383.12
32.67,18.54,594.48
30.47,13.95,555.8
5.12,32.13,223.02
15.89,102.69,605.49
10.0,34.84,304.87
45.79,35.58,830.8
11.05,117.12,563.0
14.19,66.37,462.15
4.06,84.64,371.56
17.42,53.3,472.13
46.44,29.23,833.88
35.41,17.08,640.65
38.3,95.13,909.85
47.43,114.38,1097.32
49.23,80.52,1027.34
36.48,37.64,702.52
40.6,104.06,964.21
37.2,13.31,655.69
17.09,93.04,581.75
48.04,36.43,888.98
33.17,106.08,846.94
10.96,27.59,300.97
8.37,55.95,347.58
11.26,91.85,495.3
34.86,77.97,796.53
38.07,36.57,722.54
16.82,116.0,652.69
23.28,36.7,519.14
25.6,57.51,613.12
13.9,73.71,478.16
43.28,117.59,1057.01
42.11,26.67,780.36
31.69,12.38,568.72
3.62,102.57,414.48
6.61,25.22,222.11
12.79,79.77,486.06
5.78,71.08,348.35
35.21,94.71,869.28
45.12,35.38,826.5
1.88,60.41,261.38
38.41,29.65,714.12
10.54,48.94,353.18
46.08,90.55,997.84
46.1,107.22,1051.72
30.4,46.12,648.34
28.45,89.93,754.78
7.16,111.97,493.01
47.37,96.52,1052.16
47.08,110.51,1080.72
13.4,15.84,296.12
20.19,46.7,486.69
3.57,26.39,180.32
15.15,107.23,597.79
34.86,102.82,884.73
25.56,91.89,710.47
25.67,39.11,549.04
45.87,102.27,1053.89
41.51,42.41,793.94
5.41,102.8,439.33
10.12,111.66,531.82
5.8,18.44,190.48
7.05,24.34,230.27
30.0,30.6,597.91
9.2,100.02,486.29
38.88,100.59,931.38
35.5,9.3,597.42
33.36,18.81,612.19
31.95,76.51,754.19
11.73,81.81,474.73
46.05,24.76,810.64
0.98,105.54,379.06
41.6,98.2,972.99
23.33,113.88,730.85
1.16,114.57,419.67
6.85,39.06,266.65
1.62,78.79,311.14
30.35,89.44,765.7
24.19,30.31,514.23
4.64,104.0,428.45
13.58,104.27,568.61
48.01,95.98,1069.2
31.53,85.43,780.79
41.43,45.71,803.36
10.12,98.3,499.81
28.41,52.6,636.61
44.76,63.37,911.7
27.59,75.64,693.31
7.75,77.24,399.11
11.75,76.5,457.76
33.22,104.59,858.0
47.25,112.4,1092.11
24.41,95.73,696.23
1.23,111.43,409.75
49.04,106.51,1091.52
18.43,60.72,512.46
35.39,6.23,604.57
10.35,30.49,295.57
40.43,44.25,787.31
38.89,112.13,965.19
4.83,38.91,234.64
27.54,25.72,529.85
49.51,48.21,940.85
2.43,59.39,261.59
18.84,106.33,642.05
25.16,34.08,528.19
7.7,119.83,532.41
1.85,86.56,336.04
8.29,55.2,343.28
24.38,119.97,779.27
31.68,105.66,852.43
28.48,106.38,796.99
2.16,97.4,369.08
38.98,66.99,822.0
10.45,54.21,364.53
15.54,71.43,500.78
25.94,114.09,789.22
10.27,78.6,440.99
36.4,95.0,875.55
33.36,19.1,610.09
48.41,64.86,966.13
8.09,41.95,297.88
3.36,40.47,225.1
37.76,42.46,750.29
49.24,92.08,1063.28
12.39,32.96,331.87
9.35,34.44,292.12
33.16,75.43,765.26
31.39,20.05,577.68
7.74,49.09,318.55
34.51,48.52,716.69
32.91,29.3,646.82
37.35,14.15,651.84
5.51,13.49,176.97
1.05,80.52,311.85
38.28,18.41,685.7
34.52,40.03,684.94
37.24,107.04,940.01
5.12,11.75,160.19
29.52,61.63,681.54
14.69,63.91,464.98
37.91,36.16,723.19
6.96,75.18,379.29
25.09,24.39,497.67
20.42,32.46,454.71
27.7,63.83,657.77
37.02,107.93,935.32
2.53,110.28,421.65
38.78,17.57,677.85
47.68,111.55,1089.22
28.52,44.58,614.19
46.57,51.77,912.87
13.92,66.58,465.0
20.79,48.08,509.74
4.83,36.19,227.77
44.07,84.56,965.65
46.5,116.33,1105.28
34.83,38.5,688.85
17.41,57.9,488.53
20.61,112.56,705.2
25.99,66.49,642.02
12.4,57.82,405.89
19.86,10.47,375.75
47.77,110.14,1100.46
40.74,117.03,1026.1
14.54,46.89,412.17
41.33,44.9,815.37
15.87,72.32,501.79
0.83,94.47,344.21
27.39,81.93,703.08
3.48,119.71,458.11
5.6,15.39,177.34
44.44,100.62,1029.32
43.47,89.54,958.19
4.93,47.04,267.02
10.38,77.27,438.29
34.98,89.68,841.5
48.29,79.81,1019.85
9.38,9.08,217.92
15.2,22.98,342.71
3.61,107.7,431.2
2.95,36.2,203.66
2.36,7.67,107.95
31.88,15.23,565.78
30.83,62.4,692.17
34.09,112.62,888.68
20.47,95.08,636.3
47.74,68.74,968.24
20.57,47.06,497.19
12.29,102.78,546.32
24.23,111.2,735.21
31.63,43.19,644.82
5.0,60.8,310.71
43.08,109.56,1043.82
30.73,98.24,808.93
5.61,51.16,287.11
16.51,104.69,612.72
36.21,70.29,805.29
3.28,88.64,357.97
12.25,60.11,415.22
44.84,57.43,890.13
4.62,113.68,456.6
9.83,18.78,253.53
10.28,22.92,277.53
34.01,114.99,901.29
48.32,70.63,980.44
21.75,17.0,433.24
33.83,36.12,659.68
38.61,109.18,963.92
17.37,96.3,608.24
15.68,112.12,619.17
49.37,49.41,944.57
29.39,119.02,839.41
40.67,101.04,954.88
46.82,58.55,940.07
20.27,27.34,440.77
20.45,116.22,716.95
34.81,32.91,672.94
27.49,36.7,558.98
12.85,39.43,360.66
19.02,87.83,600.85
8.56,78.96,413.22
9.9,58.65,375.16
41.85,89.22,967.71
46.08,90.22,1014.11
18.21,45.29,458.64
18.44,26.56,396.95
29.95,104.96,801.77
40.75,91.91,936.6
35.16,82.59,829.87
44.96,75.14,954.45
19.98,15.34,392.95
43.49,51.68,861.11
43.87,64.62,882.87
3.54,6.33,121.21
25.68,108.63,769.13
49.99,25.54,878.67
33.15,52.94,701.39
12.61,88.91,502.11
18.07,34.41,427.76
3.54,62.84,297.86
18.39,94.48,606.58
26.35,103.89,760.07
31.41,60.31,697.37
43.31,32.94,794.0
42.47,39.64,805.55
2.5,28.92,173.7
24.23,9.43,443.72
5.12,76.53,356.26
25.11,11.92,462.96
28.03,10.26,501.47
13.27,113.37,589.31
9.36,12.61,227.95
13.09,112.75,580.79
3.75,61.71,292.89
3.11,51.47,251.07
44.89,95.99,1025.76
27.99,95.9,760.84
42.46,28.17,772.52
20.5,76.73,585.0
37.94,44.64,746.6
46.33,51.78,894.28
34.52,47.34,705.24
12.24,84.79,493.54
27.67,116.8,813.33
19.04,37.44,453.98
1.34,81.98,319.01
9.46,115.27,532.22
3.11,106.15,415.96
42.61,54.92,852.16
38.15,81.07,858.81
43.33,91.39,962.48
32.56,40.67,651.97
43.45,42.69,824.84
6.35,20.17,205.73
17.53,18.41,361.89
13.99,56.23,427.18
42.77,92.6,962.93
48.96,104.73,1085.35
2.84,10.39,125.91
24.23,49.38,563.03
10.73,32.21,310.94
20.53,113.06,698.89
3.08,100.36,400.67
46.01,85.55,993.08
18.08,57.55,485.49
39.66,93.73,947.5
1.13,22.44,136.18
11.87,42.12,350.42
23.37,72.8,626.71
41.72,65.07,865.27
15.15,113.45,631.61
19.22,19.81,390.44
17.57,99.51,618.0
34.2,89.23,816.38
24.66,19.46,476.99
17.28,93.98,593.8
38.29,108.08,949.78
8.39,67.67,384.37
10.1,115.97,553.46
40.76,66.23,873.86
3.48,34.79,205.7
20.8,35.99,471.92
46.55,74.96,977.38
30.82,49.04,667.86
12.33,45.06,373.97
21.42,68.27,569.7
38.66,35.65,741.8
3.16,22.5,160.56
3.64,91.51,376.61
33.78,116.14,889.59
40.65,11.65,692.98
3.55,19.66,162.06
16.39,31.62,394.88
39.99,45.33,781.99
33.16,47.86,701.79
19.52,68.16,541.72
6.2,66.96,345.62
7.79,52.23,324.56
24.57,109.05,740.42
7.5,22.81,229.74
43.54,76.28,941.7
15.25,111.7,612.46
38.06,7.37,650.81
20.11,118.52,706.27
42.41,91.6,974.26
7.8,103.21,482.4
43.75,52.91,867.1
2.27,15.4,133.46
39.1,61.16,832.53
19.29,8.38,369.97
39.45,58.87,814.68
12.73,77.69,471.28
12.46,82.51,482.44
36.06,16.97,649.23
16.73,83.5,552.4
18.51,41.07,453.78
19.88,80.08,586.38
38.07,32.34,703.59
35.97,92.57,866.96
8.76,98.37,471.39
5.28,14.85,170.96
33.25,83.75,800.23
29.51,100.98,788.19
4.38,90.99,390.95
37.13,102.79,909.65
29.05,22.9,550.76
15.17,98.43,566.73
10.19,6.9,224.68
29.11,69.62,706.05
47.71,13.64,806.17
35.55,27.02,663.84
28.91,74.16,704.72
2.94,111.7,431.93
49.57,5.04,807.89
11.61,62.66,416.44
12.95,27.71,331.63
1.21,101.93,377.59
16.52,91.94,571.76
3.95,98.32,402.95
7.52,27.56,246.75
43.46,37.91,823.48
37.48,48.01,759.96
43.21,72.64,904.25
49.07,103.28,1108.68
7.83,28.45,253.82
10.64,105.41,515.05
44.52,115.04,1077.95
14.91,32.71,372.79
26.13,60.44,607.66
36.49,75.69,819.96
24.65,87.88,686.82
19.52,42.67,469.37
27.34,36.1,566.45
32.77,109.96,869.8
34.42,70.29,771.0
14.67,6.92,285.36
17.7,13.24,356.77
15.55,42.71,414.36
28.7,96.77,773.53
4.95,93.56,406.0
12.96,24.98,326.26
23.81,108.71,746.51
12.46,74.29,464.35
7.07,14.54,199.19
49.64,71.38,1006.93
30.41,84.82,766.72
49.31,17.96,844.09
3.26,88.66,360.99
49.54,98.32,1097.03
31.58,18.73,576.15
28.51,108.13,809.79
2.56,100.93,386.2
10.69,74.99,446.93
13.06,69.3,459.88
30.34,53.93,659.17
25.87,87.43,703.84
18.72,52.28,489.51
6.61,62.59,333.2
10.92,27.32,294.99
43.44,74.56,918.43
39.07,18.18,684.13
43.07,81.41,925.54
24.78,39.56,542.72
27.07,9.99,487.43
13.96,90.77,539.98
26.46,109.39,764.31
15.7,56.3,459.81
0.65,104.75,370.51
48.61,59.05,979.05
48.77,69.24,985.75
4.16,69.99,327.16
15.52,111.31,613.89
40.1,42.56,781.23
5.43,84.36,376.13
30.65,41.65,629.85
47.63,12.7,804.66
16.78,116.61,657.52
7.97,12.67,207.06
5.85,116.79,489.35
22.31,103.99,691.88
15.07,8.32,302.63
22.01,42.15,514.23
45.02,19.01,780.98
39.1,78.72,873.77
19.68,14.68,393.61
21.33,53.8,533.15
41.42,29.22,763.01
33.0,109.89,866.86
17.05,28.23,382.85
46.94,110.52,1072.73
21.69,52.44,541.62
27.73,38.11,577.96
38.55,108.94,946.73
39.69,118.73,1007.78
34.42,33.05,671.34
31.17,37.39,629.32
34.74,15.6,622.17
15.21,8.58,301.43
25.09,80.68,663.91
21.52,69.0,585.59
4.2,27.73,193.48
23.56,79.83,637.9
27.21,94.03,729.5
6.44,78.56,385.65
10.99,41.65,337.68
27.12,15.9,507.82
21.12,117.73,708.36
18.07,28.7,410.2
5.33,24.42,202.27
46.99,69.59,963.31
9.09,52.88,348.74
6.46,54.44,308.98
35.71,47.92,719.38
38.22,18.72,671.12
42.91,13.15,726.01
19.98,26.58,422.66
30.36,57.16,690.3
9.97,110.83,538.24
41.59,100.27,987.55
31.56,56.81,694.74
37.75,73.99,853.41
20.59,16.53,401.2
41.78,83.49,926.58
39.69,96.74,947.67
17.15,5.47,322.76
43.5,76.1,933.74
31.92,33.43,618.73
9.92,88.32,459.8
5.24,63.88,322.16
43.53,61.54,887.99
42.29,95.92,982.89
35.82,30.85,688.09
1.94,31.66,174.83
18.38,32.77,429.57
40.09,57.65,821.94
39.48,33.66,742.87
8.77,111.54,519.66
35.65,116.25,928.42
34.9,32.18,673.45
45.09,109.84,1048.86
38.67,96.35,930.4
6.24,42.86,274.48
23.18,81.4,630.12
28.4,50.36,619.5
4.09,116.48,469.18
30.69,45.64,648.89
40.26,75.7,886.2
14.1,73.52,475.38
38.33,39.79,751.64
25.66,20.96,493.08
27.51,81.27,723.08
18.56,105.95,645.19
12.38,37.35,348.98
39.42,54.93,816.53
29.05,81.12,731.49
17.55,82.94,558.3
11.77,77.25,453.45
46.51,96.1,1035.31
39.16,85.15,892.89
37.67,29.93,701.9
30.96,111.89,852.63
15.84,78.2,530.56
35.86,78.34,816.18
25.64,68.1,644.96
4.95,25.3,199.68
12.06,65.05,425.62
27.32,33.68,560.57
32.05,8.49,559.91
20.26,67.34,550.83
10.46,58.65,380.85
4.02,31.96,204.31
6.29,14.63,189.56
49.44,14.99,840.46
48.25,107.48,1065.58
12.27,14.74,275.73
43.62,85.93,960.72
47.22,70.49,969.88
8.46,58.25,343.62
49.94,84.41,1053.52
5.48,49.92,281.34
39.42,19.73,694.09
43.57,22.01,764.8
27.02,36.66,558.07
38.0,78.96,857.12
2.65,113.97,430.27
14.95,62.41,464.36
31.15,38.47,639.98
40.08,105.26,946.49
12.6,32.72,333.6
42.5,5.87,691.56
34.41,30.31,654.78
27.11,42.84,589.46
21.55,65.06,565.43
17.94,78.56,556.69
29.65,94.8,771.34
24.33,77.19,652.94
7.96,44.86,309.57
15.63,27.82,365.23
11.02,27.49,295.42
40.78,66.33,854.53
15.18,44.68,413.08
30.87,76.77,747.32
21.44,55.47,541.05
28.77,93.39,765.82
40.6,43.19,780.33
5.36,79.57,376.52
29.58,16.8,543.67
41.75,12.32,712.23
23.29,25.59,480.06
42.6,71.73,897.36
43.23,103.54,1015.43
39.03,69.52,833.8
40.39,77.32,896.51
29.61,76.87,716.51
5.22,19.46,186.15
11.16,15.66,267.81
13.51,38.95,370.05
28.41,31.27,568.52
37.46,8.47,640.56
44.19,93.82,997.28
46.77,86.34,1015.68
49.88,87.79,1055.36
29.2,26.09,567.13
24.71,104.06,736.15
47.69,47.69,899.15
48.01,18.88,827.14
46.49,26.97,827.41
29.81,9.1,529.05
20.02,61.74,532.69
43.73,23.49,776.35
3.4,103.64,408.25
32.57,86.14,796.0
28.63,43.19,612.44
26.95,50.66,605.66
35.56,13.76,618.63
34.17,74.45,780.07
38.09,54.08,780.23
44.67,13.61,757.53
29.91,31.64,592.41
48.97,12.01,819.44
7.81,46.99,310.05
12.47,87.91,500.47
32.99,64.51,733.13
9.24,44.79,321.4
7.29,119.84,527.47
31.01,27.52,583.94
24.35,12.23,451.81
1.97,73.89,302.72
5.46,95.85,426.56
8.21,13.71,213.05
41.14,84.94,909.74
22.37,81.55,623.19
0.75,66.48,260.59
4.57,69.65,326.28
16.06,60.08,470.59
36.1,83.58,845.06
43.51,43.46,823.44
45.75,26.92,812.78
26.67,91.88,727.38
27.88,84.03,719.01
20.41,90.7,622.14
49.86,23.13,860.65
49.08,111.55,1127.9
0.72,78.06,299.84
38.73,89.28,900.34
27.73,80.08,697.2
41.63,85.3,914.4
0.86,14.23,105.06
20.18,113.07,691.38
31.24,63.19,717.24
46.26,60.03,928.46
25.93,18.46,491.49
23.35,84.05,655.79
42.57,70.31,897.17
3.19,72.08,319.13
13.72,74.66,476.88
27.94,65.59,665.69
27.76,111.68,793.22
23.31,78.58,626.9
9.63,90.03,465.95
26.39,108.04,767.88
5.53,44.57,268.11
3.82,94.84,385.5
25.33,74.63,649.8
35.23,43.89,709.79
41.81,9.01,706.24
39.01,68.4,829.18
27.47,112.21,810.34
19.61,17.16,395.8
21.53,94.45,668.17
28.33,77.61,711.12
39.74,26.69,724.13
8.87,99.89,488.1
45.93,13.0,779.22
48.5,87.39,1044.02
15.61,73.93,511.37
26.04,112.19,773.7
34.46,10.81,599.64
47.23,60.96,926.91
32.22,62.29,721.49
28.52,46.36,619.55
38.59,19.11,691.44
2.94,6.99,115.24
5.98,44.86,283.98
26.75,82.72,703.0
1.99,72.4,300.4
4.85,69.96,327.8
24.34,48.87,556.97
41.6,31.05,768.14
12.55,8.71,264.01
19.66,99.19,635.34
2.84,86.77,343.99
17.51,88.79,583.36
29.68,27.64,563.77
15.05,72.34,488.85
47.82,53.39,927.89
5.57,116.8,488.37
7.63,87.75,422.23
48.83,118.28,1141.11
33.38,97.17,838.28
16.99,51.2,463.9
40.55,33.67,753.9
28.85,19.49,541.32
42.09,109.25,1008.28
31.21,98.0,820.1
38.85,40.48,752.31
30.06,10.89,535.83
5.73,7.31,156.66
46.56,105.37,1056.35
34.07,106.56,878.34
48.75,19.96,829.75
8.26,97.91,476.76
39.22,115.93,984.59
41.46,50.47,821.32
24.06,75.33,633.98
30.4,31.32,599.42
48.46,84.39,1031.99
0.74,113.7,402.8
22.99,58.2,567.36
29.38,43.43,625.1
6.12,46.24,280.75
26.72,55.29,608.67
9.1,18.65,242.33
9.54,35.29,296.81
17.99,9.56,350.93
17.37,26.41,387.07
10.29,118.24,572.85
12.67,108.34,565.96
29.56,82.71,733.81
41.89,26.11,757.87
14.95,81.99,522.09
31.94,85.27,778.57
21.95,48.96,519.06
44.58,79.61,956.94
7.22,26.06,237.15
20.76,54.09,540.17
9.02,34.38,286.31
17.96,29.19,406.92
9.15,21.86,252.47
19.02,16.67,384.73
44.9,62.26,896.8
43.42,100.24,1002.27
2.2,89.23,351.5
43.59,112.42,1027.44
9.63,113.05,534.46
18.62,113.19,669.58
41.02,42.76,783.91
29.64,25.92,564.5
21.96,12.78,423.53
29.68,41.4,612.11
13.23,42.62,375.9
35.55,25.56,658.67
7.34,102.3,463.36
23.42,59.27,574.33
9.72,68.96,402.07
44.82,119.03,1100.2
26.67,116.86,804.03
43.57,116.15,1074.7
49.95,92.31,1055.88
28.12,94.42,754.03
1.83,35.78,187.02
30.87,53.96,670.71
46.0,66.89,949.03
43.0,98.42,1002.93
49.46,48.61,942.39
43.8,11.25,736.0
16.98,97.83,604.81
27.39,48.91,612.41
40.66,68.77,881.22
9.95,72.39,416.88
15.57,7.47,305.44
45.21,62.52,930.87
1.0,52.01,222.3
18.59,65.06,508.77
4.6,57.75,288.87
19.94,101.3,662.65
27.06,72.58,672.57
3.17,54.48,256.06
40.23,23.57,719.61
1.84,114.62,427.03
9.48,43.5,324.8
29.27,109.11,816.15
28.44,28.62,557.35
6.29,18.3,199.54
1.11,22.4,133.05
0.81,17.91,115.64
46.83,65.45,943.57
27.96,17.4,507.05
29.45,100.94,802.48
7.34,99.98,460.77
33.3,74.42,765.31
32.28,50.86,688.32
3.63,28.6,190.58
21.82,22.22,443.87
45.13,9.05,753.53
5.09,70.73,334.9
8.31,79.85,414.85
36.82,111.42,934.75
3.89,68.86,316.67
24.36,114.4,760.78
6.56,54.82,310.79
14.7,81.44,512.38
24.42,25.88,490.15
7.73,34.14,267.34
11.93,37.15,339.14
38.4,8.13,640.88
9.93,86.88,461.67
25.98,106.39,753.87
1.0,95.2,346.83
7.71,31.92,267.94
39.41,22.14,697.29
24.72,34.3,524.41
17.88,97.28,615.46
11.48,46.25,354.92
23.25,84.21,647.14
46.29,8.53,767.96
44.11,7.97,735.61
33.51,45.57,686.8
30.49,102.27,816.44
8.38,30.83,268.77
29.59,88.22,748.42
38.83,104.31,941.11
12.73,72.84,460.94
30.23,52.48,668.26
32.82,115.44,880.16
47.93,11.92,799.59
42.08,109.63,1006.28
6.59,47.2,286.31
23.14,63.6,586.45
31.44,62.52,702.3
42.15,114.37,1042.53
2.1,35.71,187.7
5.15,52.16,283.3
31.92,49.51,682.32
36.71,90.45,875.34
19.62,103.87,649.98
8.31,108.2,490.82
17.07,5.58,323.05
47.52,30.87,845.5
21.62,112.36,707.08
42.83,61.19,856.26
47.27,118.73,1127.79
14.81,114.22,614.58
21.04,104.97,684.86
47.18,51.27,892.39
10.84,119.56,570.72
9.85,98.63,489.7
16.58,14.56,341.86
49.11,35.5,888.93
34.13,34.33,675.32
5.16,97.98,418.87
36.68,73.73,824.07
8.99,99.94,484.99
9.34,67.12,398.97
8.55,26.15,258.57
34.14,13.37,594.85
32.72,8.98,568.58
36.36,32.51,694.42
49.38,111.3,1118.58
25.81,22.71,505.22
29.84,118.46,846.32
20.01,113.63,698.83
5.95,107.37,460.68
37.4,50.43,756.66
28.77,61.44,658.15
29.12,118.54,845.53
10.1,12.7,235.79
6.72,70.72,357.98
22.16,101.24,687.87
39.1,61.06,819.35
27.83,104.68,786.76
13.71,52.19,417.06
39.47,77.16,858.55
6.64,51.88,303.39
11.72,6.92,246.2
44.67,41.91,836.36
22.34,49.17,540.07
25.55,51.97,584.3
47.19,36.77,868.66
22.36,12.24,427.49
43.0,36.13,809.64
27.04,78.68,694.22
17.34,88.55,571.73
31.91,35.21,646.84
33.06,82.37,780.36
40.25,91.72,925.65
3.33,61.84,284.69
21.4,25.34,444.26
23.71,86.22,654.26
21.03,73.13,582.74
46.85,62.44,929.34
43.83,104.17,1021.91
43.49,114.31,1035.73
34.51,69.85,767.67
43.48,34.27,808.9
11.19,40.29,339.31
20.67,15.02,403.41
4.18,46.7,249.9
12.59,104.42,556.77
10.54,14.39,251.85
18.03,11.49,354.44
7.48,95.59,449.72
35.76,11.55,602.68
19.65,19.57,405.69
39.47,32.59,747.4
16.25,9.11,320.72
44.51,61.8,930.24
9.41,87.21,452.0
11.95,39.63,352.8
36.67,14.56,648.26
37.85,81.21,864.9
17.67,83.55,566.22
28.88,49.62,629.22
28.15,69.47,689.76
25.81,57.6,606.85
6.61,88.2,411.05
37.34,78.43,843.68
41.14,26.37,748.89
3.86,5.01,124.67
41.24,59.13,849.46
3.41,9.11,127.96
14.22,51.65,416.65
6.67,116.91,496.47
6.44,72.85,365.35
16.11,56.77,472.06
29.34,13.06,537.04
37.15,38.75,728.15
23.86,17.31,453.79
2.1,7.84,106.47
28.89,98.11,774.73
16.31,21.14,360.33
29.66,107.09,823.03
31.72,65.47,739.59
26.07,36.36,550.39
47.72,115.18,1112.63
39.59,11.3,669.19
6.62,67.66,353.61
41.21,82.25,920.34
7.52,8.43,188.97
20.22,96.64,648.29
3.14,41.69,220.51
37.21,94.42,888.75
29.37,53.05,655.2
18.21,43.44,454.5
31.33,83.62,779.51
17.94,78.71,554.49
33.56,38.9,663.95
47.9,39.09,885.42
23.99,60.67,585.81
35.36,27.48,660.33
34.28,97.24,846.02
31.2,53.39,681.73
4.69,65.22,316.18
16.86,69.8,513.16
37.02,22.97,679.46
19.14,90.91,629.77
28.47,85.37,743.18
31.88,82.94,780.65
11.66,102.27,529.36
44.53,17.49,763.1
43.4,59.67,885.12
14.55,82.96,513.12
39.65,70.47,846.09
35.63,52.16,742.19
26.8,77.08,689.24
12.03,91.04,510.45
40.46,9.33,681.84
29.77,43.89,625.38
33.03,35.2,646.32
37.25,72.69,824.98
22.51,109.5,715.91
9.99,14.6,240.78
22.4,113.94,721.05
23.4,96.71,696.51
10.17,28.43,289.0
1.93,72.58,293.15
41.36,95.0,944.67
40.91,115.11,1015.72
9.6,109.69,525.46
9.39,25.15,265.79
5.8,54.19,297.52
41.01,38.66,782.73
2.8,48.08,237.02
17.03,18.46,359.37
22.96,56.98,560.14
38.56,78.45,853.44
11.13,114.04,560.89
28.77,29.57,559.44
14.92,60.28,450.74
30.85,89.38,772.5
40.15,19.0,710.28
29.25,74.54,712.93
47.79,104.98,1098.29
9.45,52.51,350.44
35.91,38.19,694.26
44.94,108.0,1046.22
24.18,27.08,488.7
11.82,116.79,581.51
5.43,48.61,274.63
2.43,67.37,288.95
6.17,33.88,238.87
35.67,115.68,931.73
37.78,120.0,961.5
11.02,106.76,530.83
19.8,86.76,604.78
44.04,60.95,894.9
11.57,117.59,580.01
49.42,92.01,1082.15
6.5,118.98,496.29
40.97,10.51,701.55
32.89,23.32,611.81
18.14,74.06,540.53
28.49,84.11,730.91
43.0,29.87,783.44
23.94,61.12,592.97
15.92,49.9,435.23
31.52,72.14,738.84
40.17,102.86,959.63
39.97,47.84,802.05
29.11,83.09,741.39
27.9,11.32,507.18
12.46,57.38,404.74
26.96,82.16,705.06
30.03,102.18,794.82
27.83,38.93,578.53
30.58,110.36,840.25
26.73,38.6,571.58
40.75,97.37,951.45
28.42,50.59,624.56
38.33,45.34,755.46
29.4,92.59,765.07
3.01,61.08,286.49
23.02,106.26,729.01
38.8,58.79,801.53
13.41,107.8,569.25
45.98,19.47,789.04
32.97,38.62,665.6
20.7,22.38,429.87
36.75,11.41,637.55
33.44,114.55,906.54
3.61,29.91,192.08
10.76,55.85,382.37
36.32,29.21,687.32
9.03,59.83,355.16
43.36,90.8,962.35
1.66,12.73,113.1
37.64,86.0,865.22
4.95,87.15,389.86
46.16,57.0,920.55
42.76,8.26,722.68
47.79,104.52,1073.14
41.23,20.51,731.62
37.03,53.76,766.59
39.93,15.05,693.13
0.61,57.07,231.38
1.36,70.53,285.12
33.72,72.56,784.47
23.33,111.76,728.0
31.1,71.94,714.94
7.83,36.5,276.99
16.96,22.71,371.45
25.81,41.94,561.0
17.15,98.1,591.67
27.97,105.17,785.81
2.03,109.79,406.84
18.52,110.08,651.14
9.21,30.65,280.72
5.68,65.06,330.77
45.77,106.9,1046.41
45.12,86.87,980.99
19.24,86.99,603.92
12.05,69.6,431.99
46.2,93.72,1011.61
3.64,86.72,367.51
29.02,29.45,574.15
28.81,39.36,604.57
44.03,107.51,1027.38
4.68,58.98,298.01
7.53,43.17,290.92
47.17,91.64,1023.08
7.35,81.93,408.3
12.4,57.65,422.31
26.55,80.69,689.42
19.66,22.15,409.81
12.37,32.22,334.16
46.18,40.64,873.02
44.14,104.34,1046.6
30.1,40.4,617.47
13.47,24.43,325.74
17.25,63.65,505.89
4.49,17.19,169.53
16.35,52.05,452.45
19.0,60.09,506.06
33.17,36.29,647.55
47.16,40.47,880.64
16.78,13.91,338.15
47.67,48.04,917.58
27.87,86.98,731.69
39.34,48.88,777.15
3.24,118.47,456.43
5.08,54.3,289.71
35.93,10.18,617.72
36.2,116.47,925.02
27.48,18.92,519.92
47.82,47.01,887.69
1.88,8.95,104.01
28.34,62.77,664.33
5.53,113.84,472.38
14.76,98.62,569.71
33.99,95.41,846.52
12.58,53.11,393.77
48.3,17.62,829.81
36.78,11.67,638.33
22.9,5.42,406.4
19.99,33.76,452.9
37.01,114.36,954.86
35.64,23.47,650.99
9.17,7.11,207.04
23.23,84.12,641.21
44.2,49.65,858.17
42.02,25.53,764.93
2.01,110.86,410.32
20.13,117.47,705.95
3.78,88.03,371.16
43.84,118.57,1063.58
26.71,75.55,675.45
1.2,62.88,259.15
17.74,46.01,450.43
32.88,80.98,787.4
33.06,57.62,714.73
41.48,6.05,689.72
29.99,8.95,528.51
35.59,67.53,785.76
36.23,13.54,637.35
3.69,114.14,449.3
4.84,78.34,356.89
27.8,116.11,810.83
23.97,99.78,708.06
3.1,9.16,124.51
10.4,80.61,449.73
3.68,93.05,380.37
34.04,109.83,883.43
2.55,21.53,153.16
43.92,109.32,1035.51
19.23,31.64,434.29
11.95,66.05,426.67
16.92,62.38,484.54
21.65,43.29,499.72
42.06,71.78,891.44
3.15,39.46,214.21
33.64,26.04,630.86
30.82,59.37,685.86
16.94,106.54,608.52
2.07,78.52,311.21
23.24,21.68,460.19
6.54,55.09,311.36
18.48,46.41,464.54
27.6,75.32,679.04
11.38,88.7,482.67
29.25,75.2,704.23
21.35,112.86,706.08
29.65,87.91,762.32
11.24,7.12,237.29
8.15,84.02,421.06
37.89,53.35,775.95
26.06,67.49,633.23
22.45,5.43,394.47
28.05,12.98,507.69
44.02,105.68,1044.06
22.18,72.88,603.99
31.07,45.7,653.83
49.53,54.72,961.58
2.1,39.78,202.22
30.95,59.25,693.75
4.5,21.65,182.62
41.64,23.91,744.84
16.6,60.1,478.08
48.36,87.7,1027.25
8.76,16.36,231.1
39.77,38.71,762.45
1.8,52.3,233.05
8.53,87.75,439.5
2.27,69.94,291.98
44.7,13.99,766.07
34.29,24.78,640.67
29.67,44.79,637.77
14.52,58.28,439.72
40.91,60.18,848.51
22.88,6.91,413.16
49.07,33.77,878.3
1.01,55.12,230.71
49.94,63.51,990.22
15.68,87.51,543.77
28.5,99.5,786.99
9.86,7.35,224.4
28.96,73.57,708.56
19.96,79.92,593.1
32.4,45.86,673.02
23.17,102.25,699.95
21.13,49.62,516.11
45.04,40.12,844.39
2.67,100.71,390.0
29.72,58.98,665.52
39.5,25.7,706.45
4.04,69.6,320.01
39.91,107.67,982.44
4.31,72.76,334.43
29.78,95.63,791.75
35.51,62.69,771.65
11.05,34.22,316.87
34.14,57.11,727.88
43.57,54.11,879.1
24.94,19.52,474.86
38.27,87.12,885.61
1.28,61.79,254.79
45.13,104.72,1035.15
12.57,21.11,302.57
21.48,98.21,676.41
13.0,30.83,332.5
21.63,57.3,550.33
10.65,12.09,247.81
30.12,22.09,571.96
24.07,25.46,489.18
2.05,5.19,96.99
49.2,9.58,819.98
32.55,64.85,718.92
11.07,71.84,428.51
25.52,47.78,573.19
1.86,114.21,419.06
3.92,53.96,269.86
29.55,108.93,815.66
8.8,5.94,200.71
34.55,7.01,591.37
7.94,22.62,234.7
12.08,49.3,376.76
40.01,37.75,773.07
49.29,50.74,930.04
22.82,79.18,637.17
17.7,80.51,556.73
14.01,110.8,585.6
41.32,61.05,863.56
34.68,83.58,819.53
27.64,104.17,779.68
26.28,76.45,671.64
48.14,53.82,936.1
46.61,61.08,951.62
13.18,60.51,429.24
7.73,67.28,370.93
19.69,79.72,579.99
26.07,18.6,491.26
10.92,97.15,508.1
11.98,55.8,400.15
20.2,88.99,606.27
40.8,91.24,932.08
18.76,53.22,492.56
34.65,86.85,834.59
5.56,69.8,341.15
36.69,40.0,718.6
15.85,78.58,521.81
28.05,102.62,794.67
5.8,12.52,176.47
9.7,65.02,397.0
37.41,89.15,869.76
15.55,51.66,439.37
39.52,67.54,848.14
31.38,32.27,618.6
7.41,5.06,175.35
13.85,81.71,498.97
7.94,55.08,333.34
38.19,104.24,915.06
26.08,79.72,674.22
35.51,80.17,831.32
22.43,44.19,514.31
37.7,83.11,878.05
27.48,20.16,514.17
8.11,7.82,192.96
46.53,90.04,1022.07
25.51,117.45,779.9
21.9,91.13,639.93
6.78,78.69,390.16
37.44,14.81,653.54
42.66,118.04,1032.43
37.38,5.64,626.37
37.22,15.01,659.11
8.66,56.84,350.05
37.72,80.29,852.86
17.91,6.02,339.68
17.36,48.41,452.28
4.17,74.19,331.39
38.15,105.84,958.21
37.65,67.6,816.18
32.91,71.15,761.78
42.16,62.45,853.85
7.46,106.94,492.94
43.16,85.78,942.48
2.28,13.93,124.29
25.93,10.73,469.94
19.0,61.27,516.68
16.56,113.18,644.01
34.54,11.7,600.33
38.84,81.27,876.05
35.47,115.62,932.89
0.6,95.73,346.3
26.29,40.04,562.81
36.75,34.55,698.78
35.85,24.55,657.64
44.93,38.1,815.87
35.27,31.91,688.24
42.01,89.86,941.96
25.49,117.76,782.97
1.7,102.16,378.51
24.08,77.18,646.43
34.99,110.96,904.36
6.44,16.99,199.16
48.45,114.92,1130.4
25.36,96.91,717.17
30.74,102.31,818.35
11.35,82.35,467.26
40.23,72.36,874.97
25.48,26.86,503.82
38.28,35.73,727.92
25.36,84.95,689.03
49.79,36.16,896.17
41.07,104.07,982.13
44.45,113.74,1072.44
16.13,97.44,577.34
21.07,68.81,585.25
33.63,36.54,662.27
39.85,100.8,958.98
8.46,52.66,335.0
2.69,50.83,242.82
21.25,84.1,621.75
2.91,45.68,227.45
32.3,20.98,614.84
20.43,77.86,595.2
47.94,111.99,1088.06
36.41,25.43,670.61
47.61,75.31,1004.48
11.27,40.93,337.89
38.71,43.73,754.72
10.18,73.55,421.61
14.32,9.39,292.88
38.47,114.37,998.62
42.33,7.18,706.55
8.54,80.25,421.87
46.99,50.12,917.71
27.98,114.99,825.19
0.54,104.24,367.86
25.35,14.96,473.36
18.66,57.25,487.04
44.62,42.27,846.57
44.85,29.03,810.92
24.85,70.02,632.73
43.12,11.0,723.49
32.29,118.71,873.53
29.45,67.27,695.4
5.71,29.64,226.67
17.54,117.53,677.09
32.42,31.54,642.45
33.76,33.33,654.76
32.57,43.28,681.7
29.26,86.96,746.03
19.4,91.48,619.28
43.05,109.97,1028.14
49.2,46.09,918.99
10.47,80.08,445.72
16.89,44.23,432.66
3.27,97.33,392.16
39.6,49.29,780.44
18.7,9.19,359.91
14.04,6.88,283.16
25.02,44.18,543.14
10.74,57.25,390.53
40.28,46.33,784.0
10.81,36.4,322.6
2.23,105.62,397.34
42.91,94.08,979.59
7.79,110.17,503.22
7.48,30.9,254.68
5.27,92.59,395.31
7.3,80.3,405.79
15.13,101.2,579.34
12.99,71.05,447.94
1.08,50.75,218.0
6.36,30.89,239.68
26.59,69.86,670.18
6.44,23.93,213.39
23.43,106.1,727.31
9.67,109.73,529.1
49.56,59.21,974.53
43.16,108.92,1018.49
28.9,45.15,607.56
16.45,48.78,436.22
23.93,94.56,689.33
31.41,48.67,669.34
25.81,116.69,784.49
13.01,25.18,316.72
2.38,30.92,177.62
36.57,89.6,865.82
31.77,22.97,594.48
31.9,36.81,641.61
11.11,104.43,528.53
15.52,118.99,640.98
31.67,98.04,820.93
31.6,101.85,829.07
46.31,31.02,842.02
2.05,19.73,140.42
20.35,31.82,449.08
40.71,28.24,744.88
3.94,37.08,218.55
35.17,48.07,720.42
25.9,33.78,535.57
8.96,92.59,462.82
9.77,8.95,220.96
43.06,53.75,855.15
9.28,118.99,542.65
27.53,98.41,754.37
31.17,25.47,588.82
25.25,112.14,763.65
26.05,27.82,527.29
48.94,64.79,983.16
21.31,78.16,601.67
42.26,40.56,800.47
12.11,20.96,294.86
32.39,34.29,643.72
39.32,20.25,706.01
26.54,83.1,689.34
36.04,45.4,720.59
12.82,69.73,457.37
2.53,25.07,164.08
38.97,66.17,831.15
23.24,48.42,551.27
34.71,72.87,779.65
0.62,15.51,105.39
5.84,70.48,348.12
21.01,20.19,432.46
45.1,89.55,986.54
42.38,24.51,757.88
33.83,44.05,691.38
11.76,6.46,248.4
11.01,47.01,352.78
13.44,55.04,419.64
2.62,93.37,370.08
13.76,57.89,428.69
20.81,34.13,460.23
12.9,84.95,495.51
15.79,24.73,357.56
20.23,104.16,664.5
18.96,64.13,527.22
2.85,29.71,184.56
44.77,97.25,1016.19
17.99,84.85,583.41
33.34,78.92,773.4
22.05,63.89,572.57
11.19,31.46,310.22
48.7,55.19,955.95
30.63,62.95,705.26
5.1,44.76,260.73
14.66,42.49,401.27
12.32,100.81,532.42
16.83,18.02,362.9
2.44,87.56,359.89
7.52,29.54,253.82
1.52,99.62,372.23
37.83,23.59,693.5
7.75,17.81,219.15
36.89,59.16,774.42
36.25,55.54,756.26
12.35,113.49,564.34
36.12,62.09,784.47
0.97,101.67,370.87
49.98,35.96,888.05
23.4,91.81,662.63
6.47,64.0,337.68
27.81,31.77,555.46
21.65,96.8,658.33
16.96,36.33,414.99
39.77,90.42,921.68
44.49,87.02,973.76
3.12,92.06,368.81
32.24,87.57,794.07
23.24,74.3,617.37
40.24,117.35,1007.94
7.18,39.49,274.32
38.72,119.32,967.36
11.1,94.99,503.43
45.23,102.59,1063.23
41.91,111.82,1016.98
46.98,84.32,1001.68
13.68,24.95,326.82
12.91,105.04,562.23
10.68,31.87,301.95
25.18,61.08,604.6
13.5,76.78,485.05
5.32,109.57,457.38
5.88,83.76,384.5
16.68,13.47,341.58
43.61,85.83,962.17
1.13,103.88,378.09
20.4,38.86,467.69
10.3,68.15,413.34
39.52,59.97,814.06
46.09,7.64,762.88
26.04,51.23,587.8
44.83,86.99,984.53
26.37,13.33,482.94
34.94,115.69,930.29
19.5,105.65,639.93
46.43,50.66,896.9
23.16,33.97,500.44
11.58,103.55,532.58
37.99,70.89,833.89
39.46,73.23,860.75
7.51,40.72,278.06
1.61,51.72,229.91
45.67,90.18,998.85
10.77,63.31,405.07
14.51,59.86,450.0
5.66,88.53,398.29
26.71,96.01,738.1
2.7,51.38,244.72
11.33,99.2,517.54
7.72,115.86,509.21
19.4,6.75,359.65
5.89,62.06,324.25
33.18,86.31,812.14
2.31,42.04,213.39
14.78,119.61,629.84
24.56,110.11,730.77
35.65,115.2,936.53
19.12,104.47,642.69
3.25,40.81,224.55
41.65,15.94,725.81
33.25,112.99,912.01
37.71,63.72,811.06
44.83,88.3,995.88
37.77,14.66,656.0
8.36,89.86,442.72
2.8,81.02,331.29
7.2,20.26,219.28
13.35,78.81,489.64
48.6,104.14,1079.25
40.0,114.15,1005.9
38.81,117.07,988.94
32.54,36.4,643.33
38.21,80.5,856.3
11.35,103.88,532.79
46.92,40.99,871.67
29.48,31.1,577.23
0.5,41.51,179.71
39.18,8.29,666.9
32.58,118.47,886.56
19.84,20.33,406.17
6.28,70.31,355.95
23.86,35.31,519.48
36.39,57.3,767.24
15.91,71.95,503.09
20.43,21.68,422.43
47.47,99.99,1062.25
32.97,47.71,686.14
5.94,76.43,371.62
41.91,5.42,694.35
23.23,107.1,709.13
34.44,86.08,816.04
32.34,46.79,682.4
17.91,61.9,501.15
19.0,14.35,379.22
5.96,68.92,345.76
48.44,7.36,801.27
27.06,117.11,820.82
1.54,36.1,180.06
18.18,47.6,463.84
47.96,55.83,928.87
21.64,10.12,409.8
19.18,105.1,657.1
11.47,29.15,311.27
33.34,79.9,794.74
19.12,106.98,652.03
18.54,31.45,421.5
12.42,37.72,353.26
19.56,10.1,376.22
24.19,46.97,556.92
5.05,69.18,330.69
19.76,111.64,685.58
42.27,96.8,963.76
6.88,38.29,265.17
21.69,10.67,406.99
2.53,82.53,326.95
4.45,79.51,353.02
18.78,101.05,632.37
46.51,101.57,1064.05
6.46,33.6,250.12
18.51,10.77,357.95
3.09,13.4,137.55
48.49,109.88,1099.84
16.58,51.23,456.29
39.36,111.58,957.62
12.52,34.49,339.43
0.84,31.93,159.95
27.65,43.08,589.64
30.06,95.66,782.6
12.43,37.87,350.66
18.47,7.83,349.83
44.88,64.53,932.12
49.41,85.58,1071.28
45.74,71.16,945.08
3.11,85.15,360.35
28.06,52.4,635.63
49.35,106.97,1128.94
35.86,74.43,820.89
35.52,98.9,880.68
31.78,35.56,626.59
24.04,112.26,740.98
45.46,15.85,770.64
44.07,39.94,849.47
32.5,117.7,890.38
2.22,85.94,342.1
48.8,53.03,951.69
37.62,83.93,866.56
13.42,65.81,446.57
44.26,77.46,962.35
26.65,56.5,624.98
19.03,85.51,589.61
2.66,67.46,296.49
28.89,60.08,668.82
24.32,96.88,703.47
32.07,95.51,814.81
41.52,87.93,941.26
28.27,67.67,679.84
19.53,107.21,651.9
29.31,39.39,610.49
33.4,46.41,684.67
8.53,87.36,442.95
36.45,107.63,915.78
49.24,44.22,897.63
4.34,51.57,270.1
22.47,24.94,460.24
38.05,13.77,666.37
1.99,119.48,439.72
30.42,57.09,674.43
2.33,42.79,216.34
21.57,94.19,668.5
44.21,88.66,1001.03
11.38,118.99,580.1
46.83,115.01,1102.58
32.99,45.84,675.46
43.33,94.97,995.43
3.7,12.42,143.98
38.23,96.73,914.91
12.4,116.4,586.42
13.73,88.63,516.36
46.39,72.61,964.47
5.04,49.09,274.51
11.56,70.48,440.7
15.79,65.64,483.57
42.19,29.38,755.49
0.59,22.82,126.95
37.12,8.54,639.68
7.74,70.43,380.79
32.33,92.02,816.6
8.7,80.69,426.01
30.96,67.29,715.22
29.12,100.6,789.18
25.38,47.59,571.07
6.87,19.27,209.78
34.52,118.89,927.45
34.25,13.65,612.23
47.75,88.68,1033.91
15.83,33.88,391.78
24.58,14.98,467.13
33.77,72.9,776.62
33.84,10.94,589.24
26.83,97.62,749.04
30.64,77.43,731.34
17.22,9.59,341.05
21.94,37.15,505.0
42.23,47.56,829.06
32.0,40.55,648.31
7.98,55.56,334.09
45.64,111.36,1064.14
3.44,108.3,425.22
29.52,58.18,660.37
7.23,96.03,448.23
17.97,54.5,483.83
17.81,12.24,353.48
48.96,7.03,790.74
26.12,64.6,638.43
40.29,28.39,739.71
39.26,117.96,991.62
13.83,91.01,537.12
39.43,39.14,764.14
44.48,7.38,731.11
49.36,27.06,867.6
3.25,36.37,207.54
28.47,108.62,803.56
21.1,118.77,717.34
9.76,47.49,343.2
2.91,16.38,145.33
39.62,68.19,850.82
48.42,16.93,815.62
48.53,94.14,1063.55
37.33,71.0,820.16
38.83,21.24,702.16
14.59,84.39,529.09
34.1,32.49,656.44
20.26,99.78,646.81
22.09,89.71,645.62
32.81,107.97,865.5
26.16,85.74,698.38
12.87,103.91,563.15
41.52,103.84,982.3
21.03,27.03,447.35
8.18,94.87,453.23
20.6,119.23,716.4
11.01,50.67,362.4
48.4,78.01,1014.15
11.86,56.36,393.51
14.59,68.68,473.36
4.86,10.55,150.98
9.82,86.97,464.85
4.85,36.1,231.72
31.82,26.67,604.23
28.09,85.09,727.17
15.92,20.55,349.7
41.15,74.71,902.36
13.62,6.62,274.63
47.46,35.22,869.18
12.06,119.16,588.69
27.16,115.28,803.76
47.25,22.89,820.3
14.12,29.43,350.93
25.92,72.84,655.31
30.54,75.5,737.72
9.12,115.15,532.03
14.97,26.84,358.05
18.46,13.67,368.9
27.06,118.29,808.84
25.29,49.13,576.42
3.8,105.61,419.34
46.33,71.27,962.24
34.62,72.09,769.99
27.17,43.91,588.54
43.97,24.53,781.83
7.39,73.02,378.12
23.89,86.42,668.12
14.19,82.21,508.83
14.9,100.89,573.23
45.52,41.92,866.11
44.84,27.21,809.32
4.5,85.71,373.32
34.26,116.8,914.12
33.09,22.92,618.02
11.69,69.22,429.78
1.63,13.43,113.95
35.72,6.65,603.06
36.47,85.58,845.63
12.7,42.6,368.25
23.18,77.85,639.65
23.11,54.91,551.37
47.51,85.72,1024.06
32.89,74.77,774.13
39.66,117.22,1003.89
20.85,32.9,467.84
27.26,104.44,767.98
12.19,89.76,505.96
22.19,118.78,734.46
33.6,90.3,810.33
39.86,31.29,735.76
9.5,45.86,325.58
28.15,49.26,624.54
20.14,28.36,432.07
12.55,14.29,278.54
21.94,33.14,479.01
23.37,43.87,534.65
23.31,44.27,530.17
14.36,86.61,528.53
45.1,83.21,968.84
3.6,87.51,369.36
12.11,65.24,427.97
1.56,66.41,270.32
41.77,71.79,893.05
34.53,47.12,716.41
15.19,43.62,407.59
19.66,44.28,475.62
25.03,61.15,604.88
34.02,107.42,895.71
23.06,68.64,601.41
8.58,38.76,300.98
1.9,83.61,332.02
32.97,89.66,809.0
44.18,53.96,872.52
1.86,82.64,326.25
13.13,104.8,569.83
5.62,105.56,451.3
9.9,70.35,406.91
48.89,39.76,904.1
35.85,77.64,811.97
3.4,33.79,200.7
31.19,28.1,610.66
47.78,85.56,1021.76
10.19,49.06,353.74
27.61,61.5,649.65
13.36,62.45,440.62
40.53,113.76,980.83
40.58,100.25,972.69
19.71,7.79,365.32
44.28,11.01,753.7
39.94,77.02,883.98
39.41,57.5,812.93
1.9,85.78,338.85
41.62,30.83,775.67
28.9,107.35,796.83
24.14,82.33,661.02
18.8,67.05,532.32
31.02,34.24,618.18
13.91,19.97,312.18
41.91,42.34,815.79
42.2,21.14,729.72
31.48,45.37,660.75
7.69,39.15,285.21
2.29,93.61,363.1
1.17,114.89,411.77
42.69,43.46,842.61
26.01,40.42,564.68
19.83,25.83,424.79
33.21,25.81,623.96
26.93,42.37,575.82
27.89,26.92,550.64
43.37,10.75,742.89
37.58,21.65,674.61
10.24,67.83,411.6
31.22,95.06,809.98
22.27,69.47,601.49
9.15,34.03,288.21
41.92,87.16,935.9
24.48,69.9,628.62
39.11,53.56,784.77
41.69,110.1,1008.12
23.48,55.28,561.28
27.89,24.41,536.83
29.67,69.55,696.46
35.25,6.95,603.97
26.95,102.07,765.85
7.84,87.67,432.59
23.72,42.16,528.2
35.0,77.67,805.76
8.05,67.59,372.07
2.68,76.42,316.99
1.12,34.98,173.29
22.81,70.92,599.78
12.83,67.98,451.07
5.73,72.9,354.82
33.72,95.73,838.39
13.43,37.27,363.2
16.26,15.6,340.71
36.97,31.46,698.62
34.84,89.08,845.77
16.04,48.15,424.16
29.66,46.62,645.52
48.25,107.47,1096.24
45.77,109.79,1070.94
29.26,101.45,790.4
49.12,105.71,1098.17
43.07,24.06,772.55
25.88,62.77,637.7
20.1,57.51,524.82
33.12,83.47,792.2
13.32,113.56,589.96
46.41,79.71,1001.58
45.75,20.89,788.51
31.99,110.74,857.67
47.63,28.36,856.38
10.82,16.11,261.45
14.16,104.95,574.61
42.95,18.4,762.12
34.29,16.92,616.51
16.43,75.38,529.21
3.28,60.24,280.87
42.52,119.27,1049.24
0.57,45.2,192.43
22.52,44.77,520.69
7.94,54.82,335.61
25.94,10.98,475.09
25.83,26.39,520.82
46.37,96.33,1042.54
5.52,18.62,187.01
22.51,85.7,651.33
25.77,11.43,474.09
6.7,116.64,507.25
11.41,66.28,417.74
8.06,98.0,467.34
7.97,99.15,463.06
25.39,52.43,595.56
4.86,103.46,428.53
38.18,47.89,770.63
5.4,84.3,382.64
7.0,117.23,519.21
25.89,90.11,714.97
0.58,69.84,264.8
33.13,80.21,791.54
26.74,34.82,546.68
38.6,76.14,852.4
7.99,70.28,382.97
32.4,8.84,557.73
39.02,28.83,727.22
23.77,96.75,703.96
41.05,16.33,705.97
6.67,117.22,496.04
29.39,72.83,718.83
24.04,90.36,677.69
43.96,80.55,963.04
25.4,98.34,729.95
5.08,32.82,222.08
21.17,104.69,662.55
37.61,98.17,910.1
15.41,88.23,551.0
47.49,118.88,1136.14
14.3,28.18,352.06
32.12,30.89,623.37
46.67,117.42,1074.83
12.73,20.18,301.81
39.25,65.03,821.01
46.69,78.3,1000.65
47.71,43.31,894.73
14.11,29.54,343.13
12.74,87.99,516.63
15.23,92.0,554.83
7.75,40.18,286.97
26.45,102.24,766.14
23.0,8.41,415.86
16.16,92.02,571.71
29.85,93.14,779.84
21.05,45.22,496.58
22.17,98.23,674.18
1.1,71.11,281.34
7.44,23.87,231.53
2.61,55.91,253.45
2.55,112.25,428.96
43.1,58.22,875.34
28.3,65.58,674.69
32.73,88.04,807.42
37.44,26.35,699.34
37.43,11.69,654.78
48.39,53.5,945.27
6.15,43.48,276.65
9.72,24.53,268.22
11.38,31.56,309.94
6.81,17.53,201.56
45.53,101.18,1034.49
26.56,34.41,554.15
19.9,96.33,631.18
0.66,32.16,156.29
9.57,96.32,487.11
21.23,72.12,587.55
21.16,30.44,452.58
12.84,112.92,590.51
5.84,94.33,427.12
4.95,49.9,274.75
39.9,98.73,951.13
19.14,87.36,604.01
5.92,23.7,214.59
23.85,89.52,688.48
28.41,12.56,515.29
44.82,54.39,893.06
0.59,92.71,335.81
28.84,112.07,819.2
10.83,37.4,328.11
32.27,82.25,784.67
16.67,6.15,317.6
17.92,115.38,671.63
49.43,75.41,1044.65
10.49,88.74,484.68
8.97,29.11,274.09
33.46,59.62,733.57
34.91,57.32,754.34
1.23,30.18,160.01
35.3,51.16,747.44
26.56,101.25,753.93
19.27,84.55,598.56
6.13,100.62,432.63
16.34,39.64,414.08
21.19,16.38,413.3
37.7,12.64,652.59
18.21,36.68,428.19
28.41,65.29,681.83
25.16,117.56,777.29
40.19,17.24,706.52
23.71,10.4,429.22
26.64,74.62,680.88
28.05,95.44,756.24
29.55,109.57,826.5
22.68,85.22,642.79
28.52,17.52,540.29
44.97,30.12,809.34
18.08,46.47,465.79
20.08,21.88,417.15
25.57,9.33,462.45
26.13,99.24,723.78
40.16,37.5,756.99
33.02,33.0,642.28
30.37,99.45,802.38
19.46,119.93,692.74
35.73,14.47,625.74
1.25,41.32,191.83
16.56,32.02,388.68
47.08,89.23,1026.72
6.51,35.92,254.65
35.84,64.56,777.95
3.84,46.61,246.81
8.96,30.37,274.15
39.02,95.1,928.91
12.64,55.68,411.17
23.27,66.51,596.53
7.83,79.54,400.28
28.82,102.85,802.8
16.25,84.84,548.83
2.49,22.43,156.16
44.31,73.86,934.97
6.93,83.31,401.9
16.05,106.71,604.42
34.83,13.17,610.51
37.86,94.32,911.39
49.93,44.9,929.77
49.78,52.18,960.01
33.18,119.37,910.37
49.92,113.56,1125.62
11.43,16.35,274.55
39.59,74.85,864.75
30.94,18.88,582.34
34.34,15.55,602.15
34.69,113.25,915.07
5.31,96.35,423.98
33.32,68.1,758.62
23.75,31.98,507.41
25.46,22.72,507.2
25.22,89.54,687.92
37.01,86.2,880.99
48.88,86.16,1047.73
37.25,38.49,704.88
18.0,57.85,489.07
30.1,76.78,735.14
43.53,80.51,953.73
17.83,77.55,555.14
42.57,109.14,1027.44
17.09,14.08,345.89
44.26,99.55,1015.7
35.82,111.51,914.76
2.86,12.08,130.91
39.76,27.01,733.17
6.99,118.31,501.05
40.95,72.24,880.85
44.9,99.99,1032.67
1.2,96.62,355.43
24.91,20.89,491.45
33.5,82.56,789.78
39.49,45.69,777.75
47.21,36.87,872.95
45.82,21.22,791.24
2.55,116.25,438.31
10.36,24.28,275.43
8.22,86.65,431.19
7.26,112.45,497.86
29.65,94.85,788.11
18.94,87.04,582.58
33.64,56.39,725.0
12.47,49.37,382.27
1.21,64.93,264.7
37.7,119.93,992.05
31.81,30.42,608.93
16.84,45.49,440.98
26.24,65.23,634.76
9.79,61.46,388.48
39.93,85.82,913.23
2.09,109.59,403.19
34.34,36.75,667.57
13.36,56.4,423.87
30.2,29.07,593.17
0.87,68.18,271.77
21.34,81.98,614.29
33.85,22.44,628.04
4.74,112.16,457.6
7.35,35.28,269.11
28.59,79.96,726.54
10.89,39.07,333.32
1.12,13.51,106.31
24.88,102.6,726.79
36.29,91.78,883.63
9.41,68.53,399.92
28.74,77.3,716.02
27.72,38.27,581.84
33.1,117.81,895.16
2.02,110.14,403.98
35.5,14.65,628.79
45.47,15.08,768.13
21.95,28.0,465.89
41.41,110.93,995.98
34.36,12.55,598.1
14.16,67.08,454.34
12.02,108.43,554.32
6.68,46.2,285.61
24.5,68.7,630.08
26.01,119.13,793.03
6.61,26.11,228.04
18.32,52.2,488.03
28.41,14.86,519.19
20.92,93.92,655.51
28.68,91.73,749.88
1.12,86.1,324.71
4.54,49.87,266.01
10.59,14.88,254.63
11.79,18.29,281.14
13.97,91.68,533.69
11.63,67.32,424.19
26.31,92.15,711.67
14.44,56.35,429.81
11.39,70.42,435.79
47.64,109.66,1077.87
28.51,97.23,783.56
5.1,94.84,405.85
43.86,14.19,756.93
45.97,49.61,884.79
28.59,8.85,507.23
14.3,100.41,577.16
40.46,65.99,849.93
29.5,93.13,773.97
32.42,86.09,795.12
33.1,74.66,774.01
29.03,117.51,834.57
3.92,39.33,228.03
34.09,17.26,617.04
20.59,86.02,625.36
14.63,67.51,467.85
18.05,110.97,642.25
3.32,21.73,164.21
28.46,85.63,734.62
34.2,76.28,796.04
45.17,39.78,850.91
0.85,36.16,171.41
38.06,59.04,800.12
26.0,57.22,604.21
17.42,11.04,345.82
29.48,5.28,520.54
4.59,24.29,194.32
12.67,97.96,532.72
12.15,91.14,506.59
37.05,9.42,635.38
16.84,27.6,377.02
31.08,70.06,723.63
21.83,93.25,657.15
44.13,53.07,870.54
37.91,51.34,773.74
48.1,51.73,915.89
14.21,115.97,617.03
5.98,35.19,247.12
25.43,89.69,692.58
22.14,53.79,540.29
43.71,112.38,1037.27
39.41,33.18,734.8
13.6,82.81,511.93
4.09,62.98,300.59
33.81,59.56,727.87
15.54,55.74,451.52
29.87,35.51,594.17
5.3,97.43,416.58
37.25,95.17,894.78
16.85,45.08,432.83
3.76,113.77,447.11
42.79,42.96,825.99
28.19,90.63,735.41
19.26,92.34,616.45
39.15,43.86,757.79
12.93,21.65,309.51
22.18,87.79,646.86
32.78,35.68,655.43
10.5,50.51,357.26
5.06,77.54,358.74
10.37,57.14,374.3
4.61,57.96,289.04
26.73,81.08,682.9
32.34,109.79,858.02
20.13,38.75,471.21
48.01,30.32,864.31
15.49,109.17,604.64
32.15,70.34,733.79
43.95,75.36,927.86
48.76,53.57,941.91
28.84,62.73,676.15
17.46,64.8,512.88
41.39,77.85,917.0
22.39,29.52,474.09
31.67,45.7,665.16
36.47,75.67,819.84
46.75,25.48,834.18
37.12,37.39,733.35
29.95,54.09,666.34
8.45,7.06,197.19
18.28,27.82,406.6
46.91,24.27,828.25
44.52,24.36,790.75
18.14,73.75,539.91
32.22,112.45,870.59
10.83,33.44,314.74
5.43,37.19,242.44
31.66,117.84,884.74
5.78,94.17,423.0
7.29,62.7,349.41
31.78,92.41,808.49
23.72,113.3,758.37
9.5,28.5,278.77
46.79,106.99,1083.19
15.38,78.75,521.73
36.85,19.2,658.39
13.04,80.62,488.52
12.59,83.49,481.39
4.21,87.94,374.82
24.44,27.35,488.67
47.14,5.02,764.98
18.32,16.95,374.45
19.25,27.3,419.52
25.55,37.52,545.97
16.41,45.79,438.86
16.82,111.37,641.05
37.44,51.44,766.95
30.88,20.68,570.07
42.68,48.86,837.38
21.39,78.85,600.11
9.04,7.39,205.23
8.24,82.96,422.13
13.31,101.6,568.01
16.38,30.74,389.21
8.37,86.31,434.15
39.17,97.3,947.76
22.39,79.88,625.39
16.92,15.01,347.77
7.91,34.61,271.67
7.07,76.84,384.04
34.98,94.18,861.06
2.01,81.53,323.25
9.45,63.24,381.87
18.73,84.24,585.57
0.78,114.31,399.83
30.96,48.73,667.09
32.32,95.93,810.11
49.08,52.45,942.05
9.23,90.01,463.34
0.58,44.94,194.53
16.07,111.24,627.2
0.67,97.94,346.29
6.14,106.47,463.35
37.58,96.18,917.2
37.71,81.0,856.94
28.53,116.48,835.54
18.93,91.36,604.08
17.11,22.6,365.63
48.62,56.44,956.98
5.99,67.49,337.77
28.92,27.53,566.97
11.52,100.85,527.94
15.7,88.94,546.49
5.18,74.86,353.68
33.58,20.07,615.45
10.43,38.2,317.72
27.98,52.63,629.09
7.04,49.2,306.71
13.31,34.78,352.15
7.04,34.03,253.7
35.22,100.16,875.42
15.95,43.77,422.56
43.36,23.72,770.48
39.27,84.13,903.53
36.74,18.09,648.53
6.73,78.51,383.65
34.91,21.27,632.59
19.15,119.22,701.6
10.0,18.58,256.38
6.44,75.83,373.59
39.76,111.07,952.95
41.47,27.52,743.95
23.38,78.34,631.56
43.42,99.1,1001.97
16.19,59.78,473.12
29.41,36.1,599.16
37.42,99.49,906.07
14.74,46.68,412.05
11.24,60.36,399.15
32.78,55.14,706.75
1.89,112.28,412.7
44.53,53.4,880.01
12.36,10.29,265.38
12.26,70.83,440.73
43.63,20.03,758.06
11.82,19.94,285.65
31.91,10.0,554.85
13.7,44.71,391.32
19.36,24.89,419.1
23.21,8.2,422.63
18.49,51.36,476.68
10.35,115.02,544.54
26.71,66.73,663.28
21.45,84.23,616.85
4.87,8.41,150.72
33.62,50.84,709.92
0.66,18.89,118.45
15.95,66.13,482.47
9.19,24.5,260.28
47.48,29.3,863.8
22.66,26.65,473.4
45.53,19.77,781.84
6.91,114.53,492.85
20.64,95.72,653.97
35.09,75.09,798.36
10.96,52.13,373.73
0.87,63.34,250.73
43.84,27.36,787.0
35.45,86.16,839.5
24.08,99.02,704.39
31.41,12.28,547.8
8.96,36.74,293.24
42.09,76.3,925.66
48.43,111.62,1105.8
5.29,43.21,260.37
4.98,111.0,449.15
39.24,19.12,691.62
24.14,107.36,731.03
32.41,74.64,764.1
22.97,65.81,590.26
30.45,38.18,636.66
3.64,82.38,354.14
14.96,115.25,623.6
27.05,112.26,801.71
30.49,103.75,822.78
24.77,16.29,474.99
8.12,66.27,366.57
48.37,103.74,1079.97
21.8,105.18,693.44
38.33,100.78,930.15
3.13,87.55,363.54
19.69,93.28,622.11
45.11,44.02,879.02
34.55,102.07,857.53
10.91,113.75,552.38
17.12,33.91,410.0
8.37,79.14,413.59
41.47,46.62,806.52
24.74,21.58,488.16
36.77,19.14,660.67
17.6,24.92,394.94
48.78,62.84,976.42
32.05,17.26,579.9
3.19,51.94,252.2
47.58,80.09,1001.23
7.76,16.13,208.66
13.32,40.25,371.92
46.2,25.05,812.18
41.99,39.31,791.55
12.35,23.18,305.41
8.48,112.35,508.27
8.98,82.39,429.62
36.07,117.67,937.3
11.6,9.52,258.09
44.1,95.72,992.41
18.2,95.12,614.7
34.53,79.7,790.35
37.19,46.5,753.77
36.87,26.9,671.72
41.51,64.65,876.27
31.39,14.57,573.14
43.07,87.93,959.59
21.22,34.61,477.5
0.79,109.88,383.47
17.51,96.63,614.92
38.1,38.11,739.04
30.5,91.44,778.33
36.56,39.72,727.88
6.65,17.99,198.81
12.01,49.99,380.57
20.89,68.66,577.21
15.67,92.59,554.19
23.21,42.01,527.14
37.84,8.97,638.72
48.07,31.79,868.67
25.85,95.37,728.85
33.91,90.13,828.27
21.57,108.47,706.98
39.99,7.21,676.27
34.34,68.65,773.15
9.21,114.32,526.84
46.42,64.41,941.92
8.28,31.05,267.18
21.27,60.91,554.4
35.18,46.98,729.76
23.33,87.06,657.85
48.13,115.69,1101.84
12.94,99.21,540.07
4.45,9.65,146.58
11.92,11.28,263.34
44.82,45.73,870.05
12.88,74.14,466.47
49.58,90.25,1079.26
1.58,29.76,162.11
37.36,35.16,713.13
8.98,53.37,342.42
6.66,101.34,450.72
26.24,103.33,761.29
46.49,15.48,788.4
1.49,14.08,115.06
29.01,48.37,629.82
25.66,95.55,714.09
33.35,58.59,722.21
11.05,89.48,487.81
4.05,35.2,212.53
8.31,9.61,199.48
23.79,46.11,539.76
25.46,7.49,450.14
5.75,42.4,268.54
15.01,81.71,519.23
19.66,94.09,644.74
22.04,20.28,435.65
8.97,51.06,342.71
6.81,103.19,468.04
42.91,48.67,851.6
38.25,46.72,763.84
16.2,81.4,544.81
6.92,82.28,396.55
39.36,109.03,989.09
14.8,22.31,333.43
9.07,102.13,481.62
43.27,18.09,758.87
29.91,95.94,782.88
33.73,39.92,677.09
5.91,119.11,498.45
44.13,65.99,905.07
48.81,18.78,848.25
27.88,72.1,683.99
8.47,118.2,534.46
47.85,37.29,876.14
36.66,14.24,641.91
6.34,107.88,476.71
34.1,24.39,621.97
35.67,77.16,819.61
9.88,32.84,299.76
15.96,60.0,475.01
23.63,19.31,455.82
23.26,13.25,441.85
30.9,101.55,834.06
33.83,27.58,649.14
3.91,103.21,418.92
10.25,98.98,506.63
11.4,104.01,529.59
40.94,69.47,871.54
16.26,57.09,464.25
5.64,95.25,421.43
31.27,105.05,839.23
2.6,102.37,388.83
9.96,18.18,258.22
10.88,31.85,308.42
16.12,98.28,581.64
13.13,109.24,579.94
30.93,30.87,611.58
18.9,115.98,674.94
16.55,22.27,364.89
46.9,108.53,1064.86
9.57,91.77,465.72
15.26,13.74,321.74
4.21,55.84,279.22
48.33,60.93,957.57
39.5,78.02,863.36
44.41,39.47,842.18
47.6,9.53,795.28
30.63,87.46,767.37
32.26,65.63,723.67
10.03,81.13,443.95
4.31,104.99,426.77
44.23,106.8,1044.15
41.97,40.38,795.65
27.17,52.11,626.28
0.7,6.15,79.15
15.65,59.92,457.4
6.35,88.42,402.51
33.35,63.79,742.85
20.51,66.32,553.67
20.53,39.4,481.41
11.65,12.0,260.75
26.74,92.58,724.99
5.21,64.19,317.18
8.22,59.89,353.34
31.06,117.54,865.84
17.83,6.55,341.12
0.88,59.56,244.62
9.28,49.77,338.0
15.09,119.48,635.17
21.49,119.78,738.51
10.71,51.91,370.08
28.93,114.47,836.05
12.71,70.39,449.19
43.62,78.5,946.15
19.36,79.48,581.64
2.41,5.84,103.4
30.28,60.39,674.61
30.07,6.95,520.95
21.97,47.2,521.4
34.67,98.49,853.44
23.38,32.59,500.34
19.77,41.52,464.63
26.39,68.99,648.85
35.53,49.55,721.86
22.48,78.6,624.94
17.25,84.08,559.52
15.21,79.54,521.67
5.69,40.36,254.25
28.59,77.82,709.38
5.54,100.95,432.35
49.19,37.64,912.6
8.64,81.78,410.5
26.08,64.09,633.66
3.71,96.21,392.84
2.94,68.17,296.24
29.92,113.29,840.64
5.32,83.74,377.46
27.43,111.7,789.03
11.92,119.23,587.67
47.01,35.55,864.74
32.44,90.37,806.32
30.95,103.37,820.47
14.34,5.93,282.02
3.53,9.87,130.85
20.38,79.51,595.92
22.08,7.17,410.06
13.5,82.04,490.29
11.86,6.99,247.98
41.34,105.98,1002.04
3.72,107.2,423.36
45.39,23.04,798.82
34.21,59.59,753.1
4.39,101.6,419.66
49.3,54.07,945.1
41.1,24.43,738.69
25.74,116.4,795.27
44.36,44.99,850.64
38.61,30.41,717.12
4.47,102.23,421.74
40.54,80.85,897.95
40.74,87.61,930.49
37.8,5.98,634.99
35.36,67.58,781.61
26.45,58.87,616.55
22.0,77.59,620.65
38.19,100.81,934.83
28.92,13.39,525.79
41.44,60.92,854.96
35.56,90.32,862.33
16.43,82.44,545.02
3.7,20.9,168.32
37.84,104.97,939.11
46.74,15.32,804.45
30.21,21.72,576.5
38.77,41.29,760.89
11.16,62.35,400.53
16.22,99.7,585.7
35.07,108.93,899.72
20.37,9.69,383.5
25.21,38.41,538.3
24.63,115.26,780.92
48.48,57.85,945.09
5.25,100.21,431.27
4.56,31.22,211.52
48.42,106.23,1102.47
4.77,23.15,189.67
9.52,9.97,217.29
29.68,84.2,745.23
29.97,37.02,611.88
15.8,33.41,385.78
34.68,55.82,742.38
40.42,118.31,1004.05
23.67,9.22,430.84
47.41,25.1,836.58
46.31,114.25,1085.82
28.14,45.74,609.91
41.1,39.75,803.01
2.25,75.02,304.32
17.54,65.86,508.85
29.3,70.73,695.95
8.32,52.69,330.08
30.17,31.65,597.73
46.05,35.88,851.74
34.42,108.7,904.71
42.47,19.69,747.98
46.7,77.13,962.47
43.81,113.3,1045.78
19.71,36.64,463.15
25.58,10.52,462.25
42.74,48.25,825.48
12.36,95.01,518.49
30.34,27.54,583.15
32.01,32.14,637.97
39.45,97.06,936.43
38.85,20.77,697.23
23.77,54.22,565.65
33.99,24.31,623.42
30.49,81.36,765.49
17.6,58.14,492.48
37.0,98.26,893.05
35.29,7.31,598.63
12.09,66.15,424.56
44.96,89.88,987.48
3.07,5.72,111.51
21.54,88.71,637.9
9.42,35.06,299.72
22.55,79.7,634.98
1.42,119.09,429.23
46.5,22.21,815.2
36.21,59.66,768.22
14.27,78.5,494.6
40.07,91.19,928.16
4.7,58.18,292.65
23.33,65.27,582.05
14.22,59.01,437.76
26.24,47.59,589.75
16.79,103.57,629.34
23.23,35.93,494.87
34.32,10.43,601.62
2.15,7.96,104.8
18.95,33.89,440.41
2.29,55.19,251.94
47.19,40.99,881.69
22.82,30.24,476.22
11.73,83.97,479.81
4.12,66.96,307.09
23.3,45.17,528.25
41.1,111.01,996.77
41.96,97.56,952.86
9.01,99.27,485.74
2.65,25.82,165.09
29.36,88.28,752.16
45.5,29.2,828.08
11.24,49.14,362.4
37.8,48.22,758.24
4.5,82.53,362.57
2.77,71.02,305.19
34.66,39.31,685.22
5.91,103.22,456.46
23.16,30.57,491.54
13.39,66.51,447.97
4.18,119.48,464.52
31.03,21.8,580.56
1.73,52.38,230.54
47.27,99.69,1067.46
36.15,50.13,727.24
16.29,40.08,412.44
1.31,93.57,354.81
8.49,77.24,408.72
23.07,116.9,744.12
4.86,91.42,402.41
39.83,42.49,774.59
9.78,85.83,436.29
27.54,7.95,489.58
0.75,41.12,186.79
16.62,46.35,434.17
27.7,73.04,689.22
31.08,35.04,609.35
12.17,107.4,547.25
27.76,86.35,733.11
1.62,110.78,403.57
46.65,11.42,795.96
37.83,65.52,811.1
7.79,34.99,277.43
23.42,110.67,736.15
18.63,22.16,391.9
6.54,82.53,399.92
20.5,80.41,598.09
39.89,114.67,995.76
20.94,118.02,721.46
13.6,81.05,498.56
34.65,15.38,609.81
15.1,78.78,521.31
6.66,64.26,346.11
46.42,114.68,1107.01
7.96,89.85,440.98
4.02,77.8,347.88
3.4,49.18,251.62
37.35,96.63,889.64
25.22,79.78,665.69
46.06,83.35,985.41
41.75,75.38,909.31
27.67,35.69,573.32
44.63,32.07,804.1
14.3,114.01,606.44
26.67,82.71,694.93
10.1,70.71,412.32
1.25,57.14,238.9
9.17,16.13,234.48
33.39,28.1,633.7
35.66,101.58,897.25
32.37,48.27,685.71
17.75,70.43,523.53
8.19,94.72,451.38
36.91,62.87,803.7
4.69,10.49,150.37
35.14,68.26,774.73
5.86,54.45,304.17
21.62,92.29,650.2
35.3,87.51,839.04
28.57,13.16,519.94
38.06,49.42,776.66
12.55,87.81,504.11
36.0,20.98,656.13
11.48,62.55,396.75
41.39,19.42,744.05
39.72,7.57,661.65
26.57,65.25,640.44
25.57,38.21,558.42
19.99,111.79,686.58
3.89,118.52,466.3
10.57,77.14,446.33
40.2,34.17,755.0
15.57,37.91,395.11
36.38,22.02,658.34
46.03,72.4,959.35
46.58,104.81,1054.39
23.23,37.1,517.99
7.42,40.23,275.77
35.34,101.49,895.3
10.93,11.47,246.56
47.58,31.73,854.55
11.48,17.63,277.28
28.71,15.58,524.78
48.39,67.04,990.54
28.24,108.01,794.38
35.27,81.85,818.36
7.8,68.9,381.1
33.48,47.72,704.5
12.63,20.03,302.82
22.88,32.75,492.29
7.04,27.57,241.89
44.4,77.64,963.65
40.54,18.16,707.6
42.18,113.85,1021.52
8.81,54.44,343.33
11.4,46.68,361.08
25.92,9.15,464.42
35.12,8.09,586.2
44.21,71.29,924.08
41.21,119.81,1033.84
31.89,41.37,660.75
5.57,87.94,397.8
36.93,118.69,990.03
37.14,112.48,952.65
36.5,47.74,739.1
25.69,28.28,519.85
49.66,105.1,1100.95
1.32,116.53,413.86
45.79,111.36,1069.56
42.42,76.45,908.59
48.3,37.06,878.73
21.41,91.58,643.73
20.08,46.05,495.31
19.72,92.21,619.11
6.48,32.09,242.37
41.78,66.87,870.26
38.59,63.13,813.4
6.45,48.15,285.32
13.63,42.84,380.06
37.08,114.6,950.67
4.1,28.25,195.73
27.45,96.3,758.22
35.93,27.28,669.64
34.47,41.61,686.71
7.65,78.34,402.73
31.02,70.95,722.69
45.67,66.26,927.72
20.62,99.24,657.93
7.8,31.01,259.12
32.15,37.16,644.39
16.49,104.43,619.96
31.63,53.45,673.17
5.87,39.8,256.57
13.58,43.61,381.74
5.75,88.88,402.68
9.58,43.98,326.19
7.08,92.1,432.71
24.82,15.78,472.08
44.03,6.39,723.15
11.53,46.17,357.22
11.73,10.69,256.61
49.74,117.96,1140.31
41.83,63.41,874.63
25.45,100.79,719.41
46.47,13.46,790.57
33.06,95.32,834.76
32.69,29.95,628.64
45.53,33.03,827.16
5.33,91.62,412.9
16.72,46.4,442.73
8.42,30.1,265.05
20.63,22.11,426.02
47.7,97.2,1046.46
9.27,72.57,404.97
4.55,107.48,442.3
12.63,62.26,414.35
36.46,103.6,912.85
7.51,24.74,236.62
47.66,43.92,901.91
17.71,86.3,573.48
19.33,9.06,363.98
15.97,50.83,436.26
18.45,14.21,371.02
5.49,22.76,200.73
40.91,20.59,732.0
22.74,21.44,450.97
3.9,89.52,376.53
4.47,7.75,139.71
8.94,25.6,261.6
32.87,25.65,619.74
29.66,57.95,665.54
24.71,57.53,590.38
2.46,103.67,401.57
37.24,14.34,648.75
6.95,88.34,427.0
18.11,109.7,662.64
10.28,105.74,528.47
40.2,37.5,776.61
41.75,96.57,963.14
13.76,93.01,537.81
48.2,73.77,1016.62
43.5,91.52,965.75
47.8,72.12,1003.5
46.49,28.68,834.12
11.1,49.88,369.59
48.46,115.34,1121.6
6.18,39.63,262.84
40.5,119.82,1020.5
46.3,108.47,1059.99
19.48,104.56,659.14
30.1,95.03,777.46
11.84,77.32,456.12
16.86,28.86,390.26
49.98,118.92,1165.19
40.91,112.63,995.47
6.89,81.77,401.06
43.67,14.34,739.69
32.03,66.82,727.0
26.26,103.96,750.78
33.92,8.16,576.46
46.04,19.08,800.55
4.31,79.15,349.74
15.42,46.03,423.03
38.41,35.13,729.63
48.32,54.97,934.41
28.22,92.66,766.01
44.08,47.89,861.12
6.02,15.86,189.08
28.54,111.95,823.41
31.53,10.48,546.17
31.25,26.58,597.51
32.43,106.58,854.8
33.84,86.79,815.64
29.55,21.0,558.06
41.05,114.25,1006.43
20.75,55.55,528.81
41.58,33.48,761.03
7.46,91.31,439.73
37.7,53.22,779.24
8.26,87.17,426.47
26.21,8.6,470.0
18.0,60.69,500.6
9.21,29.8,274.49
48.89,74.21,1010.62
19.46,74.21,550.99
0.52,32.15,154.23
14.9,66.39,468.75
48.06,19.51,842.28
8.46,86.89,436.0
20.31,76.39,568.46
24.21,21.93,485.47
21.99,91.6,656.35
41.45,63.37,868.88
11.2,88.25,486.28
49.23,57.55,960.77
36.23,7.03,620.2
32.82,80.97,777.65
34.98,54.37,736.53
45.15,11.93,767.37
42.53,39.88,804.0
4.46,11.55,151.79
24.5,52.86,572.82
16.02,105.22,594.5
28.36,40.68,603.95
20.75,54.12,522.91
17.22,34.95,420.21
18.71,31.08,423.02
33.17,97.98,841.88
45.1,15.17,770.71
45.01,18.54,780.8
36.63,12.22,637.1
5.57,115.78,479.44
48.35,19.47,826.53
43.75,28.2,785.1
0.69,94.2,344.39
32.95,105.99,857.38
1.57,95.31,359.83
44.55,97.03,1024.38
4.35,87.6,373.67
12.85,112.45,572.87
14.67,77.85,497.27
5.3,11.15,163.44
37.31,33.73,711.77
18.43,28.39,407.13
28.78,101.54,792.33
26.06,73.25,664.83
6.1,118.82,502.97
34.63,6.6,585.29
15.02,45.06,412.16
15.83,90.61,560.31
28.57,41.07,611.58
1.65,45.45,211.23
9.55,80.65,435.28
9.8,78.48,441.54
36.4,65.13,790.56
24.94,13.02,456.63
31.47,36.74,626.14
12.0,102.6,535.07
4.74,62.22,310.75
22.84,105.03,712.48
24.43,81.74,662.15
24.25,41.93,540.98
13.98,98.95,559.11
30.84,83.54,764.22
28.28,81.09,712.49
38.7,51.53,786.82
18.05,118.16,685.42
5.13,112.48,460.47
19.27,91.21,611.45
21.53,61.7,560.35
33.57,22.71,628.86
13.0,52.29,400.56
41.76,7.55,695.03
3.02,84.01,351.97
46.63,35.67,851.68
2.33,57.43,257.37
19.18,68.48,545.99
8.69,91.4,459.81
15.46,98.55,582.93
44.7,114.89,1050.33
19.68,70.05,562.41
28.99,96.13,774.26
17.75,100.9,613.86
17.93,58.8,491.66
28.0,53.98,625.67
10.47,59.5,381.83
46.01,106.5,1053.5
3.13,28.88,182.5
33.59,9.61,587.34
42.16,53.56,854.69
22.98,16.97,445.01
25.47,57.53,596.42
8.62,94.46,461.66
31.15,5.73,532.1
48.58,108.56,1107.23
9.56,5.97,210.13
36.89,99.33,909.67
39.14,27.03,712.85
26.5,55.87,614.57
45.18,7.08,761.87
23.47,32.38,500.31
30.69,118.52,887.91
31.4,11.92,555.4
6.58,113.64,488.92
29.07,41.13,604.87
13.16,38.37,359.57
6.25,103.16,446.6
38.09,8.92,652.36
46.14,75.49,973.63
42.72,92.3,985.36
44.3,6.2,740.3
5.84,70.99,344.98
15.95,99.13,576.32
5.63,66.29,340.67
3.0,82.48,336.29
1.17,65.7,262.29
37.05,118.38,950.15
24.03,81.99,658.67
5.45,102.78,433.08
23.06,46.57,540.29
38.93,22.56,701.83
38.52,50.18,789.37
23.25,13.33,436.21
12.72,107.88,570.34
15.6,84.23,538.12
39.37,26.03,719.02
29.06,9.58,513.67
20.83,69.79,570.95
40.16,111.38,985.47
22.65,20.41,443.59
24.78,6.04,437.25
43.41,11.68,749.99
32.73,39.29,653.44
25.23,62.14,612.87
6.4,11.57,179.01
3.25,55.02,259.22
10.75,84.91,468.86
3.06,35.16,200.29
25.26,117.18,794.93
20.53,73.44,566.51
48.83,38.79,900.32
6.23,111.47,481.87
32.47,35.0,631.07
21.46,22.88,441.46
44.57,34.57,830.11
31.88,30.07,612.79
27.7,68.91,662.95
10.42,10.3,237.55
16.01,11.07,328.36
5.68,53.71,289.38
28.54,98.62,771.57
34.02,104.71,867.03
7.92,49.91,319.32
14.55,80.01,504.93
32.36,109.78,883.91
24.84,44.94,550.93
5.32,52.21,286.21
46.21,104.23,1068.22
43.1,110.28,1037.15
33.14,49.38,687.25
4.44,37.05,231.54
23.7,95.11,698.41
2.64,115.67,430.93
48.6,65.76,987.96
48.53,67.63,987.83
37.89,27.12,703.05
46.23,70.28,946.87
26.96,70.68,667.94
40.18,17.25,706.45
38.11,93.35,900.93
5.34,50.66,278.98
32.23,30.1,625.9
41.42,22.74,732.72
45.26,89.76,990.57
46.52,59.45,929.47
27.01,63.95,655.47
5.39,60.64,313.16
30.89,18.54,570.69
11.52,34.6,335.34
4.77,86.12,381.39
44.54,32.73,812.42
13.39,19.16,309.96
12.56,23.38,308.68
30.5,103.5,815.04
39.45,73.12,868.57
36.78,82.84,847.33
38.27,92.39,893.21
6.54,58.14,323.51
29.26,28.74,577.35
16.56,80.17,541.76
20.07,71.31,572.38
0.69,89.6,332.73
30.06,60.59,680.53
4.81,89.78,394.62
3.49,78.92,344.83
3.06,99.55,394.91
42.5,51.09,849.94
14.86,60.67,461.82
30.3,103.42,817.49
46.82,65.03,945.93
45.35,8.51,769.49
36.07,62.08,781.99
35.78,33.99,672.27
14.77,46.02,414.87
16.54,105.83,605.81
46.81,26.81,838.43
24.01,43.56,542.27
45.33,34.66,836.59
31.86,26.28,605.25
32.32,105.76,850.21
30.41,18.22,558.73
45.32,73.19,943.46
21.35,27.42,453.05
40.52,43.65,802.21
36.01,95.85,867.38
9.16,35.19,290.73
15.91,11.57,322.14
41.91,38.01,796.71
9.87,28.46,282.94
28.24,116.81,825.67
40.71,61.08,851.13
22.01,51.05,542.95
41.16,71.24,877.62
43.51,78.45,943.77
38.8,7.19,659.99
43.43,106.88,1027.13
39.48,25.84,724.98
2.86,38.32,204.37
43.6,115.91,1047.3
38.65,59.81,806.92
2.91,108.38,419.97
41.19,112.44,1018.99
43.28,44.26,821.68
23.99,66.14,607.56
30.75,67.29,717.6
17.72,14.48,353.39
32.79,66.78,743.14
29.73,74.2,713.55
42.59,96.06,981.2
43.21,60.93,877.8
29.05,68.45,693.38
44.89,104.23,1027.45
40.43,75.64,888.23
40.92,112.91,1018.91
48.66,29.57,865.71
42.43,21.32,754.0
35.14,57.86,756.89
21.15,47.9,514.05
40.88,41.08,785.15
37.16,80.5,840.11
12.46,86.16,499.41
44.8,64.34,927.3
1.76,86.31,334.84
3.28,33.11,196.35
15.11,63.0,472.78
42.57,53.99,840.15
22.51,6.9,408.83
41.99,28.79,764.51
41.88,49.81,833.07
8.06,62.93,356.61
16.15,44.77,421.62
25.16,19.68,490.03
37.91,33.04,708.06
13.47,59.97,432.12
40.77,110.65,997.1
32.03,64.7,719.09
48.64,59.67,969.16
46.45,92.38,1017.22
17.82,47.78,457.54
1.24,103.42,381.4
24.4,73.08,631.83
27.05,113.64,782.13
30.94,48.91,651.94
30.57,70.82,705.0
9.94,90.53,464.24
48.44,22.55,850.11
15.61,55.74,449.36
37.15,19.49,659.14
15.62,32.25,381.31
36.65,22.33,672.46
33.95,105.81,892.79
26.94,87.87,722.12
16.29,115.57,647.19
3.51,47.82,244.89
27.52,20.47,529.78
42.91,112.08,1029.65
13.99,78.9,489.47
42.35,19.61,738.53
29.63,91.62,768.65
40.16,70.47,861.53
31.18,114.43,878.19
49.38,77.17,1003.84
16.55,111.32,638.38
33.42,57.74,718.75
47.2,65.07,956.54
17.04,6.53,318.94
21.21,70.4,583.25
34.59,26.08,646.22
31.41,109.81,856.36
29.13,83.61,728.0
48.17,59.33,957.2
5.37,119.77,495.58
45.87,67.32,955.2
18.34,25.1,398.15
26.06,63.52,637.99
37.15,83.68,843.44
13.88,44.21,383.84
35.72,69.67,794.91
47.77,17.57,813.89
5.69,81.79,378.65
13.66,68.77,460.31
22.38,46.78,528.79
29.0,81.25,719.53
39.76,88.89,916.96
33.47,86.22,814.82
34.73,65.94,769.37
19.76,36.32,453.29
24.76,102.53,732.48
21.32,24.35,443.21
16.08,21.64,352.96
26.15,111.19,779.56
21.98,51.31,537.08
15.56,118.9,635.26
8.75,5.26,195.54
18.8,56.94,503.17
12.79,117.48,588.8
2.35,40.58,206.15
41.14,33.28,767.62
17.51,75.84,540.27
30.18,73.34,721.88
22.26,97.83,674.73
32.0,120.0,893.14
9.51,78.76,430.12
7.88,82.62,413.57
8.78,32.3,281.19
40.64,67.91,884.09
24.87,104.29,744.33
25.62,73.54,654.69
9.76,69.74,407.17
35.38,19.39,633.83
45.1,64.28,925.29
47.78,49.05,897.29
32.67,17.96,584.37
37.94,30.87,714.46
4.47,86.83,375.81
6.0,90.11,411.96
17.91,32.17,420.81
40.54,17.28,705.3
16.47,72.32,515.61
28.98,6.16,507.62
33.15,108.22,864.1
48.03,105.0,1104.71
18.79,108.36,671.34
41.62,94.59,963.12
45.99,99.42,1042.47
40.84,80.94,925.32
27.0,99.78,740.69
13.67,46.76,396.54
24.72,19.54,479.59
33.87,75.88,786.69
13.33,10.21,280.93
39.36,80.02,882.08
3.16,29.53,186.64
16.57,11.43,330.72
16.93,35.49,406.17
48.94,115.49,1120.04
35.48,117.18,936.53
49.92,75.91,1031.13
31.33,56.99,688.01
7.92,32.58,262.35
24.15,87.29,677.61
49.37,10.05,817.85
47.2,93.55,1041.52
20.19,63.95,548.23
49.01,119.84,1166.13
3.32,88.71,368.84
45.9,73.24,964.7
13.1,82.24,487.55
30.84,38.24,619.22
34.88,103.11,897.2
29.08,12.43,521.88
17.73,96.28,616.54
32.21,113.48,872.96
42.98,44.54,799.54
14.31,76.42,492.24
13.4,23.36,320.02
23.92,18.3,460.91
33.95,105.08,883.47
7.97,13.91,210.86
40.79,117.1,1025.91
32.9,83.83,784.85
28.83,34.49,585.18
2.39,15.4,131.91
2.91,68.03,300.54
24.65,20.63,481.66
42.11,32.34,768.43
8.5,66.29,383.91
47.68,88.56,1028.8
34.77,21.12,631.85
27.16,67.8,662.13
45.05,79.95,958.06
45.82,75.56,968.26
23.44,23.17,472.45
6.4,114.65,499.31
30.78,69.97,725.14
28.19,59.4,657.39
3.59,29.96,195.98
39.49,31.88,732.08
11.53,107.45,546.12
18.41,97.68,606.73
28.54,66.41,675.68
49.25,44.61,934.72
31.5,60.11,710.33
39.28,93.34,924.99
42.9,115.67,1028.46
7.57,114.14,507.91
32.89,106.14,849.23
40.28,112.47,985.34
9.35,22.9,261.87
4.83,112.23,461.59
38.86,114.68,976.79
43.49,72.08,911.81
18.88,7.79,353.64
33.51,68.84,758.85
10.59,33.79,310.33
26.52,113.67,798.65
14.92,76.78,509.88
10.96,86.77,465.77
31.63,90.8,798.61
40.78,117.87,1006.36
12.66,90.89,526.9
24.39,42.61,533.0
48.94,31.03,868.16
21.02,40.34,483.73
24.72,77.64,648.01
31.04,93.86,795.53
17.95,84.6,570.31
10.77,29.64,300.69
36.47,85.23,844.99
37.27,24.5,676.82
48.35,17.09,828.0
43.94,9.41,745.96
31.91,61.79,714.76
6.8,80.81,390.8
12.13,30.31,330.24
48.52,115.98,1126.04
49.42,39.2,915.55
21.63,25.05,443.57
3.78,6.15,124.96
19.23,108.22,676.17
40.99,68.59,863.25
28.38,65.27,673.68
36.3,5.03,604.14
4.63,67.29,321.71
22.01,112.73,727.2
4.28,20.89,175.66
7.19,105.27,475.2
10.9,76.58,438.72
19.61,52.87,501.3
31.62,22.65,592.85
3.74,22.69,173.4
49.08,7.62,801.49
41.15,71.9,886.21
23.89,57.95,587.66
0.84,7.33,84.99
13.99,89.9,527.49
25.63,47.89,570.73
23.5,96.86,688.12
26.57,104.49,753.49
10.66,65.35,402.23
9.09,32.18,284.97
25.39,74.39,652.89
22.91,11.6,427.87
27.18,83.53,696.99
11.29,64.75,411.79
7.6,6.77,183.45
1.04,103.57,372.69
29.39,8.12,518.81
1.98,48.35,222.16
5.28,50.03,279.16
30.88,51.97,672.41
16.09,75.22,524.49
1.83,85.1,337.79
33.95,13.07,599.0
18.36,71.24,531.69
38.14,68.03,812.24
30.97,100.13,812.55
13.49,95.64,534.2
45.58,83.39,981.91
42.13,80.31,923.95
31.86,35.04,626.39
31.73,70.18,754.34
7.99,97.46,466.72
26.81,15.18,497.17
17.07,110.98,651.16
41.15,9.92,690.86
1.33,30.14,161.23
2.86,78.4,325.85
10.86,20.42,275.67
28.34,61.27,659.95
23.95,57.77,577.76
36.89,57.83,794.61
15.42,112.8,618.22
14.43,110.08,593.37
42.47,115.07,1025.48
37.78,78.37,847.98
3.3,83.38,352.18
37.76,77.13,840.8
38.57,10.45,657.77
38.11,115.11,981.16
2.87,24.36,166.06
29.64,14.83,539.14
19.65,6.52,368.16
6.09,100.17,441.63
30.52,88.1,773.39
47.85,107.4,1078.59
42.33,98.93,984.5
32.14,118.76,875.23
13.06,51.76,401.77
21.42,100.58,671.24
47.29,111.73,1104.2
20.82,104.83,676.99
35.78,44.74,713.64
1.64,11.38,108.79
8.04,108.74,501.64
47.14,42.5,869.17
36.4,114.01,946.1
1.88,59.15,257.26
9.52,50.1,346.51
23.68,90.67,664.21
21.04,116.19,711.16
2.82,43.39,221.53
29.49,27.34,567.03
21.61,100.2,684.1
47.05,52.03,921.86
49.9,48.94,949.95
25.74,44.67,567.23
12.69,99.47,549.57
23.38,29.66,494.74
17.21,19.8,369.95
28.96,10.31,514.03
38.33,93.28,910.36
2.06,49.0,231.02
16.6,7.43,320.79
44.1,115.6,1049.73
37.3,30.95,708.18
17.63,102.99,606.93
15.24,17.5,326.92
21.83,72.32,593.41
40.23,84.58,912.47
4.53,106.2,443.25
35.06,95.84,872.38
44.27,38.07,836.48
10.0,55.25,372.47
32.74,98.14,830.9
13.85,31.9,354.85
12.82,55.63,410.82
22.86,64.03,587.03
26.15,38.29,563.43
2.5,110.58,417.63
15.23,79.41,517.69
10.85,17.08,258.85
41.47,114.33,1020.86
29.59,86.98,755.77
9.79,38.25,314.36
34.56,111.03,904.32
19.16,42.0,459.42
9.41,107.14,508.2
10.77,74.9,427.35
22.29,27.2,461.73
4.31,10.96,145.2
49.63,111.69,1112.95
12.0,55.66,399.11
19.61,89.3,615.29
13.02,8.06,269.19
30.36,118.61,849.36
38.53,34.06,746.51
12.57,41.42,367.78
42.66,85.24,960.34
32.22,31.69,632.45
22.47,67.16,591.11
39.32,58.55,806.38
29.42,9.28,522.51
10.84,110.9,539.53
26.34,5.0,470.51
23.25,21.56,462.23
11.98,63.86,425.81
18.6,57.91,503.1
45.79,34.53,855.41
16.64,94.42,589.27
29.65,46.55,646.53
19.56,37.18,460.09
31.86,59.35,708.22
3.65,33.48,204.51
44.34,32.91,822.75
29.0,115.83,820.68
11.86,23.13,298.11
1.55,84.63,329.08
4.15,113.36,454.7
31.11,15.16,562.24
12.59,32.5,333.45
1.08,60.47,248.13
13.21,12.91,284.36
7.21,9.96,188.64
23.97,105.43,736.51
4.44,9.27,142.11
24.05,108.89,733.64
22.59,24.69,460.74
37.87,21.26,690.43
17.19,7.6,332.93
15.01,21.01,333.99
3.28,74.32,317.73
31.43,69.01,721.14
49.39,10.89,826.03
44.19,84.8,977.68
38.24,95.47,913.24
7.09,110.98,489.99
42.8,31.03,787.53
33.96,86.76,812.24
42.36,69.02,898.95
21.95,54.98,541.79
24.88,101.09,723.78
45.26,65.73,919.98
0.78,71.92,275.21
7.87,15.7,215.35
26.3,66.06,628.34
29.23,81.15,718.62
48.21,67.69,973.13
45.17,113.54,1061.06
32.43,6.68,560.55
44.54,107.78,1040.43
15.05,99.85,579.4
32.08,48.14,677.73
31.9,46.15,669.98
11.76,20.63,290.14
8.91,62.61,373.62
27.45,56.77,629.79
43.64,14.32,749.54
34.51,17.76,622.95
3.09,24.1,169.89
4.48,26.05,192.51
10.42,82.13,446.87
1.94,15.85,125.53
27.71,77.83,699.02
13.82,38.63,379.54
32.72,54.04,709.03
33.4,16.22,594.77
22.49,21.63,447.75
34.13,72.16,777.89
13.32,119.13,597.69
18.21,110.36,658.16
10.56,28.43,288.25
15.56,52.19,443.4
41.64,101.72,988.06
1.27,69.99,284.09
47.73,101.29,1065.64
14.8,21.23,334.7
11.62,40.51,351.84
26.95,39.29,580.05
47.69,39.13,869.93
1.61,54.31,232.7
17.25,13.13,350.23
14.53,34.97,376.15
45.28,26.75,810.66
38.9,15.69,688.89
21.29,56.79,552.21
19.77,56.46,517.36
18.83,85.35,582.94
47.0,73.36,968.09
7.57,50.76,323.09
11.16,62.73,403.6
40.17,80.9,887.55
34.77,58.05,731.98
29.61,59.94,670.19
15.92,56.59,450.2
10.52,11.98,241.99
41.2,46.85,811.64
12.82,52.12,399.25
8.75,61.79,366.08
8.52,10.26,209.14
4.37,107.68,444.68
19.93,54.0,503.06
27.76,33.75,567.49
41.88,100.01,1003.56
49.65,96.47,1063.93
3.61,24.85,175.65
40.3,78.72,902.05
49.54,6.48,795.95
21.99,106.8,690.73
20.6,96.58,647.36
34.8,31.34,681.27
7.54,116.23,503.77
13.63,76.57,479.97
49.82,107.91,1130.86
23.13,17.57,448.67
9.8,32.94,294.36
49.09,102.43,1078.41
22.42,57.05,560.26
21.86,14.22,422.38
7.87,111.23,508.69
34.66,59.49,743.68
43.1,80.27,943.97
11.52,38.73,340.7
37.9,100.36,921.71
12.64,43.3,370.58
18.36,15.68,370.22
31.24,86.59,790.57
0.91,10.5,96.31
24.17,112.97,741.74
13.22,16.95,298.34
12.19,48.58,377.15
28.42,33.66,561.06
15.8,54.92,460.55
19.48,114.26,678.49
43.6,59.0,875.94
25.75,52.82,604.5
38.09,95.74,901.17
26.5,85.73,709.65
10.09,86.85,466.82
32.58,16.07,592.0
20.96,20.36,426.92
30.73,32.48,620.43
25.76,40.49,560.81
42.92,20.63,755.58
27.12,43.91,585.41
14.15,90.13,527.88
23.43,88.53,664.92
15.75,20.19,348.83
5.54,31.97,224.38
48.56,28.48,862.91
4.15,6.56,131.01
1.27,39.09,183.84
28.99,52.3,647.73
44.29,85.09,970.23
39.17,75.79,875.11
37.32,83.73,854.84
40.42,13.89,695.31
30.46,118.71,867.99
47.68,61.98,944.01
28.86,47.28,637.52
43.64,114.52,1038.57
27.39,94.96,739.13
23.36,83.6,656.59
6.88,106.66,468.13
43.55,24.81,760.3
2.26,37.89,201.15
39.81,34.73,765.32
26.37,21.35,508.94
45.69,55.72,894.6
22.86,104.49,705.76
8.64,102.31,477.58
2.34,52.51,240.33
12.59,47.5,378.02
45.12,86.51,984.97
42.53,54.43,852.74
49.06,73.27,1013.79
19.38,91.11,613.88
23.93,89.37,672.64
17.59,104.91,618.72
46.46,89.58,1010.69
7.96,83.96,425.8
32.05,35.33,635.2
40.85,19.85,727.34
14.69,75.66,505.72
28.29,51.78,632.06
41.2,7.6,697.63
4.71,28.86,206.84
48.05,115.28,1132.17
31.48,61.7,702.78
40.79,79.85,908.76
38.88,108.23,944.62
46.3,111.47,1091.7
1.23,14.72,114.3
19.93,96.18,628.33
6.58,58.84,326.85
45.69,11.11,763.33
12.88,114.69,586.92
5.68,10.85,168.18
1.1,50.27,216.1
47.69,12.92,806.32
12.57,5.35,252.12
37.6,47.65,754.99
33.63,42.53,685.29
7.84,117.11,524.91
12.88,50.22,395.04
24.11,77.41,634.65
9.9,73.92,417.75
12.76,50.61,398.91
18.97,38.94,451.0
26.05,10.72,468.6
13.05,49.93,394.1
3.37,96.68,387.02
17.51,47.3,451.04
40.73,37.75,773.05
15.63,95.08,551.56
31.39,87.91,782.17
33.22,30.07,637.26
20.62,86.41,614.8
11.45,64.32,422.89
31.12,51.58,674.72
6.5,80.16,383.91
13.91,5.16,268.87
11.86,62.33,413.46
17.16,38.93,423.32
20.19,33.39,453.6
14.63,55.81,437.86
10.06,70.83,415.86
8.11,106.81,495.02
33.29,100.86,851.07
9.37,103.32,505.3
27.55,60.04,636.01
21.72,49.12,527.36
49.22,82.3,1018.36
37.97,80.24,871.85
16.5,36.41,407.0
19.5,71.56,561.77
3.1,54.64,256.23
3.86,6.3,126.24
40.83,43.79,804.47
32.56,15.84,585.17
22.31,27.33,460.23
43.6,37.69,801.91
49.78,44.86,923.56
13.6,109.28,573.38
12.97,86.76,506.65
2.45,87.28,351.96
6.69,33.65,249.8
22.23,106.11,707.21
5.55,24.96,207.12
8.32,75.49,405.29
24.55,101.37,720.14
12.4,112.1,572.85
30.64,110.47,860.24
17.46,33.27,414.94
7.3,54.52,321.99
31.15,115.8,870.81
9.67,76.35,429.35
46.32,5.52,749.85
36.68,64.32,798.96
13.51,62.89,435.73
29.84,78.4,727.3
7.45,111.85,494.63
4.96,102.46,430.94
18.41,47.0,472.38
35.52,58.93,766.74
35.48,111.25,917.94
44.0,116.06,1046.94
4.85,114.23,469.84
7.8,71.22,384.28
18.25,72.34,536.59
8.07,46.04,310.96
32.29,82.49,790.16
36.88,63.04,794.95
24.38,96.74,725.06
39.42,71.63,855.12
11.63,106.98,547.47
27.89,49.5,616.82
11.06,44.66,354.1
10.81,12.14,249.51
21.24,112.67,708.19
3.43,24.0,172.93
36.63,29.26,688.87
27.59,52.2,631.13
7.72,29.79,256.66
42.43,32.32,776.45
9.04,33.95,285.42
33.18,33.12,649.33
41.94,7.67,716.96
37.3,108.54,935.15
31.48,19.79,582.86
5.43,21.14,198.32
41.5,70.04,886.41
29.53,24.25,562.82
22.76,111.83,722.29
0.76,30.99,156.54
9.45,48.44,336.85
2.96,20.1,154.82
22.59,12.76,419.89
19.06,22.95,406.47
37.41,48.86,755.43
49.18,87.1,1040.15
43.53,107.58,1047.13
45.38,105.43,1065.78
35.96,99.53,880.3
6.48,87.48,414.09
45.33,117.53,1084.06
31.06,47.45,655.19
27.85,57.42,638.64
9.38,82.41,439.91
14.65,11.41,302.15
49.63,40.88,926.6
28.01,23.53,531.49
34.27,8.27,590.27
35.1,64.54,765.39
3.59,96.1,391.49
37.16,58.55,778.54
14.19,12.8,301.93
43.56,62.93,905.16
37.42,80.1,839.78
41.53,73.36,881.88
48.04,30.92,867.75
18.41,93.98,600.26
35.05,117.69,939.43
7.68,32.65,258.2
16.18,54.34,453.38
39.59,46.05,784.68
43.65,85.44,945.34
17.34,116.8,655.26
34.88,109.17,904.48
23.91,88.88,666.49
23.24,40.35,528.35
23.05,16.39,444.31
22.93,105.21,702.79
16.85,82.84,545.32
35.59,69.63,783.97
18.96,60.58,518.59
46.76,105.84,1076.03
33.64,26.86,640.33
2.17,83.35,325.78
49.01,100.17,1097.78
44.9,40.69,855.54
22.61,80.94,639.31
18.63,52.87,489.26
12.84,78.44,482.55
3.5,86.0,352.62
26.86,90.36,728.42
43.6,55.26,866.03
5.22,63.33,321.92
44.93,110.6,1073.55
31.3,78.86,753.94
16.84,44.77,432.62
36.51,61.12,768.09
8.77,52.08,337.85
3.36,23.34,169.99
48.83,5.5,809.25
46.07,80.03,991.63
31.53,9.01,552.11
45.31,105.41,1034.65
41.16,65.92,865.66
16.65,119.23,655.31
30.19,35.7,607.97
20.9,32.66,458.2
42.19,89.63,960.22
15.24,96.89,564.33
4.37,70.41,321.28
40.91,76.64,901.88
22.34,119.51,744.53
23.31,78.98,637.09
16.31,19.69,353.08
7.83,63.45,363.7
22.58,104.45,707.15
3.89,18.97,164.74
37.92,46.73,757.37
30.41,92.96,798.36
22.79,84.98,662.29
26.72,51.41,607.61
40.5,56.42,827.66
30.58,50.01,670.15
41.98,12.04,716.89
8.65,71.74,398.94
12.85,80.26,489.68
23.36,33.17,500.31
43.19,53.07,865.76
31.83,98.95,831.46
17.9,28.24,401.54
37.14,43.51,743.99
4.14,9.79,138.6
15.13,6.42,296.74
34.7,33.9,660.2
20.66,49.03,501.8
24.66,27.83,495.41
23.5,34.95,507.4
49.14,30.9,886.42
14.96,78.65,503.59
42.27,8.36,699.35
33.48,106.24,867.84
40.55,66.53,847.61
18.21,76.98,560.02
7.68,30.92,254.13
1.23,26.22,147.5
47.25,29.77,839.56
6.9,66.56,353.79
25.47,7.23,447.76
48.23,28.16,855.78
8.34,17.28,228.86
25.78,46.61,571.74
43.65,63.7,901.14
41.64,55.31,841.85
13.99,26.23,334.16
45.24,68.42,939.56
0.55,106.88,381.41
38.78,35.91,740.2
29.24,32.23,589.94
11.64,47.24,368.69
9.28,82.61,435.16
24.74,82.88,666.6
27.27,62.37,652.56
18.98,98.37,630.28
34.84,44.19,705.64
41.21,14.67,709.1
5.96,73.2,358.11
4.07,83.18,358.87
14.64,50.92,421.68
18.64,63.66,508.85
45.01,30.3,816.41
17.34,68.67,512.94
0.81,113.71,401.47
39.32,107.22,957.57
13.93,116.85,609.77
18.19,117.63,673.88
0.79,73.02,278.35
17.42,62.96,501.41
33.43,59.3,739.65
37.52,74.29,838.89
11.99,65.32,428.16
43.81,103.77,998.44
10.93,27.35,295.29
7.62,119.96,517.55
15.02,40.13,400.08
43.69,64.02,905.02
37.64,58.77,785.77
34.59,89.89,841.75
28.47,75.8,705.16
46.58,70.87,958.91
17.82,24.22,383.7
11.1,12.03,251.26
38.04,47.09,756.36
34.7,119.56,946.21
27.83,50.48,627.01
9.69,117.41,551.61
13.36,17.48,302.73
32.03,102.9,849.38
30.62,90.83,788.16
17.55,49.79,465.61
4.59,6.95,140.54
33.49,14.71,593.77
25.71,28.13,517.48
9.45,6.22,209.32
28.65,39.47,600.42
9.56,44.89,326.63
34.66,10.86,592.85
9.57,14.23,236.41
41.11,35.67,777.22
44.82,77.33,970.12
6.81,41.01,270.91
27.19,78.65,695.79
48.68,63.95,983.68
47.38,91.45,1030.33
13.51,88.0,509.6
38.45,83.68,858.09
49.22,8.22,821.45
6.63,73.86,364.57
43.23,55.67,864.85
6.89,65.04,343.06
7.53,21.39,227.45
41.26,62.62,852.55
21.28,62.05,557.68
35.21,115.96,932.66
4.07,105.28,425.07
34.88,8.28,601.98
21.91,18.49,434.85
49.44,52.92,955.23
29.45,82.76,740.26
35.64,91.65,860.21
26.93,101.09,762.76
15.68,80.43,532.28
21.93,26.46,454.8
45.49,91.63,1020.24
14.16,118.94,615.77
45.99,104.43,1070.45
5.38,75.08,361.8
26.67,67.26,653.07
4.08,7.46,131.76
11.05,97.19,511.75
19.75,45.23,483.05
35.15,51.81,727.92
6.18,28.33,222.51
30.36,74.97,720.75
22.06,110.92,716.47
43.12,69.11,906.78
20.91,94.29,650.85
15.45,103.29,597.97
14.42,110.45,593.94
9.65,87.68,456.52
16.93,28.3,388.65
27.98,34.89,578.93
16.41,37.41,402.7
30.0,27.35,578.02
16.59,18.29,354.61
15.18,83.52,525.29
37.44,14.69,658.41
11.22,62.54,411.6
27.89,91.45,741.96
32.83,85.17,807.77
22.56,86.16,645.44
43.58,80.39,974.84
35.59,15.6,637.55
32.01,48.12,653.42
27.35,76.59,688.83
10.13,76.93,438.5
38.71,5.86,642.3
35.96,45.54,719.14
28.99,18.17,531.47
35.06,56.19,744.72
28.92,44.82,610.59
45.03,85.18,976.8
25.33,102.84,739.61
33.58,31.78,646.78
45.79,63.91,937.55
39.44,75.37,876.06
0.97,101.05,362.9
48.31,28.81,844.95
10.0,91.9,475.33
40.43,101.44,960.07
9.18,109.27,512.24
29.05,58.87,648.31
23.96,70.05,611.87
40.94,32.33,764.75
42.64,113.28,1034.0
47.85,17.41,832.24
46.37,15.5,784.46
18.05,117.01,665.87
48.07,108.82,1098.65
40.42,96.26,955.19
15.63,46.24,423.0
11.19,51.36,369.29
34.67,54.46,724.76
38.5,60.09,811.14
3.76,113.38,443.76
42.13,115.76,1027.96
10.06,53.58,355.67
12.56,103.07,545.95
13.57,89.89,521.03
31.7,20.67,593.89
22.89,75.36,621.48
26.83,46.15,589.99
15.21,75.6,507.33
45.24,39.78,850.11
38.79,85.8,887.68
28.08,53.94,625.28
40.96,52.89,827.97
37.86,98.34,914.95
15.49,46.26,418.87
36.81,115.1,941.52
35.54,42.69,717.66
22.26,19.15,443.34
43.22,30.7,798.51
6.9,98.78,445.17
1.22,67.37,271.6
47.54,72.91,965.34
14.43,35.25,370.17
10.85,12.65,248.72
8.23,74.48,401.25
46.75,84.18,1000.19
41.35,10.82,693.66
17.16,49.6,465.96
24.94,23.71,486.67
21.14,47.44,510.01
43.37,86.61,962.33
3.32,59.52,279.63
38.05,115.62,981.06
12.75,118.09,599.2
39.27,98.28,925.82
22.17,24.48,458.57
13.27,50.15,404.14
15.23,110.2,610.51
3.05,81.02,339.45
13.75,91.04,530.77
45.59,50.85,889.86
31.4,59.61,701.49
35.64,77.56,827.4
43.18,65.75,907.98
34.11,54.64,727.66
47.59,89.28,1031.89
9.67,117.5,547.98
5.54,78.3,369.25
0.81,53.9,224.63
4.89,34.86,229.59
16.15,100.24,594.69
34.41,89.41,832.35
2.91,22.31,159.51
13.94,72.35,474.17
3.21,106.62,419.16
6.95,56.56,324.22
5.76,92.66,410.24
4.74,54.47,286.71
21.78,13.16,415.57
27.4,88.37,733.92
6.52,53.91,304.54
8.71,36.47,293.8
15.92,118.83,649.92
14.6,22.27,337.03
34.14,96.35,858.73
49.97,37.67,929.11
7.74,40.28,288.16
15.68,42.66,415.97
35.94,63.92,793.28
47.8,64.88,946.42
3.41,98.78,400.72
42.89,102.85,995.52
28.95,98.72,786.89
31.46,115.23,873.14
49.77,66.47,1014.62
48.36,6.4,780.47
20.08,15.11,398.2
13.58,70.51,467.4
11.97,96.47,520.26
1.71,107.79,403.46
13.13,47.9,391.84
5.31,14.07,170.93
17.96,66.02,521.97
33.7,10.36,597.78
42.59,22.78,766.94
22.79,59.53,568.18
4.51,74.14,343.48
33.27,71.98,753.6
27.16,9.15,484.6
28.55,61.25,661.21
1.58,92.41,351.98
8.8,67.61,385.61
29.26,81.1,721.42
18.96,12.03,374.29
26.51,33.78,550.49
20.97,67.13,566.72
5.91,25.45,213.2
19.95,96.93,636.48
27.13,15.77,508.43
49.89,80.2,1041.87
17.81,36.65,426.27
15.22,60.89,461.36
47.41,98.79,1054.74
40.65,94.02,931.24
16.06,24.87,363.61
42.62,53.42,844.5
7.62,105.12,483.91
40.05,68.96,854.6
3.35,108.29,421.66
12.39,65.18,432.07
31.34,100.78,827.09
34.82,60.86,754.81
9.51,61.56,373.34
1.59,45.54,207.87
19.13,31.95,433.85
2.87,110.0,418.11
37.41,24.7,686.21
10.72,74.18,437.33
30.04,25.98,577.55
24.0,88.57,664.57
19.63,81.55,594.54
26.19,13.48,473.94
40.84,17.92,731.27
0.55,99.39,357.69
8.97,41.8,309.15
30.72,25.64,595.67
11.94,16.07,279.94
20.4,85.34,601.81
21.1,65.81,565.35
36.89,9.58,634.61
22.32,29.14,466.89
3.72,110.2,431.36
2.93,89.94,357.33
49.61,117.5,1147.89
20.68,49.53,508.56
41.67,96.06,937.74
48.44,51.98,920.76
43.16,90.84,962.93
7.24,33.1,258.36
27.89,31.33,553.07
20.12,111.84,679.27
48.5,13.33,826.09
40.09,45.8,786.1
37.66,117.58,963.77
39.83,16.76,699.69
1.97,92.93,357.55
1.69,73.72,299.11
12.05,67.53,437.73
13.39,22.07,312.28
37.74,66.97,825.44
14.72,47.01,405.77
19.1,31.04,435.25
48.56,30.23,866.95
46.97,36.96,857.3
30.6,63.75,699.75
34.11,74.05,784.03
14.43,66.18,467.45
23.6,54.13,573.43
37.19,79.05,841.66
32.43,48.0,672.54
29.16,21.12,549.62
45.81,52.8,904.5
38.63,91.18,917.26
0.65,24.21,131.79
9.32,71.86,404.66
23.12,103.96,710.06
43.15,11.95,721.97
43.57,44.56,840.74
33.8,10.51,593.41
47.09,54.58,922.49
43.41,111.89,1032.85
25.57,51.44,578.01
19.94,66.99,553.86
41.31,103.15,982.78
10.54,75.44,429.07
36.41,103.73,904.35
15.95,25.89,368.48
34.18,83.98,805.7
27.79,9.65,492.73
41.4,58.61,859.82
22.81,70.25,613.77
4.27,49.22,259.36
13.08,69.99,462.6
24.09,66.35,608.24
32.54,27.69,621.72
40.44,36.01,767.68
30.69,39.4,612.81
8.26,78.05,405.32
27.07,58.72,631.65
25.86,17.32,498.04
7.07,76.71,385.47
9.3,40.55,315.13
11.69,35.32,329.1
43.57,90.49,955.54
39.69,69.7,855.03
16.85,41.21,429.12
32.34,83.13,784.01
19.65,117.31,695.58
40.16,63.98,844.09
7.94,7.64,188.11
4.07,79.21,347.22
18.76,118.81,685.86
20.47,96.7,644.29
38.96,33.08,729.72
19.23,24.36,410.84
46.02,97.92,1033.7
47.94,52.22,914.05
22.68,44.27,536.37
4.95,15.64,170.82
38.57,118.02,993.8
43.51,47.5,844.92
16.78,88.9,562.16
36.94,41.5,718.63
42.67,63.57,871.66
39.3,19.34,690.52
46.63,52.55,910.86
39.07,82.56,888.04
25.22,49.84,582.69
17.88,61.72,516.06
18.57,80.66,573.16
17.36,63.58,503.84
1.03,105.08,379.31
8.05,82.98,413.1
27.49,46.95,595.56
38.89,35.59,741.12
30.94,108.43,838.49
7.18,109.5,484.06
18.32,29.53,415.37
40.94,91.6,957.25
48.75,15.41,826.59
23.07,47.4,541.08
39.0,93.64,910.94
11.02,10.36,243.16
3.28,21.88,164.72
3.67,102.45,410.61
35.75,95.12,885.11
6.11,11.69,178.68
49.47,47.89,933.16
23.62,81.76,651.84
48.31,6.62,795.9
6.53,19.23,205.63
4.81,63.4,316.44
28.78,71.8,690.71
25.8,119.09,788.1
16.45,94.78,581.5
31.61,83.65,774.28
1.47,118.86,432.04
23.0,16.23,453.53
28.43,115.97,834.2
16.32,8.97,319.22
41.53,109.23,1007.16
5.72,21.94,203.73
7.98,88.28,433.44
4.64,58.72,295.09
10.61,96.06,497.92
8.59,81.77,425.51
10.48,52.95,374.14
31.28,106.4,842.24
11.81,29.92,320.94
40.79,81.41,908.23
44.54,82.22,964.07
18.78,40.51,452.83
40.1,113.07,997.55
24.85,80.11,664.71
11.15,82.11,460.5
5.5,61.95,311.63
37.96,91.77,918.81
35.47,77.64,816.29
17.74,11.81,354.58
27.02,31.19,545.96
32.22,106.97,853.07
16.59,97.56,593.79
4.45,34.74,219.56
18.33,23.03,396.32
5.24,112.4,461.53
38.53,46.02,776.87
29.93,76.1,733.3
45.84,106.33,1055.66
24.63,93.73,714.58
46.24,15.13,790.97
48.61,102.94,1080.77
3.61,111.4,437.93
40.85,35.72,757.94
19.82,21.22,413.26
34.2,82.5,808.15
12.87,21.81,308.62
22.27,89.92,649.46
15.44,76.37,506.76
19.22,28.76,419.97
40.54,12.9,699.36
36.22,5.45,619.0
34.43,9.83,597.96
33.57,62.28,735.0
1.74,18.12,130.97
2.79,64.52,291.37
42.54,107.4,1020.84
38.57,20.34,698.29
9.91,60.86,376.19
34.07,90.22,830.0
13.91,40.99,378.29
18.55,55.73,490.7
24.47,60.76,590.04
25.42,63.2,628.14
5.29,77.38,359.93
22.37,76.43,615.7
49.93,64.24,990.8
10.19,55.36,361.52
43.72,20.65,785.32
15.99,89.63,561.93
33.35,58.36,732.76
30.22,70.41,717.54
31.26,82.69,775.76
46.23,76.51,969.77
44.39,90.63,986.35
28.72,112.99,797.39
32.58,63.48,731.74
27.96,113.1,802.19
17.43,96.48,595.99
1.1,107.97,388.3
22.51,37.34,507.61
19.97,30.96,439.21
4.85,76.5,352.5
47.37,105.97,1081.17
8.21,106.09,491.43
26.37,88.58,710.65
37.92,31.64,713.29
48.09,118.29,1127.02
34.99,79.6,804.38
8.8,19.69,245.25
35.17,31.33,661.99
22.96,90.37,669.09
26.64,105.22,754.61
44.91,53.06,883.89
43.44,31.72,788.35
4.46,119.87,478.56
1.02,72.99,284.36
5.45,95.57,417.24
14.99,44.6,406.63
25.27,56.48,596.59
27.2,76.98,687.76
29.83,42.16,618.84
9.97,74.72,427.79
16.62,16.38,351.37
45.82,84.1,978.77
43.39,64.75,900.17
26.87,112.03,796.37
7.64,46.77,300.31
10.14,28.15,282.93
12.93,97.92,542.83
23.95,48.7,555.08
40.84,41.62,798.15
48.11,111.22,1099.73
36.51,99.03,899.83
18.49,21.14,393.06
12.96,81.09,479.96
19.9,30.94,438.3
31.43,117.06,874.22
35.72,42.73,714.45
26.66,48.51,600.97
3.08,36.04,203.15
20.91,77.91,601.91
14.48,98.36,551.76
27.94,67.88,678.98
0.99,79.57,304.47
44.82,27.11,792.02
13.87,12.32,298.24
27.47,45.54,598.52
45.34,66.21,931.04
49.47,65.42,995.12
32.21,20.43,593.34
33.42,46.46,694.06
44.32,17.69,769.78
47.85,62.91,964.07
24.92,46.26,558.12
16.7,75.05,523.76
4.68,26.38,200.81
44.04,108.52,1040.94
20.48,69.34,568.55
39.92,61.24,834.62
25.73,43.68,572.79
35.84,107.47,895.22
27.95,50.33,614.71
5.87,5.47,156.9
35.57,108.4,917.95
40.41,109.95,994.82
22.24,54.47,546.23
30.2,119.28,851.59
20.26,81.9,600.15
26.95,70.9,670.84
40.98,9.9,689.81
38.48,97.01,923.05
31.49,55.5,680.42
33.19,20.84,614.52
9.39,56.96,352.78
30.75,11.15,549.52
10.07,5.42,221.22
24.44,58.04,594.4
21.57,43.64,503.1
31.46,103.26,852.93
41.52,97.82,949.33
10.74,8.64,233.68
25.51,117.09,786.29
15.25,19.01,341.17
13.56,66.44,446.05
5.69,35.24,244.36
13.22,66.54,446.55
17.51,65.63,506.61
15.29,22.23,344.36
27.18,61.35,648.5
14.18,102.0,572.14
41.99,52.02,841.98
34.47,26.85,646.92
27.18,119.07,817.27
22.82,81.56,631.95
25.72,100.08,735.39
2.56,55.71,254.29
48.88,49.07,940.36
39.27,33.24,747.81
3.32,15.78,145.78
13.71,33.84,360.87
19.96,118.96,699.49
7.45,48.05,311.08
25.05,91.29,695.9
42.14,38.26,796.57
4.29,39.16,235.1
40.24,49.73,804.8
42.59,20.28,744.16
27.38,28.89,542.23
0.76,45.91,195.61
15.82,81.86,523.36
49.38,94.74,1073.44
6.33,47.42,287.84
24.61,79.44,655.52
28.96,26.0,564.55
29.89,50.91,648.9
33.09,36.48,663.87
0.94,31.91,159.33
37.19,87.74,861.73
17.87,65.11,520.93
2.29,87.17,346.55
40.19,109.11,974.7
7.81,90.73,436.56
46.22,83.55,983.66
1.03,61.97,251.6
10.11,114.71,551.55
15.71,45.26,416.37
35.58,41.17,695.62
23.52,35.3,512.09
14.83,98.89,569.19
11.34,21.64,286.6
0.86,60.69,251.66
33.3,52.14,703.19
35.85,59.66,761.99
24.23,9.42,430.6
44.04,48.8,865.4
30.66,112.63,843.98
5.53,116.19,481.83
27.83,26.77,550.79
2.72,65.62,287.9
7.24,56.38,325.95
48.16,72.23,1009.51
48.2,41.15,897.65
9.9,92.06,473.54
27.11,29.93,552.55
37.59,95.93,895.79
29.58,70.93,710.59
47.5,6.0,779.56
48.13,105.11,1069.71
21.33,102.54,684.19
7.81,76.39,393.95
0.75,116.48,405.26
5.88,92.8,421.81
26.03,118.2,796.92
30.55,75.89,734.66
18.46,81.47,573.02
7.48,98.1,463.22
49.52,117.34,1150.89
22.66,37.33,508.94
15.09,37.36,391.89
11.14,109.58,544.44
31.41,58.77,694.65
6.47,38.29,263.25
20.09,18.32,405.9
48.63,54.91,947.14
40.52,86.71,908.61
15.92,32.48,385.56
37.96,7.64,643.73
21.27,118.27,713.5
35.14,45.63,721.22
46.97,32.02,860.54
39.87,71.29,852.32
14.82,70.91,484.85
24.27,90.65,691.72
28.22,57.24,644.23
45.68,40.22,868.22
2.16,22.16,147.86
29.28,80.55,725.98
45.13,61.12,904.14
49.87,113.74,1139.29
4.06,69.14,315.49
32.76,53.27,687.97
25.03,36.4,535.47
19.23,106.96,657.68
47.28,15.16,812.35
32.53,42.8,670.01
14.58,58.16,445.27
2.93,17.96,147.41
30.52,80.71,743.16
15.07,52.57,437.88
12.11,48.38,376.74
48.35,71.65,1009.32
16.77,25.91,381.35
38.98,39.58,752.92
40.04,112.15,988.44
7.23,14.16,205.06
11.34,81.28,464.48
22.11,77.28,606.1
3.08,117.72,454.37
1.3,14.14,112.99
34.55,17.61,622.67
4.02,75.57,339.82
40.24,97.1,936.1
36.94,105.53,899.46
39.78,73.55,874.95
29.07,110.76,828.91
32.57,48.93,683.9
16.15,69.84,498.73
12.57,27.91,320.16
3.12,55.88,269.56
38.06,12.67,658.59
25.85,39.44,560.82
32.53,7.47,557.82
22.51,21.92,454.63
8.89,58.41,365.27
18.29,104.57,640.71
8.46,69.47,382.84
4.91,11.22,155.9
36.76,67.15,810.1
1.09,41.77,195.13
34.71,104.04,874.63
42.35,39.86,807.43
24.02,26.49,489.86
35.44,41.77,719.54
19.15,108.1,664.26
4.25,23.27,183.1
33.33,119.33,908.07
26.63,70.94,667.26
39.72,68.34,838.73
6.41,65.33,340.76
14.23,54.14,420.42
11.65,7.29,246.02
4.12,18.39,165.4
44.09,95.32,1001.51
40.96,45.49,804.88
9.18,104.39,501.99
32.82,82.82,787.87
30.39,60.58,688.72
41.91,54.24,863.91
29.54,51.0,648.15
8.73,33.91,287.71
23.0,96.04,674.23
28.97,44.41,603.87
2.0,37.32,191.87
22.82,34.36,498.83
15.2,7.79,302.64
43.84,71.4,921.8
5.29,82.5,376.03
26.92,110.02,789.47
41.91,91.53,951.55
22.18,52.64,537.6
30.5,96.76,796.73
37.33,72.03,837.41
26.68,101.57,747.3
14.03,16.74,308.73
42.08,59.88,862.06
23.34,83.72,642.82
32.41,103.69,852.88
19.89,38.32,463.99
37.89,116.28,961.23
30.79,56.51,674.57
43.14,90.7,980.89
17.01,94.1,585.69
28.8,53.26,644.81
46.33,116.81,1096.65
26.78,104.9,759.18
39.06,38.02,732.52
17.98,89.06,589.34
30.17,27.88,582.22
17.38,12.65,356.49
46.47,104.09,1064.84
43.3,64.74,877.47
7.52,59.59,340.09
42.48,52.01,827.08
40.07,31.75,735.24
48.67,5.09,810.27
18.5,98.54,614.88
42.74,73.05,905.62
28.05,51.1,625.65
25.51,51.24,579.55
4.31,79.86,357.46
7.01,39.83,280.23
23.76,89.47,679.26
16.3,81.55,535.88
46.88,87.13,1012.74
29.12,82.42,729.39
17.57,54.3,483.49
45.72,94.5,1009.86
13.53,67.11,452.69
46.95,58.59,929.87
47.19,81.38,995.99
42.97,26.33,786.75
47.98,75.88,1009.31
37.39,94.07,885.55
15.03,7.95,299.82
20.39,24.12,429.18
23.71,40.16,525.8
41.57,71.89,876.78
24.63,119.32,773.33
21.13,58.47,544.38
30.72,83.4,752.63
5.62,15.27,177.51
38.02,111.5,962.59
1.79,15.42,122.7
22.02,102.52,696.2
17.37,20.23,370.57
46.31,13.8,791.19
6.44,64.7,341.91
3.12,57.77,268.28
12.05,33.94,335.88
39.67,116.98,999.12
33.97,56.67,722.88
4.43,111.73,450.88
41.14,108.34,998.83
25.65,74.17,660.71
4.91,11.09,157.41
33.91,10.48,589.04
9.52,108.37,513.19
16.91,71.42,517.95
40.6,116.36,1005.26
34.1,28.3,639.8
17.22,69.55,514.84
24.62,105.48,733.47
31.79,117.83,868.2
11.08,100.8,513.54
39.31,25.11,717.22
35.14,32.67,685.17
31.9,90.14,797.59
40.27,9.0,683.34
39.87,47.07,789.15
14.61,86.05,527.91
42.42,87.8,941.97
24.53,31.39,514.29
5.22,8.63,154.33
21.27,72.99,595.99
26.38,44.92,575.33
39.81,16.43,700.07
41.62,37.63,791.52
24.83,41.77,553.95
1.49,70.52,284.72
10.45,105.05,525.17
1.4,111.12,402.26
29.58,90.57,779.29
17.06,80.92,546.53
21.82,112.17,714.66
38.78,90.37,909.39
35.47,117.02,936.39
4.41,45.83,255.01
17.5,63.9,506.31
38.69,9.79,665.46
3.15,111.78,435.27
27.64,45.21,596.56
38.3,115.96,964.71
15.02,79.13,506.09
36.35,60.01,770.11
37.49,106.62,922.28
25.64,33.6,541.71
45.51,37.77,857.8
40.96,82.12,909.93
38.84,32.97,740.99
17.71,52.69,476.62
12.21,108.92,576.46
47.25,32.28,866.22
39.24,116.97,985.11
47.39,105.63,1058.72
26.36,93.69,733.32
5.67,85.86,391.99
40.65,107.45,984.28
3.82,115.17,438.59
30.33,29.58,594.67
33.35,98.02,834.62
45.79,58.77,905.54
31.63,103.36,826.48
1.51,58.92,252.34
12.8,53.25,406.17
38.46,27.53,708.6
16.14,72.12,516.34
47.64,84.66,1041.21
5.31,113.15,480.33
41.06,29.53,746.25
25.84,103.83,743.0
29.67,5.92,519.42
2.84,18.05,148.11
45.85,86.48,1012.2
21.32,104.7,680.15
13.88,40.14,377.23
23.04,75.22,622.95
27.31,105.77,776.29
40.22,10.53,694.39
45.38,77.78,962.79
46.64,81.28,996.26
37.92,81.64,851.51
4.63,32.26,216.86
2.03,89.91,356.99
4.43,26.26,194.67
2.2,7.0,104.65
46.81,47.84,884.24
11.06,105.93,543.27
47.51,118.6,1115.64
28.3,71.68,691.46
33.27,9.32,577.84
9.13,113.56,517.33
41.53,21.03,729.36
15.92,38.46,411.16
33.3,108.91,872.27
35.53,65.65,787.76
22.3,39.12,510.16
2.32,48.6,231.71
8.71,74.24,397.58
37.47,88.32,881.95
8.75,27.41,263.47
16.42,108.51,615.65
2.31,42.27,212.55
1.3,93.75,351.75
23.35,84.4,665.17
13.37,71.02,455.21
14.9,37.23,381.14
11.53,112.13,555.94
23.0,75.63,611.85
0.51,17.0,109.19
41.62,17.58,728.8
18.56,62.22,526.48
7.98,114.8,511.9
18.76,29.45,417.87
15.99,9.58,314.19
48.56,18.13,837.86
4.33,25.03,193.15
28.17,103.94,786.57
29.88,20.94,558.2
46.04,57.9,904.16
43.77,13.59,744.77
9.07,14.38,233.64
16.11,99.37,586.35
42.35,25.82,779.07
14.31,68.72,462.76
25.46,18.8,492.48
1.05,109.09,387.09
16.83,64.53,494.41
47.35,87.91,1019.18
12.59,115.06,577.6
8.97,24.54,263.14
19.27,10.03,368.69
38.41,113.73,971.44
42.47,92.34,967.8
40.37,13.82,686.83
1.89,13.81,120.4
3.89,77.16,340.19
49.64,55.74,960.76
27.11,34.89,564.97
9.45,114.62,536.92
11.46,35.58,329.24
2.07,97.34,376.07
32.28,90.45,809.67
35.24,17.0,613.59
10.91,38.15,324.61
39.31,114.32,999.95
22.66,25.72,463.66
11.47,6.52,239.52
43.16,83.31,936.18
2.52,49.23,235.61
0.76,11.57,95.21
15.54,44.6,421.52
28.49,103.92,779.79
8.35,11.56,209.77
37.15,50.91,758.14
40.02,61.95,840.6
42.51,69.54,901.12
0.78,63.0,249.31
10.19,43.87,339.01
18.05,79.15,546.69
9.78,95.84,476.15
26.83,51.46,613.78
43.81,67.83,916.34
36.83,91.34,881.84
11.61,105.17,538.42
32.56,60.43,720.46
7.55,59.41,341.07
25.72,84.47,683.43
38.45,100.28,936.36
28.05,7.66,494.91
23.2,23.53,477.0
34.21,61.4,752.84
35.99,18.15,642.35
43.34,91.24,971.83
5.26,51.24,287.8
15.02,38.4,390.9
26.82,65.44,650.8
9.34,102.73,495.23
38.77,117.8,990.6
2.2,41.91,209.46
1.96,25.92,156.81
33.74,60.65,745.05
23.94,79.73,645.95
40.13,36.45,760.93
33.73,80.69,796.36
22.67,44.31,521.83
14.03,40.57,380.3
4.85,106.2,439.99
40.84,61.84,858.0
5.9,16.68,186.42
7.49,84.59,416.74
8.85,43.73,318.06
41.24,63.95,877.7
18.06,5.5,335.32
47.07,86.72,1001.77
7.64,97.84,451.36
31.18,34.42,621.34
17.8,51.39,471.22
27.09,10.12,483.26
0.96,41.31,186.26
27.49,7.22,490.86
7.73,115.56,513.4
21.04,55.41,518.78
32.79,25.46,620.33
46.06,104.86,1067.93
35.57,59.55,766.7
8.2,42.29,300.87
43.33,105.95,1025.67
26.6,55.2,604.61
47.34,22.29,810.0
8.01,49.53,320.07
41.36,71.93,889.35
42.96,27.17,762.96
14.02,16.46,312.65
18.56,9.01,354.12
18.21,93.69,591.14
14.4,13.61,308.44
31.98,71.39,740.2
27.16,91.14,726.61
6.95,44.02,284.58
14.06,110.24,591.52
36.67,109.26,924.97
48.32,12.97,810.83
46.72,51.39,903.63
14.91,22.32,334.14
46.24,29.36,822.74
4.78,36.79,227.52
15.96,50.77,444.03
43.69,81.21,925.85
3.98,106.72,432.79
6.85,26.45,229.5
32.18,61.85,717.14
25.14,116.21,784.9
30.67,34.85,620.04
3.62,69.51,309.6
43.05,62.13,880.85
22.96,53.0,554.48
2.49,75.24,312.64
12.45,67.16,447.42
9.0,78.69,422.83
39.19,25.21,710.98
13.51,46.61,393.53
15.91,89.39,561.89
3.33,41.64,222.98
45.68,49.34,897.63
3.16,85.57,353.43
3.69,68.54,307.75
42.62,70.43,903.52
8.16,104.0,486.91
20.57,61.83,549.4
35.32,39.54,710.33
11.49,19.79,285.48
8.66,7.43,203.69
40.08,111.95,992.97
4.7,112.03,445.24
7.52,60.57,344.66
34.24,15.23,607.96
42.87,19.43,758.34
45.58,103.29,1061.94
17.86,114.12,666.5
3.8,107.46,432.8
2.95,33.09,192.32
10.29,117.5,553.8
15.25,118.38,626.08
30.99,46.37,655.73
35.32,60.93,766.64
25.14,89.04,694.02
49.07,80.18,1024.33
19.25,24.56,411.13
31.72,118.06,860.47
25.06,46.81,571.04
23.46,88.39,661.93
14.54,47.7,411.6
26.53,12.65,476.13
48.59,39.8,885.7
8.17,63.31,360.59
39.92,86.06,897.81
47.77,43.72,895.91
5.6,43.69,262.27
9.56,35.32,301.86
27.81,105.58,775.88
48.97,106.04,1100.52
3.71,109.29,429.32
17.25,13.05,343.79
39.04,25.99,718.22
3.48,43.64,231.47
28.27,18.32,519.06
16.42,36.1,400.72
17.29,50.07,458.22
45.57,113.62,1070.42
49.64,60.05,978.7
46.87,8.57,772.49
1.59,75.44,299.85
19.18,16.38,385.07
37.42,17.52,670.13
31.1,59.35,688.02
2.92,92.75,365.28
31.83,70.92,728.29
28.26,94.85,755.18
42.81,79.99,929.56
2.16,88.17,348.77
29.2,23.67,547.75
20.24,54.04,520.23
30.95,83.62,767.08
33.4,14.71,590.42
22.5,101.83,681.81
26.51,98.79,746.09
6.11,28.11,227.28
41.49,69.84,886.32
18.71,9.71,359.84
13.13,37.74,359.31
49.42,12.12,827.71
11.99,82.33,476.89
17.42,23.68,383.97
45.22,10.76,766.36
28.01,45.79,607.16
12.31,64.17,423.41
0.81,73.43,282.08
42.99,75.02,911.62
37.08,85.75,859.55
42.42,118.03,1037.03
17.52,66.84,510.59
3.13,36.71,206.11
15.6,87.58,549.32
38.35,29.24,702.62
25.91,80.03,675.13
13.87,58.15,422.09
25.94,21.56,509.14
2.5,12.26,125.86
42.61,35.87,792.79
32.18,88.26,809.21
40.15,73.86,853.67
18.12,114.29,656.53
24.91,95.25,704.2
13.87,51.76,415.26
37.0,61.99,784.6
37.0,79.11,843.54
18.16,88.91,593.33
3.31,59.78,277.29
18.35,21.24,388.39
20.08,5.22,369.38
38.24,32.73,721.09
13.87,40.56,384.29
34.89,58.48,755.12
40.91,32.34,748.65
47.65,9.49,785.17
4.23,114.95,463.02
41.05,110.44,1011.24
44.86,107.33,1043.32
39.14,114.84,1004.0
18.54,91.8,601.22
36.29,15.02,630.55
43.17,110.46,1029.34
49.2,8.86,814.83
28.41,106.42,800.86
35.07,7.78,602.07
43.97,76.04,945.19
25.96,87.5,693.99
23.9,16.78,460.04
35.84,93.27,872.51
25.86,87.09,698.06
34.74,97.57,851.13
48.42,103.99,1082.11
49.77,59.18,976.46
34.48,10.5,589.61
5.69,82.35,380.85
48.85,40.09,906.53
18.77,53.02,500.74
30.24,69.17,713.75
38.55,25.53,704.88
45.91,61.63,907.72
37.72,36.99,729.15
1.72,16.09,122.65
12.27,22.13,302.33
13.19,92.39,517.14
12.75,48.5,387.03
49.82,25.0,875.35
47.79,74.55,993.37
5.46,7.66,151.79
43.18,73.66,911.67
42.24,70.6,889.34
20.07,8.37,373.85
25.12,36.35,535.67
32.23,16.58,579.62
30.62,113.44,850.83
39.21,6.11,656.24
47.29,63.65,965.71
19.86,56.07,523.81
26.18,116.05,790.37
12.74,58.11,417.01
5.53,99.46,426.4
33.83,69.55,757.82
29.5,60.72,661.87
14.5,119.3,622.22
20.44,63.3,554.82
9.1,10.99,217.95
48.71,66.6,964.85
2.97,82.82,351.35
28.51,21.4,533.31
32.18,81.81,779.21
15.18,15.82,326.92
30.41,73.77,736.06
36.1,31.27,675.83
4.02,109.27,436.08
2.81,10.3,121.61
2.47,93.25,362.57
6.31,15.17,190.62
8.88,71.52,395.01
10.45,101.2,508.86
27.84,106.22,776.04
11.15,76.35,449.32
38.88,51.09,786.79
21.08,5.75,385.02
28.64,48.17,626.93
40.34,75.18,875.42
30.48,82.98,750.75
6.11,101.57,439.98
28.49,105.77,794.79
3.23,30.41,188.64
44.26,65.28,903.66
31.79,5.35,537.5
42.02,27.39,746.2
3.73,99.86,408.25
5.03,82.34,368.69
21.45,111.72,712.84
10.57,101.01,511.92
17.3,16.39,360.88
42.0,16.84,748.96
32.44,76.35,764.85
23.49,47.43,541.72
31.71,35.57,631.12
36.48,107.52,907.62
33.35,48.4,690.22
37.72,60.3,801.45
13.9,84.61,521.65
33.35,50.22,692.03
49.31,57.56,966.4
27.58,67.14,657.96
49.75,5.12,796.45
21.68,112.89,710.66
40.52,28.19,747.27
20.7,44.33,501.84
30.12,58.94,688.87
48.37,52.25,934.86
21.61,101.68,681.05
19.86,52.74,504.42
15.18,19.11,336.49
25.35,27.05,512.77
15.85,14.7,332.12
48.95,93.83,1079.39
36.45,55.37,752.94
49.43,31.54,878.29
7.76,59.16,339.34
17.81,38.64,433.39
37.2,61.16,789.96
16.15,39.3,410.69
23.19,51.35,556.12
45.38,94.13,1007.26
35.18,72.73,800.72
32.61,107.29,858.97
22.92,52.39,549.73
19.6,61.83,526.39
24.02,110.56,751.0
6.86,70.8,365.39
27.13,22.92,525.72
26.3,108.51,757.39
8.64,40.04,301.99
11.19,108.36,539.15
46.56,17.88,797.79
43.42,19.02,748.52
17.55,85.65,565.29
48.18,45.53,921.46
30.87,75.77,736.3
20.81,53.09,527.43
3.41,89.25,371.29
35.86,73.14,811.7
28.43,79.03,713.38
2.47,61.16,269.97
7.86,6.07,187.83
19.64,12.53,386.17
48.76,22.34,833.41
7.05,63.97,347.34
10.2,46.49,337.08
26.21,31.68,546.16
34.95,77.97,799.58
47.05,76.76,998.63
6.8,117.13,512.25
18.93,55.86,504.59
36.76,104.51,907.66
29.13,28.51,573.53
32.59,43.6,683.72
45.46,96.16,1023.33
1.55,22.6,141.6
7.82,72.73,387.76
29.59,94.12,780.56
35.8,81.67,840.4
7.97,83.72,422.46
35.59,48.03,727.76
45.55,31.49,821.69
31.62,69.23,731.59
25.47,28.77,502.13
1.58,23.67,144.09
45.14,95.73,1030.9
27.32,92.9,736.82
33.29,12.49,587.58
11.47,31.03,315.77
34.49,85.61,817.35
45.33,98.48,1024.01
0.51,65.95,256.48
42.61,69.08,903.69
38.82,60.91,835.83
7.46,79.0,399.19
42.86,23.34,768.25
15.91,105.65,604.36
32.24,102.0,842.7
1.97,50.38,229.63
14.35,78.73,497.9
41.94,68.45,895.12
37.77,88.39,885.43
41.4,9.03,693.5
8.54,64.85,372.03
42.05,16.62,726.63
7.43,18.71,213.53
40.91,71.95,883.25
33.67,40.37,660.48
25.11,84.15,678.1
22.82,12.67,433.96
41.25,100.79,968.38
9.46,14.13,235.58
25.66,84.02,694.08
46.58,19.85,810.86
35.49,79.01,809.65
13.07,76.55,473.78
31.31,56.88,690.64
42.74,80.36,941.01
33.36,33.81,652.56
23.65,82.33,648.05
36.46,83.52,854.57
7.78,22.58,228.28
7.11,15.08,201.99
44.93,27.03,800.5
4.61,20.89,177.81
26.51,85.43,691.39
29.19,76.64,720.47
14.7,81.73,512.88
46.54,63.65,930.89
7.95,81.87,414.1
38.98,103.27,954.37
28.89,16.14,525.74
30.41,52.25,657.43
20.91,80.28,599.8
32.2,94.87,815.01
31.08,73.6,740.56
32.48,83.66,790.53
32.34,99.74,843.01
13.87,18.25,311.86
3.55,16.31,155.64
31.96,69.92,731.45
10.74,104.56,527.7
35.85,45.85,721.72
21.39,98.58,663.34
4.5,56.86,288.7
1.41,109.7,394.15
16.63,39.37,411.47
5.12,74.86,348.65
17.14,44.06,433.77
44.03,59.16,901.27
15.74,92.46,563.78
9.43,86.46,452.79
23.71,12.5,439.52
30.25,84.51,751.75
36.93,28.04,680.82
46.1,78.71,972.61
41.17,70.42,881.76
38.59,13.24,679.13
24.99,101.06,734.61
47.01,30.64,841.15
4.91,31.19,217.15
0.72,59.06,236.89
12.43,90.1,506.09
40.47,5.46,682.49
19.28,63.0,533.92
25.64,45.01,573.49
47.21,5.78,789.24
44.31,114.14,1052.79
3.0,32.03,190.11
32.14,29.93,621.93
1.27,76.21,296.26
17.7,102.28,622.32
47.66,104.68,1088.1
5.28,45.95,263.63
39.97,39.61,760.38
19.27,14.86,379.68
43.52,96.81,993.76
15.46,5.52,303.7
5.4,86.46,390.33
27.56,76.26,698.3
38.26,82.4,880.59
1.01,119.62,423.22
22.91,31.93,500.53
24.11,89.35,684.2
10.93,103.71,522.6
29.41,101.33,781.22
35.03,46.74,709.85
47.66,90.16,1022.53
28.05,73.5,689.4
48.45,90.53,1039.38
29.22,18.72,539.65
34.93,14.11,618.19
43.71,102.1,1012.43
37.62,111.82,942.43
2.56,108.41,407.65
4.07,65.91,311.79
4.91,102.9,426.94
34.74,11.72,613.9
46.63,77.33,977.59
34.22,105.82,896.69
29.1,84.93,738.35
44.18,95.84,1009.6
1.23,30.37,158.41
4.46,91.54,397.79
41.33,114.61,1007.19
23.35,82.17,637.78
34.5,51.49,715.68
28.84,27.84,574.43
42.79,22.43,780.18
19.98,24.98,433.92
45.74,100.55,1046.79
32.5,94.09,828.53
2.86,7.8,118.55
42.68,37.42,796.91
2.6,115.58,426.87
5.6,116.34,484.3
3.09,56.46,266.06
47.66,79.34,1022.6
9.72,90.78,470.65
14.15,37.39,373.31
3.17,6.82,118.08
38.46,8.09,652.57
24.01,47.1,546.94
18.1,103.85,632.58
47.87,78.46,987.43
12.94,117.97,594.6
30.16,68.96,716.12
31.02,19.08,565.74
16.31,67.72,500.82
11.04,107.6,532.02
3.51,94.87,386.13
41.5,14.2,729.84
45.46,10.55,767.93
17.7,18.73,364.5
29.97,82.64,739.39
48.24,23.73,848.6
28.47,95.6,766.83
17.81,8.98,343.19
43.83,115.16,1050.04
20.43,80.48,594.87
31.22,103.46,813.56
21.63,85.38,625.58
11.36,104.48,527.62
6.37,93.55,432.33
43.91,66.04,918.24
4.25,112.08,449.39
26.89,46.22,591.74
45.63,63.73,932.25
3.76,42.43,231.94
33.7,75.54,788.37
9.2,82.55,444.3
47.57,9.73,781.74
7.83,35.41,271.16
1.76,78.92,313.39
16.04,117.26,658.06
31.15,107.05,847.3
0.79,82.84,307.87
37.53,36.04,721.07
18.78,26.27,411.01
8.19,28.76,264.69
26.76,103.84,779.1
0.58,35.7,164.83
40.73,72.14,868.29
28.01,111.38,809.66
7.14,50.97,309.95
41.2,22.29,731.81
46.47,25.92,815.38
47.8,82.28,1010.1
26.47,52.8,605.32
39.65,69.31,850.86
25.62,103.12,749.12
34.4,113.81,892.92
14.14,34.18,366.05
39.35,75.78,874.36
44.72,21.9,791.08
43.82,79.26,961.0
41.38,34.61,770.06
24.56,34.82,524.23
28.83,51.0,632.0
11.02,26.79,299.6
28.6,67.79,662.22
16.03,23.56,362.89
33.49,100.35,855.54
26.3,63.09,623.67
18.94,82.26,588.68
11.61,117.73,572.73
18.53,30.72,422.22
4.76,79.16,358.06
33.64,23.54,619.8
44.27,26.27,798.44
5.22,17.07,179.84
6.72,46.12,290.46
15.26,76.08,517.25
22.6,45.55,517.57
25.83,48.73,576.14
16.32,41.92,417.77
14.66,116.81,616.34
10.61,56.13,381.26
8.79,98.46,478.56
32.48,99.45,837.14
26.66,34.34,558.44
10.99,31.97,313.24
25.34,100.86,742.73
3.44,9.17,128.69
33.44,51.49,714.83
22.21,7.59,403.76
17.9,20.72,380.79
11.28,109.36,533.66
19.66,80.14,599.8
9.53,13.54,232.12
47.88,10.91,799.56
0.63,38.2,175.21
29.45,57.92,668.65
1.24,45.02,202.85
46.59,28.98,850.88
47.7,13.53,801.22
7.03,81.08,402.9
31.95,112.43,874.53
46.12,57.47,907.12
21.14,47.38,509.45
46.16,56.69,914.11
44.17,58.19,889.99
43.54,8.94,721.76
14.54,113.82,605.47
16.73,34.95,399.64
19.91,102.95,665.54
12.67,25.81,314.23
40.45,19.7,720.34
27.05,57.97,637.57
27.0,19.4,518.13
34.63,86.5,834.27
43.24,85.74,943.99
20.82,58.27,533.3
14.0,38.78,372.84
38.49,34.59,736.0
20.62,36.69,467.54
48.94,74.09,1018.31
1.32,98.74,362.0
13.79,61.61,445.44
33.49,108.46,874.71
35.01,41.55,697.39
11.74,84.06,478.52
32.21,49.24,676.04
6.72,44.4,280.62
24.68,43.96,550.75
45.05,12.39,772.16
30.64,65.01,711.16
6.21,74.94,371.04
43.67,7.36,728.11
49.24,70.03,994.73
7.14,7.61,183.29
11.21,6.92,235.02
47.71,77.75,1007.05
38.3,54.88,796.12
23.65,119.95,758.71
29.83,102.19,799.33
12.41,94.17,509.88
37.98,73.16,832.37
43.96,111.06,1056.6
33.37,47.89,706.86
42.61,82.35,944.62
10.24,53.66,361.88
34.16,37.38,689.98
8.36,8.27,199.99
1.58,36.24,181.77
25.91,90.58,717.02
12.49,6.81,263.96
6.92,117.91,506.47
16.39,107.5,621.28
4.39,24.71,190.91
28.38,111.13,818.22
24.43,58.69,603.39
16.5,81.87,537.92
35.33,29.32,678.29
48.08,112.97,1117.33
10.65,71.39,414.9
17.44,116.66,658.72
2.31,103.04,402.48
37.09,57.48,766.78
49.37,104.78,1112.08
24.03,46.52,543.99
17.91,23.72,398.73
40.02,38.21,757.18
38.8,68.68,844.9
30.34,114.81,843.67
14.78,116.91,611.47
43.81,23.16,793.42
23.37,19.43,456.67
49.02,5.94,804.06
46.64,79.08,982.15
12.58,24.91,316.82
26.79,35.66,567.32
20.81,79.18,598.2
32.14,46.84,671.48
43.82,96.58,987.33
18.89,104.73,638.76
43.27,61.77,881.94
21.97,32.02,477.01
10.76,34.82,320.74
19.43,66.45,537.74
37.06,110.37,942.54
20.09,47.07,499.17
5.08,49.54,274.56
1.95,64.55,275.24
34.68,73.62,782.72
12.47,12.66,276.73
15.16,101.8,575.61
31.0,10.75,545.9
28.89,112.74,817.76
5.61,100.53,427.41
32.33,95.28,829.19
18.26,110.76,648.33
27.57,93.03,743.96
29.54,72.17,709.35
18.6,10.04,357.45
34.22,26.06,647.62
22.29,85.7,629.58
42.32,24.46,751.82
25.21,14.11,467.7
37.19,19.71,658.2
44.79,20.74,787.55
34.57,38.37,689.22
21.66,65.19,558.27
34.14,39.07,675.63
1.58,102.36,386.72
14.44,103.93,575.07
32.69,119.07,911.05
15.72,56.8,451.97
30.08,58.81,678.47
15.72,7.15,305.26
35.91,34.81,688.75
48.94,26.17,860.2
49.97,97.43,1100.73
30.4,100.52,810.05
19.65,49.33,486.82
31.8,62.98,711.88
26.73,116.04,807.26
4.98,35.88,231.3
16.56,103.48,612.53
7.93,32.24,268.33
18.26,6.21,345.54
19.39,87.28,598.97
17.76,85.74,583.11
47.47,96.17,1041.16
17.17,88.27,573.81
43.56,65.89,899.24
21.22,94.37,650.91
23.32,100.49,693.66
11.11,45.21,354.24
27.13,83.0,703.7
1.11,17.98,120.23
37.72,11.37,659.86
49.63,82.93,1059.98
35.11,15.31,620.29
15.97,58.55,468.77
35.53,38.86,694.49
6.57,85.12,407.08
46.12,109.61,1068.97
14.72,57.29,439.9
3.0,52.23,251.88
11.26,98.06,515.78
20.17,12.33,393.8
11.44,42.55,347.45
13.94,108.28,578.07
46.4,119.97,1097.1
29.88,112.5,830.11
34.35,95.86,857.73
37.28,65.94,817.71
34.61,96.19,858.26
10.77,116.14,556.98
30.16,78.58,749.95
40.16,85.59,906.13
21.35,26.69,455.25
26.03,51.18,600.11
42.94,24.35,779.8
45.81,30.36,828.11
35.28,66.67,793.3
32.79,91.48,811.75
43.43,101.15,994.01
34.21,40.11,684.74
20.95,84.36,620.96
23.17,45.33,542.77
41.97,16.45,728.96
3.71,44.13,238.02
41.29,44.98,799.7
24.05,71.05,620.56
30.15,86.37,757.11
4.9,38.31,242.16
17.55,62.18,500.0
25.06,111.58,761.45
8.75,108.6,507.57
19.99,67.65,546.19
17.49,33.52,421.0
25.92,101.33,743.23
17.47,6.46,336.7
10.78,26.48,293.35
16.15,96.21,581.81
16.82,115.88,647.4
7.89,31.02,258.06
5.75,17.59,191.39
4.51,30.45,210.19
16.39,112.73,628.39
18.8,87.25,595.07
48.92,89.91,1058.31
0.67,60.47,240.37
17.58,113.83,651.89
46.21,80.05,967.79
6.51,99.86,453.88
30.64,102.55,830.5
6.62,66.49,342.12
26.64,62.61,646.17
38.07,21.78,693.4
16.33,5.45,309.27
11.17,17.13,267.85
49.69,75.46,1025.81
16.48,63.05,486.89
37.8,61.78,805.34
26.87,118.15,814.84
43.73,56.66,895.78
23.94,86.67,661.26
22.06,97.51,676.38
15.84,90.36,557.3
5.04,54.89,290.0
16.24,58.93,473.65
23.87,103.61,719.14
42.61,107.06,992.16
39.42,42.11,770.08
44.84,17.06,772.14
30.55,17.79,572.94
48.58,87.16,1046.41
22.92,26.4,471.44
21.82,41.72,501.57
6.09,93.3,425.47
49.42,108.81,1112.53
49.39,28.32,870.99
15.43,76.63,507.01
37.19,73.23,815.21
40.6,94.18,936.6
13.22,26.0,327.89
6.57,102.78,456.72
46.62,115.11,1095.09
29.25,81.72,734.76
25.3,76.07,668.95
9.72,73.66,417.47
28.95,46.12,618.39
4.97,68.27,323.34
21.69,12.01,408.88
4.72,21.6,182.36
12.14,77.51,466.63
30.04,43.9,631.36
9.88,107.21,523.16
35.26,91.12,855.54
42.47,31.18,784.13
30.98,82.71,748.55
40.38,79.07,896.94
31.15,96.72,797.41
45.92,104.51,1051.14
12.81,42.82,375.79
23.57,82.73,648.72
2.3,29.34,171.29
48.57,47.17,925.6
10.12,27.35,282.46
29.29,106.56,800.6
46.71,73.99,976.09
17.17,66.4,518.22
8.69,42.12,308.14
8.57,90.9,449.38
3.79,80.87,348.27
38.72,72.38,849.85
34.46,88.18,835.03
39.2,79.39,871.89
25.48,102.74,737.88
26.88,56.73,628.33
21.55,100.2,671.62
39.53,113.46,1003.74
20.68,20.57,429.3
4.98,10.34,154.05
5.17,94.06,418.17
27.95,27.29,548.13
40.81,29.63,754.3
43.53,104.61,1004.89
22.2,83.83,631.29
20.05,77.84,587.65
42.05,43.64,807.02
46.66,108.04,1075.71
46.15,116.35,1086.79
29.27,25.67,568.86
1.51,21.49,137.79
38.11,51.68,781.98
1.83,41.54,197.83
25.32,75.41,651.68
6.34,109.41,478.65
23.98,89.1,678.28
44.81,74.12,958.99
8.76,85.78,430.64
2.35,57.03,250.59
24.4,25.21,496.83
4.37,55.96,285.24
13.74,49.36,402.7
5.54,10.36,162.66
28.15,54.48,638.38
5.17,54.32,292.24
13.51,85.34,506.54
34.39,27.21,655.24
5.47,75.21,358.38
8.89,32.69,285.07
33.4,67.4,763.67
39.3,79.57,876.29
1.01,5.81,82.45
5.76,54.94,299.89
39.5,26.85,725.43
11.79,33.06,326.07
34.19,94.25,828.33
1.57,21.73,139.87
47.25,38.48,880.69
11.66,70.98,438.72
24.17,86.66,669.99
8.35,58.46,349.26
28.12,83.73,707.7
43.41,31.79,788.87
17.04,48.69,450.85
22.35,111.59,707.57
18.37,91.32,594.55
10.26,91.92,480.83
20.87,12.2,401.75
5.65,87.21,395.55
43.64,66.65,896.01
17.17,31.56,394.01
47.97,6.56,793.27
47.29,29.3,833.7
40.97,85.39,925.35
12.1,69.97,440.83
40.78,96.19,952.13
19.45,9.41,369.61
23.8,17.17,452.7
14.7,48.45,409.53
34.44,113.64,913.83
5.95,37.29,246.06
43.29,35.06,809.31
44.2,100.75,1005.73
12.0,110.22,569.9
4.89,100.57,420.73
19.07,66.45,536.28
9.03,19.69,245.62
38.71,115.59,961.02
7.84,5.98,187.02
4.68,98.3,418.16
12.85,96.23,537.4
42.08,5.51,692.06
26.4,44.32,578.61
19.42,21.99,412.24
14.52,119.31,623.0
31.09,119.76,882.66
34.61,43.97,695.9
6.21,17.32,194.25
6.14,64.33,336.4
34.46,16.0,616.52
47.38,5.66,780.11
26.48,119.95,811.66
31.45,100.52,827.3
1.16,97.95,357.26
20.93,34.66,469.46
25.51,50.9,587.78
29.75,67.71,709.46
39.1,24.55,706.45
41.04,109.9,1003.35
11.27,78.34,459.17
31.73,48.14,669.26
46.08,94.85,1015.81
18.04,27.55,409.68
34.42,106.56,883.82
15.92,61.86,478.35
21.29,54.26,528.18
40.83,88.94,908.04
34.57,113.38,903.94
21.52,9.48,405.04
13.36,103.42,563.11
28.3,25.37,555.02
42.21,105.6,993.17
9.63,108.73,521.85
24.08,34.0,513.18
3.46,81.47,350.09
25.24,80.58,661.99
3.13,27.63,179.49
28.48,57.56,655.83
45.59,27.94,812.09
6.15,62.6,332.98
33.46,99.21,875.44
46.84,10.49,787.11
16.29,55.39,457.09
43.81,41.39,833.45
9.66,73.02,412.27
43.16,95.78,976.22
14.41,53.27,437.94
15.37,66.42,481.36
38.78,83.89,886.36
5.26,69.62,338.21
49.23,12.06,818.89
29.5,103.06,799.84
12.48,28.49,315.69
41.39,20.41,735.37
45.77,98.24,1062.53
4.5,96.98,406.61
4.28,79.05,350.76
18.32,52.7,478.2
29.08,21.14,547.9
32.82,11.09,574.3
33.09,116.89,894.1
11.13,115.44,567.38
22.47,45.53,519.46
9.36,42.06,318.63
45.71,72.78,961.04
47.52,84.4,1025.44
6.7,28.24,232.93
41.42,106.16,996.64
21.01,48.97,521.62
8.31,67.05,375.36
38.97,73.76,868.25
49.78,83.51,1031.35
25.4,103.37,722.38
28.1,41.84,587.83
4.04,48.36,255.44
42.81,25.95,783.52
11.49,79.1,462.25
22.48,106.57,713.41
33.94,101.0,862.69
29.62,81.69,746.14
48.63,97.69,1071.72
43.5,9.18,726.48
31.7,113.68,876.27
15.92,78.61,519.64
46.86,47.43,894.18
19.9,92.88,629.89
18.36,42.7,453.1
32.73,59.97,729.84
19.03,51.99,492.57
25.86,12.62,473.06
31.61,29.11,612.68
35.0,65.0,767.24
4.73,38.6,238.34
42.27,85.68,934.85
21.95,95.97,658.35
3.79,76.77,336.29
46.76,95.38,1038.91
9.42,36.54,306.16
14.46,81.48,511.41
44.94,115.54,1065.11
24.18,33.72,510.63
41.29,104.96,989.22
15.91,26.09,367.84
49.1,56.43,947.29
13.55,100.17,551.59
13.4,47.91,395.5
11.22,106.53,540.77
37.2,6.4,623.61
14.31,63.73,458.61
7.16,24.16,228.65
29.63,7.7,517.62
32.75,34.07,644.87
47.75,43.45,895.44
6.8,115.65,493.63
25.5,74.03,644.26
8.93,116.03,531.55
16.21,11.71,322.91
35.47,48.46,727.65
46.7,55.09,923.87
43.25,68.68,908.83
40.28,33.5,751.56
17.03,44.77,440.16
43.75,59.46,882.84
16.04,113.04,640.36
31.42,78.72,747.15
41.83,89.92,946.85
19.4,112.75,677.14
13.42,47.39,393.06
41.1,95.58,969.98
11.8,107.42,546.02
3.54,50.86,255.8
40.78,24.11,744.19
12.97,50.88,396.57
12.57,37.64,358.2
33.38,53.35,718.61
32.34,87.1,801.45
2.44,49.76,238.31
34.55,24.73,643.16
42.28,51.12,829.45
43.59,99.85,1009.1
5.6,19.57,193.25
36.4,108.67,920.24
42.32,66.29,871.8
46.26,84.0,1001.74
40.22,94.25,932.45
38.19,72.11,833.71
6.68,53.69,313.73
7.31,75.51,382.96
1.89,84.46,330.77
48.91,36.09,891.81
0.74,104.39,373.16
6.1,90.38,413.6
39.37,48.21,783.32
30.73,52.77,671.24
17.02,66.82,500.65
27.26,65.66,651.16
40.62,79.82,909.98
6.27,25.88,219.25
29.52,69.04,715.43
8.14,97.14,465.83
43.83,64.92,910.81
32.69,54.96,709.12
34.32,112.04,909.02
49.87,92.73,1069.39
15.88,19.04,341.84
23.35,43.72,532.03
24.05,41.21,533.24
5.69,79.26,377.5
39.03,53.84,788.29
10.45,73.66,436.87
35.21,33.66,684.14
45.9,24.84,816.52
8.78,104.96,492.71
25.01,92.37,704.99
10.36,109.7,535.9
39.0,22.11,708.53
12.78,94.05,517.05
14.86,76.55,501.41
2.53,22.05,154.47
44.44,29.43,803.39
30.11,46.42,635.2
36.81,75.42,831.42
10.75,61.71,390.07
47.95,15.89,827.33
6.74,103.51,459.05
19.65,24.36,416.25
25.47,89.37,694.5
34.66,116.03,927.62
0.87,79.33,293.54
10.86,19.26,270.65
46.09,8.5,755.83
7.79,45.55,303.05
16.15,58.1,476.7
7.03,24.63,221.48
16.55,14.29,343.29
46.55,20.49,799.54
22.23,39.17,487.34
29.09,9.91,511.56
41.54,8.8,708.53
6.21,83.4,394.52
10.91,27.85,296.82
44.69,86.0,974.01
28.65,99.14,779.68
15.86,106.26,613.71
17.82,24.91,388.78
10.95,102.47,522.28
21.16,61.19,547.83
11.29,110.35,567.67
34.12,79.87,805.31
6.49,44.04,282.06
18.99,82.3,584.6
20.29,105.77,683.63
27.97,99.74,767.74
14.89,47.78,419.78
4.6,45.3,251.19
9.31,41.45,314.1
5.48,61.71,321.01
14.37,103.98,587.77
5.93,5.18,155.12
39.54,93.14,916.35
16.55,105.61,619.43
33.09,115.88,898.38
31.69,23.99,595.65
36.11,21.15,646.7
10.14,13.87,242.53
28.15,49.67,617.7
5.14,23.22,194.59
36.58,15.96,646.97
9.91,105.74,517.31
8.05,13.91,212.52
4.26,112.56,445.38
19.51,85.52,606.44
31.02,45.92,646.06
22.89,102.84,710.95
6.35,54.73,309.64
48.87,103.77,1099.73
49.27,112.48,1130.57
36.87,113.41,949.06
48.86,113.56,1135.49
25.76,69.89,645.76
41.29,100.46,974.66
21.63,66.01,574.76
13.01,58.3,425.78
13.04,28.82,327.38
21.17,24.76,432.56
7.34,85.55,423.11
36.19,107.4,906.43
33.32,117.27,907.98
42.69,54.9,850.9
20.83,106.02,671.31
49.46,57.3,954.34
12.09,21.08,293.73
17.65,90.94,582.72
26.51,17.53,507.24
39.06,94.89,907.63
29.44,42.11,613.51
35.35,86.95,840.89
13.23,52.19,404.08
9.14,82.56,425.88
33.39,14.6,602.47
42.97,57.24,853.52
48.62,56.9,957.25
9.7,23.29,267.81
15.74,14.47,327.04
22.63,29.65,477.41
16.1,56.56,464.35
1.92,66.06,273.69
44.02,88.36,978.53
43.82,84.63,964.41
27.51,95.04,762.9
28.85,54.78,645.36
19.65,115.11,694.4
12.03,19.69,281.76
27.62,8.68,484.61
10.71,97.3,505.98
28.66,7.45,501.1
48.92,41.46,914.85
43.96,83.78,958.49
1.01,5.41,81.82
41.83,30.85,764.86
4.4,54.09,278.39
36.78,86.48,867.84
42.78,118.18,1046.57
17.01,95.64,594.33
35.28,95.13,870.66
9.67,30.24,280.94
18.78,86.71,585.52
40.06,110.03,969.06
42.08,26.25,773.9
35.75,50.64,735.35
21.32,71.39,580.95
32.41,63.91,729.45
2.38,11.85,120.58
38.16,41.2,737.44
38.29,62.25,816.34
36.25,9.14,616.96
36.88,81.89,861.25
8.0,72.59,382.33
9.05,17.98,238.98
6.62,106.58,467.94
45.01,89.42,987.41
27.43,98.69,766.75
24.71,89.75,677.13
42.42,43.26,808.56
24.04,17.44,474.39
19.84,79.37,587.07
22.35,54.02,553.24
36.52,57.52,768.56
32.12,99.73,840.95
9.27,73.19,407.99
18.32,16.42,373.96
27.26,64.52,658.9
27.37,72.38,667.61
25.99,85.83,707.33
26.69,34.97,560.23
5.77,13.15,176.43
48.77,97.38,1069.34
46.71,96.33,1038.86
30.57,96.11,808.62
45.28,51.76,894.11
26.64,94.83,739.03
17.82,10.84,344.5
8.15,18.05,224.08
27.36,89.4,729.56
31.79,91.15,814.07
39.68,33.84,746.26
42.9,112.67,1015.34
23.03,49.43,546.99
9.82,72.37,412.71
38.64,81.98,864.04
32.65,62.53,725.64
23.75,28.33,484.69
30.28,64.01,688.78
7.55,106.28,479.04
46.99,99.18,1057.42
23.63,10.14,435.29
18.99,25.59,407.05
23.74,112.45,751.2
49.63,66.52,989.48
43.83,32.38,791.0
3.6,99.06,405.0
34.42,9.08,593.97
39.47,26.94,724.13
22.31,39.7,498.5
29.64,90.47,777.38
21.22,62.37,555.22
27.45,41.28,586.71
44.23,68.29,897.5
5.88,89.06,395.29
34.72,24.18,645.94
39.37,87.38,906.13
10.04,82.91,447.77
18.71,91.9,617.34
30.96,114.71,856.39
28.17,39.71,587.13
6.29,64.52,337.5
48.8,33.12,876.03
2.07,23.85,154.52
31.27,31.34,610.75
11.67,94.57,513.85
8.36,114.57,522.66
26.08,90.0,707.15
7.33,28.96,245.95
13.62,101.59,557.43
37.51,40.24,743.35
41.27,53.76,823.86
37.16,70.45,824.47
7.56,47.26,306.66
24.83,22.56,497.03
12.9,60.37,420.16
7.26,18.12,216.21
26.54,77.26,674.38
20.45,72.41,559.76
1.69,102.22,380.54
47.64,65.94,977.24
1.14,20.92,129.46
14.24,14.66,308.71
27.17,37.91,564.18
32.55,42.43,650.84
45.58,112.0,1061.3
19.01,33.4,431.52
24.3,67.53,624.03
49.35,49.04,930.87
33.32,26.97,629.8
30.87,32.83,612.09
46.89,61.71,945.56
2.73,27.75,175.13
38.09,74.19,842.4
22.26,56.39,560.25
24.13,96.8,708.67
26.46,64.2,646.87
30.05,111.13,838.99
43.89,93.54,1011.44
25.58,5.71,447.4
33.31,110.29,869.19
23.24,5.35,414.96
37.12,81.88,845.28
19.9,36.36,466.41
45.85,47.41,864.76
33.21,117.9,921.83
29.21,51.85,641.03
45.28,24.35,803.01
27.24,48.66,603.65
31.81,47.67,678.02
26.95,35.69,553.13
34.23,74.94,803.73
7.12,26.91,237.43
14.01,14.46,303.12
34.07,87.33,813.39
31.6,48.67,674.78
1.01,116.27,410.01
15.82,108.28,617.0
13.12,15.62,295.1
27.36,68.75,672.27
34.55,109.74,892.64
32.36,82.2,787.08
41.17,109.77,999.69
46.45,71.94,956.81
28.61,101.58,791.38
5.33,39.16,250.06
29.37,85.23,750.42
43.84,102.95,1010.95
27.1,44.08,591.6
2.37,62.63,275.32
41.24,70.46,884.82
13.03,6.31,260.83
3.96,48.68,259.52
27.3,94.56,741.57
7.92,45.29,303.6
48.06,111.11,1104.37
33.37,29.54,633.75
20.08,29.51,433.32
36.37,71.13,807.0
17.31,61.89,496.97
23.88,117.89,749.86
14.62,71.4,491.67
27.56,63.43,653.73
11.79,22.93,297.68
45.53,119.75,1109.28
21.31,104.11,686.32
17.66,7.21,338.05
21.17,113.79,708.38
23.79,88.0,673.71
16.62,82.85,537.99
11.78,46.16,359.98
14.32,48.74,415.02
31.27,43.31,646.62
35.15,98.35,871.87
41.44,68.2,864.93
32.97,71.32,756.18
21.78,75.69,604.22
41.68,119.28,1038.13
46.46,50.91,919.96
32.08,31.25,619.33
47.42,100.21,1057.0
8.43,103.26,489.52
28.28,12.07,508.41
8.86,65.62,384.0
23.77,97.4,713.32
18.02,17.6,372.09
2.65,41.87,214.0
23.39,90.82,670.24
27.86,74.95,692.31
40.8,44.54,800.86
31.21,93.35,794.16
13.12,48.35,394.18
12.88,67.1,442.65
20.66,88.57,627.91
35.33,32.46,678.8
31.5,42.62,650.85
25.99,43.86,578.44
7.13,52.49,314.78
31.88,58.48,699.78
43.79,117.5,1064.18
18.31,18.1,372.78
3.25,19.43,156.96
12.27,118.61,587.75
16.31,21.53,364.09
24.51,109.32,744.39
6.66,16.08,197.8
17.84,23.16,387.39
10.56,5.7,222.88
34.96,42.78,706.26
46.3,25.44,823.3
33.79,13.62,583.35
10.56,94.13,484.87
45.71,34.68,833.37
34.5,11.49,598.24
3.66,25.02,177.03
49.37,50.45,944.74
23.77,12.52,448.36
17.04,88.48,574.93
11.77,96.78,505.16
36.15,75.67,826.9
26.85,29.27,539.35
22.55,28.14,478.08
46.6,68.78,959.3
18.62,8.65,355.14
11.85,90.85,499.13
23.06,57.07,565.78
23.26,30.23,492.04
30.39,41.93,627.74
10.26,105.93,522.96
30.71,103.54,812.61
3.31,40.39,220.98
21.18,41.44,494.39
7.89,26.52,246.14
11.38,41.7,348.49
37.94,53.34,779.22
14.27,57.69,435.01
44.22,27.64,799.71
38.78,36.54,740.14
5.76,112.4,471.83
16.92,18.34,355.3
5.49,37.47,245.52
27.05,109.55,783.71
6.86,32.43,249.19
45.92,38.81,846.02
29.98,110.29,858.67
27.85,37.23,581.32
21.21,102.46,665.64
6.24,58.31,312.76
4.62,35.73,229.81
12.26,21.56,301.08
27.77,108.27,793.87
49.24,33.52,899.66
38.46,37.62,736.85
16.42,36.69,397.25
23.79,98.89,701.38
15.99,20.11,355.42
43.55,106.88,1024.2
44.25,89.69,982.3
17.31,54.33,474.52
44.55,82.21,947.01
23.19,103.94,723.92
49.78,78.55,1017.99
19.39,88.36,606.15
17.91,83.45,569.89
23.47,66.61,601.4
16.03,77.99,527.43
28.63,50.69,633.06
8.59,35.8,280.8
42.61,109.55,1029.34
5.61,29.87,222.95
30.03,82.96,754.51
5.74,72.09,353.08
17.42,104.66,617.27
40.98,62.86,852.02
3.55,8.76,130.64
22.0,65.52,570.86
7.24,87.83,416.16
29.3,93.03,759.52
1.7,10.63,107.8
2.77,91.36,369.18
43.45,110.27,1030.14
23.21,62.17,592.72
23.96,64.14,600.22
24.87,48.15,571.77
45.4,100.74,1031.54
11.23,74.24,445.22
10.95,42.4,335.11
29.15,92.74,760.49
10.12,109.29,531.93
27.72,42.83,587.1
28.29,106.21,799.0
3.6,66.38,302.13
15.0,111.99,614.67
8.18,113.34,516.73
43.76,32.94,799.62
28.26,95.97,775.49
31.72,15.82,566.31
22.57,50.17,541.27
4.64,16.4,169.42
48.7,114.41,1139.38
9.94,103.38,504.33
22.86,37.8,503.71
25.67,79.5,676.36
31.47,75.86,735.69
46.26,79.59,976.1
24.6,71.24,630.97
28.04,68.27,678.4
30.84,30.56,603.55
0.82,70.57,272.7
23.58,116.79,756.34
24.97,103.16,732.93
17.99,8.25,340.73
26.3,50.85,602.52
22.95,16.63,453.91
22.41,116.67,730.65
42.15,64.8,863.77
0.6,67.04,261.12
37.98,9.4,652.79
9.37,72.29,409.29
11.73,41.57,348.46
2.56,54.02,249.73
17.44,104.0,617.38
15.49,52.75,448.01
45.19,82.58,960.43
42.0,26.52,763.32
15.1,107.97,605.46
33.42,58.79,735.63
43.02,97.02,979.48
36.69,62.22,786.2
46.24,29.24,830.63
12.64,88.0,500.94
4.21,60.71,299.62
40.73,106.43,993.34
1.68,29.51,165.51
37.48,66.01,820.57
33.64,53.29,717.02
48.71,32.8,890.2
11.99,48.76,371.57
34.72,43.88,703.07
38.62,90.43,894.6
31.24,93.0,802.71
2.97,90.11,361.88
3.01,93.72,376.68
26.16,48.61,588.05
29.32,40.07,607.66
8.89,31.25,276.08
44.38,51.54,860.88
23.05,78.56,631.5
45.98,61.58,944.63
47.56,43.97,909.2
43.1,54.6,859.27
27.94,42.85,607.82
21.03,65.41,552.5
41.79,87.69,952.28
22.85,89.52,672.36
30.38,97.28,820.87
2.78,22.12,157.97
29.05,118.86,844.1
31.55,24.68,598.68
49.77,91.83,1086.68
49.74,107.44,1124.8
25.16,19.92,483.6
28.61,15.77,522.9
40.54,83.46,920.09
43.98,26.38,796.08
11.78,95.07,513.78
14.6,98.78,577.13
18.8,99.97,633.14
6.6,27.25,226.69
15.42,59.02,446.28
12.14,114.44,577.07
24.66,55.28,584.81
40.29,61.88,836.15
22.26,38.94,492.5
21.31,18.81,426.81
10.06,95.78,490.86
13.69,73.57,476.71
6.54,67.77,352.16
35.53,28.23,664.85
28.13,61.07,659.02
41.8,53.5,857.4
18.88,8.9,363.9
25.01,61.73,610.23
25.8,20.46,495.48
7.63,112.7,499.59
15.23,80.62,515.26
32.28,109.96,875.88
19.18,32.61,433.46
44.62,60.62,908.42
47.0,56.91,923.72
1.47,8.73,99.28
43.82,108.63,1036.57
40.47,105.31,975.6
16.71,50.28,452.71
16.19,22.78,363.56
48.57,22.31,843.19
33.27,116.2,902.11
15.18,52.19,432.41
45.85,11.68,775.36
45.1,70.98,911.32
47.28,41.56,880.07
49.44,31.83,887.04
46.48,51.03,897.73
16.54,114.46,633.86
38.67,28.86,730.94
29.18,110.42,822.82
6.09,9.65,172.73
40.57,29.28,751.26
9.91,101.44,509.22
7.97,97.11,455.05
48.06,116.74,1103.11
7.48,33.26,262.29
31.27,55.13,667.6
39.78,100.6,927.99
1.19,110.6,394.1
49.8,19.09,849.16
16.39,109.32,628.78
12.45,51.85,392.12
3.06,57.24,270.28
21.68,6.49,398.44
6.98,32.84,250.51
43.38,11.9,736.9
38.91,56.32,799.78
21.7,83.24,640.26
11.74,60.98,407.32
5.09,74.42,350.92
48.2,54.36,934.89
12.12,60.78,419.73
22.37,34.02,481.81
43.03,40.36,803.31
46.3,6.55,760.61
28.92,94.46,769.72
24.72,16.26,467.52
5.17,93.27,409.41
1.88,76.05,301.46
40.32,10.37,672.61
37.21,86.13,868.16
8.42,10.35,209.3
22.38,87.82,644.41
19.37,90.9,617.76
21.81,93.71,659.76
4.17,102.19,417.6
7.26,72.44,380.09
2.87,106.36,405.39
35.85,44.75,738.34
31.08,78.57,747.94
8.17,96.22,467.68
46.46,16.88,796.04
18.12,66.06,517.89
2.93,83.35,341.9
25.07,8.6,448.35
17.46,7.1,327.68
14.74,14.33,316.45
6.85,85.55,408.56
13.55,62.22,437.15
38.25,7.12,627.55
16.79,44.13,436.91
15.89,80.1,530.51
49.76,23.89,875.2
0.66,73.16,277.77
24.16,87.88,686.89
35.66,68.25,812.36
49.31,85.27,1042.0
47.92,56.57,950.82
17.63,113.02,643.82
28.04,102.69,768.11
16.84,100.39,601.67
22.82,35.28,496.36
24.48,6.43,435.39
40.93,37.21,786.15
27.74,118.4,827.47
43.92,22.71,774.3
12.56,19.72,298.17
46.44,50.61,881.95
49.4,50.91,948.08
30.28,49.49,653.25
26.51,67.53,648.85
26.55,94.61,725.6
0.8,98.6,361.13
38.73,103.86,933.18
47.62,108.5,1104.89
35.25,64.56,778.75
38.55,57.09,804.04
24.75,64.13,618.19
32.24,43.3,669.57
15.9,84.28,542.03
2.47,19.74,149.13
20.78,73.62,590.64
43.85,22.78,784.37
4.01,28.14,194.57
25.89,76.01,660.46
30.09,44.49,638.53
16.16,12.23,329.91
23.11,91.14,667.97
40.97,96.24,953.67
48.18,28.26,850.72
27.42,52.1,611.2
49.43,94.62,1096.92
38.76,47.2,774.0
42.94,94.95,994.45
33.67,32.73,659.31
31.39,100.66,824.26
26.92,101.93,768.02
23.91,81.65,655.33
3.34,55.35,265.12
27.3,67.18,657.62
40.07,59.63,828.6
23.22,93.6,682.04
33.03,24.18,613.0
7.89,17.03,219.52
5.2,21.83,194.13
33.94,108.03,889.21
35.04,75.02,807.49
30.24,17.38,561.62
3.97,23.96,182.19
27.56,49.34,625.66
41.23,90.35,926.74
7.49,6.1,181.01
49.16,31.6,898.78
12.69,98.61,530.02
29.83,83.75,752.27
3.12,41.91,220.88
21.81,15.94,416.69
7.2,37.83,273.46
29.22,30.91,592.24
30.76,92.87,787.63
34.75,60.7,740.34
46.64,108.72,1077.31
40.91,22.14,721.63
29.48,37.64,609.99
40.14,24.8,721.37
29.92,72.62,710.56
27.69,21.71,534.58
46.94,60.25,934.23
13.49,119.16,613.16
15.09,109.64,602.55
6.39,41.37,267.98
19.89,50.27,500.45
25.81,5.42,448.65
12.48,28.72,329.02
38.86,37.93,759.35
31.4,107.64,835.77
48.5,87.77,1032.88
22.31,26.5,465.37
19.29,21.26,403.41
5.97,64.89,339.22
16.81,62.66,494.32
0.9,21.13,125.86
28.78,79.55,721.13
10.48,21.96,272.27
1.5,61.55,258.58
43.36,66.42,912.88
0.94,103.29,369.02
10.09,64.66,396.74
44.68,49.03,843.95
37.05,16.38,653.58
36.15,95.32,886.74
19.82,60.61,535.38
10.99,84.61,470.0
37.47,26.21,680.89
13.91,55.49,419.36
9.3,22.89,261.08
13.51,51.53,406.15
17.18,54.78,477.88
1.43,23.37,142.66
46.4,87.16,1008.33
24.5,35.78,526.11
42.93,60.72,875.73
42.75,90.96,962.62
23.44,6.67,410.82
16.41,9.46,325.22
20.5,16.46,410.74
2.51,34.46,193.97
17.93,60.34,491.86
34.16,10.03,581.72
39.21,42.14,766.17
8.91,95.78,470.01
9.62,59.39,378.24
22.37,21.92,456.39
25.4,19.88,488.24
44.28,90.56,969.11
5.29,89.89,400.28
31.55,99.26,813.99
22.9,40.89,518.59
43.34,36.47,834.12
31.46,78.05,753.83
32.46,45.87,669.76
26.61,76.54,678.83
37.35,21.94,665.73
20.49,59.6,541.84
6.88,32.6,252.25
6.22,85.15,394.15
43.81,59.66,895.87
32.86,17.18,602.02
40.93,72.4,878.26
36.39,78.88,820.09
8.05,74.1,401.56
39.33,42.84,769.39
20.74,73.35,584.27
1.23,118.97,430.88
1.91,104.85,392.79
38.87,59.83,813.74
21.17,21.88,442.5
25.16,30.75,516.43
24.61,105.41,731.81
24.72,74.44,647.35
26.84,80.97,689.5
12.48,55.86,411.51
5.85,90.95,418.05
41.5,39.28,793.55
49.35,63.0,955.9
9.31,69.18,392.62
6.67,102.01,453.37
2.26,106.71,407.78
40.31,77.99,888.74
46.74,17.28,797.46
25.74,97.39,720.48
44.65,65.61,931.56
43.51,75.34,934.66
44.04,40.27,828.89
11.21,117.56,571.49
13.06,16.65,295.83
0.88,40.9,183.09
29.0,11.48,522.09
48.54,44.95,913.25
23.58,15.3,451.65
4.7,64.07,309.64
7.2,69.25,363.67
15.41,97.68,574.15
31.38,47.12,666.5
48.6,89.16,1037.25
15.41,69.1,494.94
4.52,53.18,281.89
28.8,49.85,632.88
1.88,86.47,339.46
10.31,63.06,395.47
23.29,92.49,686.56
4.6,11.17,152.53
13.7,59.55,431.08
37.19,100.61,921.71
25.38,115.18,772.59
49.88,24.18,863.78
45.61,110.82,1061.73
25.71,12.96,475.2
16.91,6.99,324.88
49.12,95.0,1069.85
20.1,43.8,482.12
35.04,80.45,799.5
31.61,107.13,835.11
18.37,82.32,574.27
26.5,71.57,655.19
22.79,8.9,414.32
21.92,61.46,555.85
44.83,72.08,938.63
30.08,12.56,538.93
38.24,101.45,920.18
27.28,72.76,667.01
48.78,117.22,1143.93
31.43,48.56,665.16
30.38,95.75,795.47
0.7,54.65,226.27
46.22,24.92,812.76
9.4,115.62,532.85
4.26,115.9,461.73
21.88,113.35,730.04
14.31,12.77,304.68
39.42,24.35,711.55
28.98,91.61,761.05
1.45,49.67,223.68
13.27,98.87,547.8
32.57,44.88,680.36
36.34,78.26,821.1
22.48,7.54,417.66
12.39,28.37,325.01
43.28,25.68,780.35
16.3,55.73,455.91
26.74,112.07,785.58
42.76,108.21,1011.68
11.21,110.68,549.31
17.27,32.52,408.27
21.85,59.37,565.76
31.08,16.38,569.18
31.79,27.16,622.94
22.1,53.04,545.77
21.55,32.02,469.0
25.51,26.23,518.56
24.04,55.28,568.71
12.68,96.41,518.1
10.16,67.02,408.2
34.71,85.31,818.7
44.32,94.79,989.06
43.44,99.73,984.58
46.1,101.44,1041.89
14.98,48.58,416.99
14.97,95.26,555.03
9.4,30.07,282.98
16.05,83.51,535.36
2.58,60.21,264.23
22.36,83.61,640.36
36.03,76.58,813.05
18.22,11.75,357.78
16.4,6.14,315.27
15.87,97.07,585.34
48.09,30.44,864.42
27.96,91.84,734.45
48.87,82.55,1038.05
1.0,64.37,259.45
3.72,44.18,236.49
16.02,107.52,613.73
37.44,114.77,957.49
9.96,99.29,503.26
21.63,80.01,620.85
12.25,65.98,426.84
42.12,111.19,1022.93
5.86,57.03,311.39
27.08,53.31,618.2
2.44,68.41,287.91
49.63,72.97,1018.04
38.58,116.44,973.31
48.22,67.99,975.82
38.68,68.41,820.59
45.78,119.87,1090.03
30.9,69.39,730.08
37.1,91.06,884.13
40.35,29.42,736.33
4.99,99.05,422.58
40.69,25.97,734.36
18.85,21.93,398.84
18.94,71.7,549.54
46.61,16.63,810.27
27.17,109.32,791.4
13.13,117.43,594.83
37.97,80.13,861.97
14.97,41.57,403.27
29.64,65.73,692.42
25.78,56.56,611.75
6.87,18.87,208.63
27.54,111.61,813.9
39.26,48.65,795.1
34.13,86.32,814.28
44.65,77.51,957.68
17.26,114.75,646.37
16.01,32.72,381.87
40.11,44.53,771.58
17.5,43.15,450.42
48.44,65.74,964.56
19.78,7.02,364.8
9.02,72.63,400.58
20.05,72.15,568.41
8.62,81.29,418.67
40.8,88.69,936.45
25.76,95.06,718.06
48.11,58.5,931.67
6.59,89.53,416.49
37.54,61.85,792.26
0.67,8.75,86.99
28.14,10.87,507.41
43.84,84.2,968.12
3.57,41.8,231.32
48.16,93.54,1033.64
12.98,16.21,293.85
7.69,101.19,473.15
31.81,107.31,850.18
28.41,65.18,682.45
3.21,112.49,427.11
48.41,27.06,868.43
19.95,89.3,616.43
11.43,20.19,282.26
25.25,66.24,631.17
7.3,65.97,358.75
24.29,107.98,726.8
46.34,112.06,1083.03
6.72,103.09,461.49
23.91,26.25,493.06
10.9,35.24,319.94
2.96,16.04,141.89
8.68,84.23,432.28
34.86,112.28,912.35
2.55,58.65,268.4
48.22,9.7,804.12
19.33,54.55,509.63
8.28,68.64,375.22
47.08,85.81,1021.75
6.73,58.97,327.56
28.86,6.57,502.82
32.9,117.9,895.69
15.87,44.42,427.66
26.24,76.05,675.7
10.71,87.34,479.61
33.13,5.84,554.05
29.03,113.4,837.7
15.52,62.95,471.03
27.12,40.23,584.07
47.28,40.05,881.9
46.29,77.13,966.35
35.67,40.31,707.79
21.61,21.28,440.61
30.9,57.72,677.59
31.72,104.72,845.38
33.46,68.63,744.87
35.04,56.34,741.18
11.93,12.1,265.57
29.91,29.2,587.12
0.53,68.14,261.79
46.01,95.62,1018.17
39.61,43.57,776.61
8.09,118.67,528.73
17.97,101.75,621.77
27.59,107.41,771.08
48.05,57.43,948.59
42.59,101.6,994.07
15.12,69.5,499.29
28.94,32.63,578.66
37.83,118.62,983.76
49.78,104.28,1113.12
35.01,26.16,656.09
5.84,70.79,346.71
47.46,33.88,877.84
12.96,104.92,556.11
10.2,69.99,413.01
16.64,61.28,483.32
23.53,25.24,485.65
7.74,54.64,328.52
28.49,17.94,524.15
10.22,103.57,520.91
24.69,84.22,677.93
21.95,19.9,447.8
13.02,85.94,498.08
7.11,31.65,249.29
31.64,86.18,789.25
11.01,63.09,404.95
2.34,27.46,168.53
41.1,59.95,844.69
35.86,90.57,854.46
29.59,91.43,761.96
21.79,38.65,480.03
32.68,81.22,780.69
32.27,44.41,672.71
45.3,42.3,861.01
18.29,29.44,414.59
4.15,109.73,446.1
31.11,23.36,589.71
15.53,43.81,411.81
33.67,36.12,662.77
24.26,11.86,451.49
45.3,27.68,827.54
47.91,109.17,1102.66
14.95,43.64,403.94
45.5,95.58,1009.23
23.43,102.09,706.66
29.8,10.58,537.46
44.13,117.35,1055.97
41.92,105.24,999.08
46.35,77.93,975.49
24.63,98.31,722.48
22.85,25.51,471.18
45.92,116.36,1113.17
44.09,7.68,733.55
8.54,23.97,248.85
23.43,49.97,543.77
44.0,34.69,811.06
6.14,101.46,447.05
18.36,51.47,481.48
35.74,82.37,838.63
31.83,91.84,798.39
11.41,17.51,274.45
40.49,73.46,884.41
48.31,77.15,1006.02
31.49,71.7,738.41
43.88,69.12,913.7
10.08,98.43,496.55
10.98,29.94,304.57
23.18,23.11,472.31
49.33,48.55,945.13
36.42,62.12,782.23
26.17,41.19,564.19
35.43,47.92,716.19
7.92,69.68,382.7
27.86,35.3,568.52
28.34,78.87,697.68
6.65,21.71,212.42
16.93,79.36,532.18
48.2,74.59,991.64
27.48,41.03,579.57
23.37,71.54,609.04
23.77,51.91,566.64
5.25,74.23,353.26
4.13,69.93,323.07
49.37,91.85,1061.73
3.6,11.12,137.47
39.8,67.49,855.66
40.68,94.49,940.12
38.8,27.01,711.35
43.23,107.53,1024.02
35.76,86.53,838.63
28.84,70.82,687.32
17.31,108.1,632.09
13.3,111.83,579.26
7.57,59.14,344.22
15.0,68.59,482.93
47.94,34.07,858.09
14.52,101.92,567.26
34.34,29.08,650.23
24.74,18.15,477.32
32.59,80.87,775.26
27.52,110.88,793.25
39.65,71.03,859.71
17.53,89.88,579.13
2.51,60.43,265.73
1.58,75.73,300.58
49.35,82.9,1049.34
9.35,73.51,407.66
23.86,74.33,620.67
33.47,6.63,570.61
44.73,74.12,953.43
37.42,84.04,868.8
47.41,32.31,860.2
3.69,68.73,309.16
35.12,82.51,834.74
17.08,97.66,592.29
43.66,81.57,935.96
23.53,31.47,501.65
35.36,79.79,826.4
20.05,11.63,383.46
45.63,65.41,930.08
41.8,50.35,824.23
6.95,9.73,183.54
16.36,100.03,604.56
6.11,23.83,212.18
42.77,57.69,863.68
29.9,10.32,531.23
39.7,102.59,960.0
11.22,21.47,283.41
17.16,22.62,374.55
49.98,24.35,874.25
14.12,40.38,387.49
15.53,104.54,591.52
2.01,28.95,166.97
30.81,57.23,678.55
41.47,83.09,923.07
32.07,24.86,595.69
46.66,58.68,928.8
15.72,114.33,628.57
8.96,15.85,228.57
3.07,6.81,115.53
46.13,77.06,987.93
40.44,37.49,766.92
41.46,60.1,839.96
27.74,46.23,605.74
23.39,68.11,620.87
21.23,95.55,653.83
37.78,47.05,753.49
23.74,50.11,560.19
8.6,55.13,337.37
37.85,6.08,637.48
20.44,67.0,557.88
7.44,86.24,426.42
6.73,13.69,191.17
14.41,25.07,343.29
48.35,12.66,818.89
14.73,116.6,620.59
32.96,31.17,631.67
38.92,103.0,957.72
26.77,83.22,695.65
22.77,8.9,413.26
46.25,55.42,900.72
45.22,5.65,740.0
2.71,58.79,272.76
19.5,29.52,437.28
45.34,6.41,762.25
27.3,114.57,791.68
3.95,85.96,357.69
38.22,20.99,677.09
28.46,82.61,735.32
5.49,39.61,250.41
32.68,101.2,846.5
31.43,95.3,815.69
34.02,44.3,692.99
26.23,79.4,677.93
49.52,22.31,863.8
27.4,7.0,482.41
23.09,12.28,429.91
46.6,45.28,887.23
1.4,78.72,309.02
4.63,54.13,278.9
8.5,32.63,278.11
20.6,97.62,637.65
9.21,34.19,291.36
47.31,30.47,849.88
22.87,40.19,503.1
1.29,99.78,370.76
25.11,6.34,444.5
26.14,109.6,770.51
35.13,12.61,611.36
12.06,8.97,261.2
18.15,17.82,376.6
26.53,104.64,751.33
11.26,44.28,353.27
4.65,67.31,324.29
29.07,96.89,777.42
9.64,27.15,275.05
27.94,29.52,560.41
30.54,57.46,684.24
12.18,63.89,427.13
49.04,65.13,975.39
29.14,113.6,827.26
45.39,86.73,1003.28
27.92,68.72,669.33
41.06,32.26,776.57
46.32,7.78,779.21
24.2,35.27,516.2
14.35,82.76,517.93
14.53,51.31,421.51
35.31,68.52,782.95
7.53,99.33,464.65
42.19,21.81,745.65
45.52,13.78,764.92
6.35,18.08,198.87
0.52,96.06,343.22
14.99,36.37,387.06
11.39,33.28,326.06
10.97,102.48,527.65
38.49,61.26,808.62
19.53,108.62,661.63
43.23,9.16,724.67
47.33,46.52,897.49
42.04,23.94,760.27
36.91,38.56,729.96
7.28,13.77,202.78
1.37,73.92,296.0
7.67,9.57,190.77
27.15,87.47,720.37
46.33,44.29,867.4
36.22,99.65,889.81
35.35,55.92,737.09
36.9,81.05,849.3
46.28,70.28,955.08
41.84,73.23,912.26
23.52,21.65,470.27
16.06,55.98,461.27
20.93,43.85,509.31
4.36,34.83,213.21
3.26,88.63,361.21
29.25,54.39,658.56
8.13,82.21,415.69
25.83,25.9,521.04
3.48,35.28,209.17
12.17,12.21,270.92
41.5,76.42,904.08
26.23,20.85,503.46
1.56,101.62,379.74
7.88,83.02,409.89
3.18,101.18,397.62
28.02,53.18,630.79
14.05,82.45,507.14
14.06,23.36,331.49
22.98,5.46,410.53
9.75,102.7,504.63
40.98,76.04,896.86
19.91,32.67,454.44
45.47,108.34,1060.92
43.62,35.61,813.1
42.31,69.52,883.74
42.65,41.53,814.79
10.91,100.28,519.64
21.94,24.83,453.49
24.73,77.32,654.46
39.0,61.6,822.16
45.47,106.04,1057.87
45.34,44.44,869.06
47.73,20.14,823.82
28.05,71.09,686.94
46.85,36.33,852.28
27.47,49.96,610.44
22.51,13.04,424.84
32.01,77.73,771.2
32.0,31.92,620.31
20.21,105.76,671.43
4.32,79.83,358.16
37.28,18.63,663.65
14.97,78.25,511.63
12.55,100.49,537.03
13.75,30.0,346.82
27.22,10.59,492.69
14.44,19.22,322.66
7.22,108.45,480.23
4.7,103.83,426.72
26.59,104.03,760.38
44.55,45.92,851.8
25.21,31.1,522.46
15.29,58.36,452.39
43.77,14.49,732.4
38.94,24.46,701.06
27.79,31.45,557.21
23.1,8.0,425.33
22.02,99.68,672.55
23.26,105.73,704.38
13.21,58.11,417.23
41.63,87.09,921.84
46.99,55.68,919.26
9.1,99.68,478.67
34.18,117.93,916.5
4.67,54.96,290.96
11.81,26.26,306.46
37.22,81.97,859.48
44.05,12.78,756.7
24.63,23.36,483.9
13.51,87.22,518.44
41.33,109.71,993.09
15.3,114.2,616.11
1.32,69.01,281.9
11.6,59.52,406.42
20.92,51.96,521.96
32.74,92.41,816.99
16.43,5.09,304.77
22.51,35.94,491.4
30.94,116.97,864.86
25.68,77.52,659.92
30.46,85.78,768.9
9.95,29.06,288.18
4.37,32.63,208.21
11.58,76.42,452.89
26.38,19.43,506.06
33.84,114.36,899.17
23.06,7.34,417.79
47.16,40.25,878.35
33.11,102.32,833.9
9.71,88.73,455.44
17.3,77.18,545.5
34.98,6.0,587.52
5.54,14.43,178.37
26.87,17.22,500.98
3.07,16.97,144.8
35.64,76.93,807.66
43.9,114.06,1048.29
30.07,35.63,604.93
9.9,49.48,347.9
15.78,6.4,301.87
3.18,82.42,345.62
14.19,65.37,452.29
49.95,84.43,1055.39
2.21,24.65,156.96
25.18,38.59,547.27
20.4,28.35,439.09
26.17,47.13,588.33
42.65,53.12,845.13
30.39,87.66,761.03
33.23,110.6,891.14
3.24,13.4,139.23
1.85,93.09,360.83
5.76,101.55,432.85
31.07,25.0,590.15
27.12,61.35,645.67
17.84,102.81,618.74
4.63,93.57,392.85
46.97,28.0,833.48
21.45,58.37,543.96
45.31,107.81,1050.33
31.63,42.3,653.77
44.23,24.04,786.38
40.9,96.74,956.27
27.14,45.17,601.77
39.39,53.72,804.96
23.41,96.14,688.79
7.39,90.11,431.75
7.3,18.87,220.57
33.98,103.42,858.01
26.24,23.0,524.69
3.07,100.34,398.9
38.7,29.6,723.84
5.88,23.4,205.84
1.28,114.3,418.93
11.9,5.49,241.82
18.77,112.91,666.8
31.24,79.26,760.11
10.84,59.62,388.65
19.58,16.91,397.9
5.42,46.12,270.81
1.9,32.13,176.23
37.73,100.62,912.51
4.48,20.31,180.03
1.74,22.11,141.21
25.13,7.76,448.84
12.34,46.51,372.11
37.91,29.99,714.94
15.58,10.68,316.67
31.75,87.42,767.91
37.44,52.89,763.71
0.74,107.34,385.54
27.96,64.02,651.94
12.7,90.13,518.56
37.36,116.35,962.66
26.85,11.33,485.56
18.33,30.0,412.04
46.33,59.41,911.4
2.36,79.47,319.34
7.53,44.87,294.97
27.25,37.88,565.97
36.42,70.22,811.72
11.27,103.73,530.05
36.5,28.14,684.06
4.46,60.3,294.0
17.19,102.82,626.83
16.67,29.9,394.35
27.08,113.65,794.92
48.2,100.88,1076.24
44.23,57.04,882.05
40.18,75.44,883.14
47.65,39.08,885.29
49.31,21.77,849.41
5.54,54.53,298.73
47.03,98.06,1066.08
28.84,46.53,621.92
43.82,74.06,941.21
35.5,10.38,619.55
30.17,10.28,546.47
18.55,15.29,372.2
33.8,112.02,884.15
49.36,91.38,1055.01
15.7,101.43,582.92
38.84,12.25,684.36
1.27,73.26,288.59
47.1,10.45,776.74
47.81,97.05,1043.35
32.04,78.86,759.63
18.03,79.35,561.28
2.15,61.34,266.71
43.33,90.84,984.46
27.17,48.33,602.32
49.71,75.2,1043.3
12.96,115.74,595.17
24.86,86.07,678.89
10.49,69.33,412.72
8.51,56.68,345.19
25.98,35.2,537.3
26.31,83.86,701.3
3.47,103.92,414.9
22.57,114.21,714.94
9.9,77.09,428.62
17.09,17.92,364.54
36.18,95.4,888.19
5.44,54.51,293.02
14.2,36.68,372.89
31.27,95.39,818.0
13.7,38.5,369.93
34.16,110.68,898.1
47.64,39.87,879.34
38.1,15.31,657.8
11.51,59.82,401.26
30.92,93.85,790.47
25.29,56.55,592.19
27.22,50.55,601.09
16.21,76.69,529.08
5.78,52.16,299.34
42.78,59.96,883.05
30.3,18.15,558.75
44.29,26.3,790.18
27.15,39.56,577.03
48.83,108.46,1120.42
12.35,64.85,428.98
41.52,83.72,939.12
14.89,69.81,471.32
7.23,92.05,436.78
2.18,72.25,300.74
44.69,70.29,933.71
25.96,27.07,524.73
42.28,37.85,801.99
48.74,87.42,1038.0
8.73,104.48,496.33
9.47,64.37,386.5
31.5,82.94,772.01
10.11,93.12,483.51
3.18,24.0,171.81
21.17,39.92,477.41
36.98,5.77,624.1
7.95,103.41,480.12
9.67,53.4,350.36
16.44,46.69,431.06
48.81,44.19,901.58
32.12,100.76,831.8
14.66,29.47,365.11
20.63,21.99,423.3
9.43,38.06,305.74
29.6,28.14,585.75
32.9,101.46,856.65
34.37,54.27,732.27
32.85,119.65,906.39
27.22,58.94,649.63
34.55,102.15,866.64
18.65,72.95,552.67
49.66,12.89,838.32
10.02,82.34,444.43
49.72,78.69,1044.99
38.7,86.75,890.04
6.3,77.65,379.84
4.21,87.95,376.64
25.61,36.72,541.05
2.22,58.86,260.66
24.13,80.29,653.34
35.55,33.78,697.45
7.61,112.12,496.77
41.44,75.51,896.06
29.8,20.25,553.61
2.58,23.52,160.29
35.18,95.98,858.67
8.56,57.07,345.75
11.39,118.17,578.32
36.21,24.19,675.13
37.31,44.83,751.67
47.24,93.38,1037.91
38.5,90.62,888.64
29.63,11.51,531.6
2.02,101.37,383.09
14.0,83.54,510.77
47.0,102.07,1042.65
15.85,89.37,553.37
40.32,47.03,806.91
42.36,78.71,927.91
43.28,37.38,804.87
46.47,30.16,851.08
39.47,112.14,988.68
44.36,40.6,842.71
6.66,112.7,487.91
16.46,68.78,500.44
49.47,10.26,830.13
14.1,75.24,482.2
48.36,105.59,1087.65
13.95,95.57,548.44
36.66,38.5,729.0
26.51,57.45,614.36
5.46,55.02,297.13
39.84,91.05,938.66
47.25,79.83,1015.18
24.27,112.2,743.87
7.45,60.22,343.85
39.66,58.18,824.21
17.25,63.23,501.18
39.43,13.26,673.31
30.15,71.18,723.0
9.92,91.12,472.16
4.42,12.83,155.74
49.85,98.26,1083.85
21.52,79.01,599.84
30.99,65.91,711.41
27.12,12.29,493.67
18.26,53.88,480.43
19.81,86.81,594.91
1.55,45.84,209.95
31.47,96.69,816.27
22.09,65.43,586.99
48.11,116.1,1114.6
46.74,79.51,993.93
24.15,69.56,606.96
21.84,108.02,684.59
23.06,30.32,484.52
27.94,42.35,594.04
29.08,112.05,821.72
11.4,11.36,255.54
14.01,63.22,446.04
12.65,9.82,269.79
38.92,36.07,731.98
24.13,81.55,672.02
20.82,33.73,469.12
28.32,117.31,823.93
39.36,99.94,937.43
40.28,77.54,899.71
11.67,15.92,280.12
17.8,77.41,549.03
7.96,97.73,469.71
42.72,32.47,782.88
27.5,19.37,517.48
35.87,61.27,772.94
10.81,74.38,431.29
37.12,48.9,750.21
23.72,9.44,436.73
37.55,59.99,815.36
42.28,45.02,812.4
43.23,45.47,841.55
36.95,97.49,900.56
14.84,73.45,490.6
26.32,72.35,665.44
12.91,26.76,325.46
4.64,86.19,373.69
24.42,118.22,770.34
28.11,105.29,800.01
7.32,57.54,340.09
24.48,21.1,484.35
2.15,65.22,276.94
39.19,116.29,983.59
36.1,88.85,858.99
27.09,48.45,605.6
44.43,37.68,828.76
4.17,90.67,392.91
47.22,113.43,1104.2
41.6,35.47,783.83
0.54,51.98,214.85
15.99,102.05,597.57
25.7,111.38,763.12
23.98,13.84,452.28
33.58,87.8,824.48
41.48,89.96,939.6
26.86,11.19,481.16
6.67,26.72,230.84
5.49,89.28,404.16
23.09,23.3,456.72
32.59,117.74,901.79
36.52,63.94,800.19
11.88,20.56,291.48
29.01,90.74,747.42
32.09,82.83,777.24
39.54,72.42,849.67
2.6,51.09,240.83
38.62,91.58,908.64
27.32,87.58,715.17
19.74,45.57,479.14
13.33,39.68,375.09
11.37,6.29,242.04
39.69,25.62,728.67
45.74,43.09,862.73
2.58,64.59,283.96
26.75,108.61,784.71
42.73,61.1,878.72
45.46,88.23,993.66
5.58,72.11,348.43
11.55,113.36,564.2
43.94,101.9,1016.89
9.18,15.49,231.77
31.49,77.92,765.87
42.96,23.59,762.58
44.59,28.42,810.09
8.42,75.81,403.61
4.58,105.08,437.94
25.13,63.11,612.39
30.69,54.52,669.9
7.82,117.38,519.26
11.32,97.67,511.98
13.05,98.98,550.24
30.89,91.92,790.22
23.22,53.43,567.8
22.4,38.56,500.13
40.63,52.7,810.83
18.64,99.59,627.71
33.56,20.15,618.73
11.94,99.89,528.46
28.43,46.04,608.42
43.98,73.02,923.19
2.31,54.2,250.93
12.3,57.65,406.21
4.44,19.23,174.49
19.61,35.62,457.54
48.2,58.84,952.39
37.77,48.44,762.17
28.05,50.45,634.7
48.78,89.14,1056.89
35.01,16.12,616.27
5.48,105.26,443.7
40.76,95.88,952.53
26.6,75.44,667.26
39.47,15.8,685.25
23.79,72.36,618.56
15.61,17.62,334.61
18.5,10.08,357.78
11.33,17.67,268.76
3.21,39.29,215.35
44.69,101.88,1023.32
44.0,114.42,1062.95
47.92,19.29,822.44
22.76,80.39,638.97
38.0,108.48,945.93
17.61,104.48,617.44
25.02,103.5,744.15
37.55,97.34,909.92
46.27,30.8,835.29
42.76,88.7,954.03
2.13,22.79,150.31
32.19,15.84,584.89
29.05,102.31,791.8
29.55,88.93,766.95
20.25,38.6,474.34
38.36,116.26,969.56
2.45,71.59,304.14
40.23,36.82,767.96
35.33,98.11,876.4
22.34,28.9,489.28
41.76,62.76,862.45
39.2,24.11,718.5
48.61,14.8,830.84
45.74,114.54,1073.28
36.18,76.31,821.02
20.02,7.52,369.28
14.63,90.48,544.51
1.85,101.14,383.41
39.95,76.41,881.05
38.31,113.92,961.27
47.4,37.07,868.05
46.8,88.26,1002.19
45.64,30.03,817.33
9.93,55.73,357.37
8.24,76.05,401.57
49.24,119.36,1143.3
38.79,39.37,741.44
4.48,104.8,421.44
32.69,48.69,684.57
42.48,62.0,882.68
31.95,17.54,586.5
20.83,20.3,417.99
8.13,86.41,436.09
36.21,115.53,948.7
48.55,54.9,949.84
9.08,94.88,474.85
42.25,9.34,700.04
46.7,14.68,795.81
33.11,79.62,788.01
13.92,84.62,510.32
12.87,50.1,397.28
31.3,64.97,702.72
7.88,79.22,404.16
49.25,102.23,1078.9
14.12,30.13,349.26
24.26,57.34,586.72
49.71,8.64,826.28
7.62,83.55,423.66
37.35,84.34,856.78
19.88,81.13,586.5
28.49,85.97,744.7
15.24,83.75,535.22
39.92,11.36,687.82
16.23,59.97,479.37
45.94,103.16,1034.83
11.15,53.54,371.91
32.94,56.96,721.01
16.34,80.75,540.67
27.4,16.85,508.14
40.28,85.47,907.23
40.25,78.77,866.37
17.13,105.71,636.66
23.57,29.65,488.58
11.56,95.97,517.5
22.65,28.35,479.57
20.3,31.78,452.3
1.71,104.84,393.99
35.38,61.86,765.27
35.09,40.78,695.73
45.9,90.59,1006.56
46.84,92.83,1037.4
29.61,112.54,830.45
10.98,47.85,360.52
45.95,96.66,1032.37
13.09,49.28,391.88
23.07,107.41,704.24
5.68,92.1,418.79
44.73,113.24,1068.1
1.02,103.19,373.48
45.49,113.23,1068.37
20.1,12.04,389.11
10.88,118.01,569.21
39.37,56.4,793.48
37.28,76.18,832.83
39.13,66.74,851.5
12.95,34.58,346.75
18.59,44.54,458.09
7.41,6.49,178.51
48.83,13.57,831.6
0.7,94.68,343.0
21.28,29.57,459.06
14.72,59.6,448.43
18.22,104.78,629.35
12.81,118.53,597.1
30.81,10.2,556.62
16.8,107.09,618.61
40.59,51.44,814.65
40.76,61.14,858.44
6.02,40.68,263.49
44.15,101.54,1018.07
27.56,26.5,538.77
14.94,18.81,333.23
35.6,37.96,700.86
49.64,113.83,1161.95
20.01,97.25,631.95
1.22,87.66,329.2
14.37,60.29,442.63
13.12,34.81,354.8
5.66,8.66,161.71
49.05,64.19,973.02
40.37,34.34,763.81
31.05,85.64,775.18
5.46,46.09,270.59
2.51,56.95,258.32
38.69,63.32,825.96
32.74,92.12,818.58
2.45,96.5,375.02
42.55,115.01,1032.73
30.37,107.22,830.74
22.75,9.21,413.63
31.56,71.27,730.57
32.69,66.13,734.15
18.68,54.75,495.26
48.89,89.99,1039.11
41.11,89.27,932.4
27.23,12.11,492.56
20.24,29.16,437.86
39.43,70.64,855.73
18.96,21.1,401.42
42.48,19.86,750.32
49.02,41.89,904.95
21.61,72.32,583.29
27.71,24.31,543.76
11.1,84.72,466.53
37.98,91.63,886.74
21.36,58.93,551.99
47.41,42.85,896.45
25.05,18.62,486.78
24.57,7.76,452.0
20.42,19.45,413.86
34.96,101.84,889.07
21.46,82.29,630.21
16.05,71.66,511.25
23.6,31.33,490.28
13.9,88.65,521.67
36.31,8.18,614.02
0.63,50.37,210.87
5.39,100.5,436.34
2.78,63.96,287.93
12.17,35.87,343.62
42.51,45.89,803.94
9.43,51.76,351.27
2.65,22.32,156.93
1.11,17.41,119.21
36.99,83.21,857.44
47.28,67.45,966.41
13.53,20.08,308.28
39.72,42.77,786.89
18.14,75.95,550.7
11.92,50.01,381.32
46.19,97.31,1050.13
6.45,64.23,341.64
28.34,18.95,529.48
7.74,96.12,455.46
20.98,84.73,613.02
8.87,80.8,427.24
12.29,55.79,399.45
17.45,41.03,438.33
37.43,41.94,744.64
25.8,36.7,535.62
30.66,45.76,632.95
39.34,67.12,835.13
49.39,61.75,977.83
44.72,81.37,973.99
6.48,15.81,196.1
22.81,54.39,561.37
33.21,68.87,757.21
35.31,79.93,817.33
24.08,113.75,752.82
29.87,96.3,789.02
1.68,18.29,130.63
49.14,51.85,951.66
22.63,81.34,629.86
43.09,97.34,979.88
28.77,46.25,613.59
21.94,62.85,570.21
23.34,53.15,566.14
18.2,72.81,531.28
26.24,45.62,580.26
45.68,13.29,761.43
29.39,24.56,562.44
43.1,48.37,846.83
2.84,30.8,182.88
29.06,25.99,567.18
10.82,82.68,462.08
3.37,111.15,436.45
8.44,88.65,440.94
28.42,16.03,533.35
48.66,12.44,815.53
19.87,92.15,626.61
44.02,84.97,962.01
30.7,118.43,858.44
20.56,39.79,481.24
8.94,79.14,419.62
42.49,103.13,999.72
46.01,95.01,1021.31
35.23,64.44,775.01
20.67,61.79,553.45
32.89,69.29,752.26
46.73,16.78,796.72
49.52,110.63,1125.69
11.08,15.26,265.04
3.7,72.62,320.17
24.72,65.8,622.62
44.89,19.48,786.69
34.22,33.5,668.37
3.05,95.01,388.53
42.69,20.19,758.09
10.71,53.41,372.54
16.25,108.43,618.14
26.84,16.06,506.61
8.58,53.25,341.2
7.84,25.36,243.56
2.08,112.48,426.93
34.69,11.09,608.31
20.58,91.76,637.19
14.85,18.95,326.54
30.03,5.53,517.32
3.59,86.12,364.19
9.11,5.61,204.65
37.59,26.08,684.11
46.62,105.86,1056.98
22.95,96.1,681.17
5.26,93.98,417.69
34.05,22.98,638.82
38.53,116.69,977.36
23.43,100.03,696.24
37.04,47.68,745.0
30.89,100.51,795.56
31.24,119.55,890.21
6.78,36.18,259.37
41.6,77.53,906.95
26.51,116.03,792.78
31.5,5.54,534.39
43.33,92.64,970.4
15.62,104.03,590.1
16.39,37.11,409.28
18.29,71.25,546.56
46.01,56.81,897.14
28.44,40.4,607.48
37.79,15.73,664.61
16.39,111.16,623.82
10.02,94.22,481.78
27.93,5.04,486.76
13.58,11.05,284.78
34.21,65.6,768.85
45.94,33.64,838.13
36.51,71.48,812.14
31.35,88.47,777.27
9.62,89.17,460.11
49.71,56.67,983.24
30.31,38.52,619.24
29.93,67.48,698.3
43.84,91.54,968.74
46.51,107.58,1076.58
30.95,115.64,857.7
10.19,44.54,335.38
24.24,113.54,753.71
40.86,27.91,746.09
44.41,85.2,965.0
49.13,117.14,1137.36
31.39,96.29,823.08
15.0,57.72,442.71
33.03,21.79,616.26
21.26,16.72,417.05
46.35,95.61,1040.71
16.11,74.41,521.83
34.47,80.19,805.51
36.45,53.44,743.53
8.43,46.68,313.21
31.77,41.14,647.06
39.18,82.58,886.13
19.75,85.19,611.13
4.62,91.45,394.29
38.31,68.57,835.82
16.55,21.82,367.71
48.13,71.2,988.96
37.29,22.58,689.26
11.47,103.18,531.24
9.95,70.47,407.94
23.55,89.92,668.21
12.1,16.82,277.06
11.73,108.32,566.87
37.17,104.39,909.02
1.65,19.32,130.92
23.99,75.69,634.85
24.76,83.13,671.01
36.14,119.61,947.37
5.71,6.34,153.13
40.51,33.93,750.22
12.69,105.1,566.09
10.8,74.25,431.09
44.78,89.11,987.09
42.01,42.55,808.16
33.97,102.96,874.51
40.31,22.15,725.09
19.69,110.15,679.65
16.69,118.02,645.76
26.47,22.2,512.05
42.67,56.0,867.49
46.68,11.38,784.13
18.77,9.8,362.22
11.78,40.95,352.8
44.33,113.07,1065.49
36.47,84.4,852.09
15.83,53.79,446.85
30.59,114.34,855.08
21.82,96.16,669.79
9.4,97.88,476.37
23.45,95.7,687.63
33.04,20.75,613.26
7.96,12.09,206.72
3.31,7.56,123.99
20.84,69.44,565.58
22.23,52.75,544.3
13.44,21.12,310.21
37.61,79.27,859.65
1.81,118.66,426.93
9.09,113.28,527.13
11.5,116.01,568.42
16.1,9.55,318.66
49.07,88.37,1043.53
7.73,36.1,277.04
35.7,84.93,839.75
18.32,80.24,567.01
28.23,84.1,716.74
12.51,18.43,295.4
29.92,29.76,585.91
24.25,101.7,724.24
40.53,107.26,973.93
7.24,46.99,297.38
18.59,10.47,357.79
42.48,102.96,995.06
29.69,16.21,544.06
19.62,42.24,466.12
5.68,6.87,154.92
37.67,110.35,948.69
6.5,70.31,361.33
5.36,63.98,321.26
46.68,49.41,902.01
11.3,62.68,405.93
9.03,78.55,423.78
34.77,13.28,608.2
35.68,65.79,779.92
44.81,82.82,962.0
21.26,16.31,412.63
46.11,85.38,1006.68
22.44,48.64,539.22
27.72,89.83,734.5
32.8,36.83,637.95
41.74,29.55,761.69
12.73,114.1,595.98
11.05,61.52,402.63
32.07,13.32,571.44
21.11,104.53,673.74
5.37,115.65,478.49
35.13,17.52,637.49
45.32,12.69,759.1
4.62,17.85,169.66
8.63,66.62,388.01
17.45,24.28,385.75
11.6,94.75,495.97
28.72,93.43,767.9
40.12,68.62,855.65
34.3,21.96,633.76
10.36,36.38,318.83
45.86,27.41,829.88
16.07,23.8,361.63
24.94,26.93,490.34
31.05,46.11,655.82
11.24,34.76,323.02
12.43,63.15,427.58
4.31,21.16,178.34
47.48,52.06,917.66
12.48,42.24,366.16
8.89,71.38,389.74
18.83,76.87,554.99
6.4,23.09,220.29
17.65,90.14,577.94
39.8,105.32,954.04
36.35,56.51,758.77
26.35,69.93,642.66
1.51,108.18,396.38
12.52,64.7,432.8
48.85,60.37,967.56
12.03,112.17,553.44
46.79,82.76,999.62
19.41,119.52,691.21
3.08,34.7,202.93
36.59,114.96,943.41
10.92,16.84,260.45
16.92,94.16,597.74
27.67,41.99,595.44
13.47,56.98,423.27
14.75,71.18,486.13
10.12,19.85,263.25
2.24,101.68,378.84
13.57,54.46,413.06
17.94,90.53,587.94
32.86,72.77,774.79
32.23,92.33,803.94
14.19,100.08,554.8
43.55,21.15,748.7
9.51,69.01,401.43
18.6,87.29,604.03
16.25,97.32,593.41
45.52,92.89,1008.54
21.38,84.78,625.14
8.39,94.22,451.29
42.5,78.96,934.19
15.52,27.69,367.31
23.79,102.53,719.96
35.31,69.08,783.88
43.78,19.7,767.96
45.26,30.28,831.1
6.13,117.09,490.28
37.58,34.96,729.43
41.23,22.59,725.49
48.7,79.93,1020.98
43.61,108.26,1021.38
37.52,116.81,938.56
11.43,57.62,394.21
42.94,11.26,722.93
42.0,21.6,751.44
33.51,27.92,650.57
36.81,109.28,934.86
39.78,39.29,763.64
22.26,85.56,651.62
3.5,105.39,421.88
16.48,89.41,562.11
46.01,84.5,1001.3
35.15,111.31,901.87
13.19,116.48,590.51
25.73,92.61,722.03
2.85,43.67,229.43
14.71,51.5,429.14
45.56,11.94,765.94
29.43,118.2,842.49
22.62,65.08,587.68
49.8,75.46,1032.53
21.27,43.36,496.71
23.29,7.61,424.32
26.95,13.49,491.6
40.95,16.78,708.32
45.42,70.12,944.13
17.72,101.01,617.44
2.59,115.24,434.22
8.07,30.72,266.29
11.78,85.82,489.98
3.16,68.39,296.71
38.96,69.88,834.27
21.8,102.47,674.79
2.07,45.75,217.51
1.39,88.9,334.47
5.63,49.38,285.42
31.8,92.3,799.45
47.97,110.04,1088.65
4.78,48.17,263.38
38.84,34.72,738.78
18.33,53.1,490.21
38.66,41.36,749.25
40.88,29.35,763.55
15.78,62.21,470.21
45.22,7.05,753.05
1.81,56.63,246.62
24.53,54.32,581.78
37.37,29.58,704.59
3.23,106.71,419.29
10.84,14.49,256.36
18.18,20.25,375.73
24.09,5.23,418.72
20.45,57.46,534.29
12.17,88.59,501.77
7.16,8.17,178.74
7.89,45.55,306.2
8.56,98.49,469.65
39.9,37.61,776.2
21.5,14.0,412.99
14.23,64.04,450.95
33.46,47.36,683.53
11.92,116.37,564.7
38.19,16.76,675.64
45.16,98.36,1010.53
43.05,114.96,1035.84
2.87,118.55,454.19
23.16,65.01,589.74
27.03,115.79,791.27
31.52,15.38,574.15
16.9,24.98,381.11
36.37,43.93,744.45
49.28,41.8,926.86
12.47,94.7,524.47
17.14,23.87,379.72
12.21,30.3,323.07
44.2,46.94,844.61
10.03,98.03,497.34
46.33,107.85,1071.66
6.1,43.82,276.2
14.41,33.83,370.55
3.5,90.75,374.54
30.67,46.42,648.14
9.84,88.32,464.78
16.96,37.99,417.55
28.94,80.28,728.11
24.52,40.79,527.88
2.26,40.53,207.46
29.53,6.46,511.12
28.36,12.01,511.82
42.47,109.7,1006.5
45.23,88.75,997.59
44.01,58.35,901.3
23.05,24.63,462.44
41.35,26.9,754.52
26.7,34.1,554.46
1.56,80.27,320.03
47.59,56.92,939.44
33.79,21.38,620.86
29.54,118.23,838.09
28.65,110.49,812.89
42.94,67.32,897.39
0.5,57.34,231.16
10.29,59.4,378.96
1.71,15.39,123.64
33.84,54.18,715.12
9.94,40.18,321.75
32.19,19.67,591.81
40.31,87.93,920.77
15.84,102.47,600.29
29.08,85.81,754.0
31.47,107.41,843.11
17.83,102.43,621.27
43.85,73.18,938.72
18.91,36.7,441.43
26.4,101.0,758.72
32.91,113.36,874.92
17.69,20.84,378.1
37.5,58.63,789.63
10.45,94.43,488.04
25.9,71.77,637.64
39.87,8.74,668.85
26.15,87.83,702.4
19.83,41.9,475.07
49.61,89.54,1047.81
9.11,119.41,542.88
29.37,88.3,759.07
12.35,92.61,509.69
45.75,49.59,884.3
40.54,57.26,837.47
7.62,81.89,407.74
32.76,71.58,754.45
46.54,15.06,781.48
24.48,101.91,720.14
47.11,48.74,890.71
38.22,109.26,956.85
24.07,105.31,727.27
28.25,48.87,621.48
39.43,98.71,940.77
8.1,102.13,484.38
20.64,47.89,501.74
17.13,14.03,349.39
36.91,36.56,711.3
44.32,30.42,815.56
32.8,113.66,873.23
27.91,54.69,630.56
25.55,59.72,613.07
7.81,72.04,376.61
22.14,116.85,734.33
17.79,85.19,570.31
47.9,108.24,1085.85
10.78,8.28,236.13
7.4,58.75,330.52
1.91,11.58,113.79
36.71,67.62,813.57
39.03,43.34,765.98
35.29,119.12,928.76
29.8,54.79,667.28
15.35,37.68,385.79
7.81,92.05,441.54
15.01,47.9,420.02
46.47,74.15,976.24
18.1,30.6,412.47
32.72,90.32,822.13
12.69,117.26,596.68
8.0,117.07,517.1
12.95,64.27,440.42
26.34,82.28,690.21
11.37,113.78,557.65
11.3,27.33,300.67
5.86,61.48,322.15
4.42,72.73,327.89
31.77,34.3,618.32
8.25,83.26,426.18
41.85,22.66,747.46
38.77,84.72,893.8
44.23,11.87,757.68
15.96,10.73,321.96
39.1,54.91,795.16
41.03,46.52,814.14
24.08,112.79,751.51
40.79,84.5,905.19
21.61,97.29,680.67
17.12,11.61,340.54
10.63,58.76,381.37
39.03,67.53,827.8
21.09,12.21,399.72
44.12,75.2,943.59
24.54,17.89,470.67
16.39,98.4,590.04
7.75,39.42,290.65
12.25,75.61,456.19
9.6,77.15,426.1
47.52,35.44,871.83
46.95,57.16,930.04
34.89,111.01,900.19
15.55,77.36,515.91
42.29,48.6,830.94
1.27,118.58,421.77
37.53,46.93,759.11
12.71,70.08,456.02
3.18,69.82,308.89
35.11,23.81,638.09
2.76,9.24,118.31
13.28,76.3,471.59
37.26,58.04,787.1
40.07,111.3,981.94
3.13,92.71,369.26
16.47,79.89,531.3
0.85,78.64,297.67
46.75,108.91,1079.73
21.74,65.54,574.9
36.45,39.36,708.44
23.28,98.47,694.26
8.07,18.86,227.03
18.54,75.02,552.27
23.87,87.84,669.28
21.14,57.86,536.29
3.9,12.39,147.44
1.85,56.18,240.83
46.93,91.4,1031.16
35.08,22.77,631.65
4.07,76.17,339.91
34.92,87.69,851.29
32.38,112.72,867.89
28.48,78.53,713.19
17.37,59.37,492.36
9.29,32.36,289.11
28.75,49.89,628.3
16.62,47.28,442.29
21.82,93.13,651.76
47.6,11.42,821.43
15.18,94.45,565.19
47.91,117.38,1102.8
6.33,45.76,283.41
29.02,54.52,659.61
42.29,12.42,727.02
41.06,116.63,1005.64
15.16,30.34,365.23
24.1,37.63,520.01
7.39,11.17,195.81
42.3,72.97,898.22
20.09,35.64,451.37
20.17,94.33,626.63
33.09,113.47,893.04
38.32,118.43,981.54
11.04,64.88,410.38
19.06,55.95,503.87
41.69,70.14,870.1
27.04,48.23,599.28
23.82,102.76,720.05
22.58,17.7,442.08
1.06,51.94,222.54
4.08,47.61,254.37
39.74,101.59,952.55
33.47,30.52,638.27
2.15,7.38,103.46
28.78,33.75,580.98
17.24,44.63,438.11
4.31,45.91,253.46
28.77,88.37,731.79
23.19,42.65,521.21
29.6,104.59,805.88
13.68,67.58,455.78
44.66,99.29,1016.54
17.51,36.68,423.4
27.52,82.19,697.28
31.78,62.31,708.28
41.52,11.2,712.69
43.4,102.17,1018.49
7.94,78.75,411.82
49.07,17.58,845.96
31.65,73.64,757.27
37.88,10.02,648.16
39.13,108.18,970.42
10.8,108.62,539.65
46.83,37.75,876.94
17.14,118.79,657.15
14.77,8.32,296.73
22.25,89.25,653.75
35.93,49.68,741.75
46.14,119.41,1095.68
18.48,71.35,540.96
39.63,113.07,986.55
9.68,88.32,456.28
49.06,104.69,1116.91
49.72,68.26,993.29
39.68,46.59,777.77
11.14,111.02,546.74
28.54,68.28,681.32
21.4,56.34,536.17
24.58,116.79,761.55
49.02,15.03,829.32
23.23,46.32,542.12
44.03,57.58,882.67
22.09,7.01,404.03
10.49,18.81,263.98
14.82,111.33,615.06
32.48,112.71,880.47
42.81,108.17,1012.66
40.96,97.71,943.94
4.07,36.64,220.12
43.21,119.67,1046.29
19.94,68.36,540.48
24.16,83.66,658.95
20.43,41.65,473.94
40.01,67.13,838.35
21.49,44.63,508.06
45.43,9.35,763.32
30.45,87.19,760.51
2.75,106.49,412.76
16.17,22.48,357.98
4.51,10.42,149.28
2.14,87.3,344.86
13.08,30.62,332.83
9.86,5.65,219.75
16.46,51.62,440.52
19.33,115.78,682.67
46.04,49.99,895.77
31.5,117.07,865.86
37.82,50.4,762.53
42.03,42.47,803.2
34.34,79.51,809.85
32.14,103.54,841.88
2.68,48.51,235.32
14.57,110.97,598.59
41.0,97.73,958.26
5.31,104.55,441.3
22.88,16.17,443.01
24.48,36.57,519.72
37.0,38.29,729.26
28.78,38.21,590.3
46.18,87.66,1013.4
15.98,117.2,638.62
45.45,51.12,889.06
40.93,104.18,996.48
31.7,68.89,737.4
30.5,12.77,544.24
33.59,29.48,644.2
29.56,49.29,644.59
16.16,43.7,414.96
11.62,109.92,550.71
38.06,78.74,868.78
8.47,21.02,239.5
47.73,113.37,1101.49
44.54,90.08,1008.35
38.56,79.82,865.87
13.69,72.63,475.66
17.85,11.5,355.74
8.79,27.62,273.95
14.41,68.96,464.59
40.4,45.44,791.23
10.25,52.55,357.72
16.27,18.32,353.16
5.53,38.69,249.78
41.33,87.6,949.28
32.07,21.42,603.45
46.64,62.23,934.12
31.19,80.29,749.1
14.95,17.33,327.34
22.07,26.31,456.07
36.61,108.51,923.2
16.01,101.53,584.69
40.71,95.6,962.58
47.05,113.17,1101.17
3.21,26.82,179.07
15.66,96.17,577.93
2.84,76.47,323.16
5.44,11.48,166.46
15.97,102.43,595.6
33.67,26.8,648.84
36.28,60.42,777.45
18.08,114.12,674.95
41.93,24.42,746.66
24.4,68.49,614.42
1.78,81.48,321.87
31.26,85.52,770.24
28.74,11.63,510.06
10.72,106.29,528.26
36.19,106.6,910.14
48.56,101.18,1088.67
25.31,38.51,547.05
36.15,51.78,739.02
31.44,108.76,831.67
47.63,80.24,1004.25
6.93,69.2,359.88
20.08,89.82,613.12
8.1,16.51,221.89
37.26,43.2,723.77
33.12,10.3,568.17
18.07,16.14,375.86
23.42,33.14,497.21
32.73,28.24,628.78
41.55,110.06,1002.09
8.33,76.39,407.94
23.0,89.69,660.3
15.93,12.89,329.54
43.4,18.3,766.83
48.5,110.0,1111.46
20.26,15.86,410.06
46.47,27.44,820.18
13.43,50.14,399.84
34.99,98.28,866.21
14.08,14.68,306.22
24.48,116.4,766.53
36.82,79.43,824.52
17.08,99.02,609.15
18.63,18.5,386.61
18.91,61.87,520.27
33.24,5.3,558.16
27.97,19.71,526.86
5.1,70.79,335.48
36.99,42.54,733.64
49.46,74.78,1019.6
23.31,92.86,673.93
24.71,86.84,676.96
28.07,16.87,518.41
4.44,23.02,184.9
26.23,91.91,709.98
21.8,42.94,503.59
2.71,111.09,428.17
24.7,63.79,607.45
31.05,9.62,544.94
41.27,54.34,836.76
22.07,24.36,449.07
45.68,42.77,859.24
20.28,20.43,415.58
28.94,21.73,550.08
34.12,83.33,809.53
43.55,56.02,875.84
11.65,80.98,466.97
7.59,59.11,338.94
47.89,21.4,831.56
46.95,37.33,864.9
30.55,38.19,628.05
48.0,42.82,911.09
15.97,94.6,576.17
38.72,103.71,934.99
34.65,24.21,639.57
37.76,84.48,868.43
25.99,117.55,798.09
9.5,114.83,535.24
14.8,97.72,563.93
48.31,40.79,888.69
39.14,60.71,831.71
28.73,60.59,673.51
9.94,6.41,220.91
38.81,112.05,978.17
8.55,107.41,501.73
13.34,20.97,308.12
3.05,44.52,229.25
2.36,82.59,334.76
10.49,11.72,241.88
48.87,87.2,1059.46
14.78,117.86,622.86
14.88,62.78,465.13
27.32,71.54,689.69
47.92,67.52,979.94
8.24,40.34,300.79
47.59,77.86,994.59
9.46,109.33,518.67
26.36,62.43,638.79
22.3,42.92,518.79
4.73,90.71,386.91
42.26,58.68,861.19
3.22,98.83,391.83
29.46,105.15,796.2
46.97,108.59,1073.09
3.77,104.28,419.04
44.69,56.44,896.51
3.33,67.83,303.61
7.38,55.56,329.77
5.76,72.31,358.63
3.12,102.54,409.03
45.88,37.98,851.39
26.79,32.92,558.89
44.79,115.21,1057.31
26.96,39.78,576.17
22.82,82.57,630.36
45.17,100.81,1036.78
46.01,15.79,785.03
47.78,5.12,789.44
34.61,119.5,937.85
33.53,117.63,915.19
36.02,62.15,782.92
8.47,12.15,211.96
38.27,47.42,771.44
43.45,17.13,747.71
21.04,7.73,391.98
29.38,97.33,780.94
7.18,18.19,215.16
8.58,12.54,213.84
48.8,38.44,910.78
2.41,70.08,299.86
10.42,15.34,255.61
48.47,61.93,958.43
44.43,113.7,1045.54
15.85,49.57,435.66
23.0,79.14,636.37
11.8,46.8,375.09
20.97,81.33,606.04
14.55,64.61,459.45
38.0,102.1,934.31
12.42,106.75,561.25
3.1,67.13,298.47
2.84,78.7,326.1
2.17,23.99,153.26
44.26,16.28,770.75
26.76,111.47,772.11
48.32,53.78,927.91
35.09,110.79,909.0
35.82,53.18,745.23
33.81,97.74,840.72
4.84,114.83,461.57
2.13,59.13,256.39
24.76,38.89,538.63
40.23,99.66,935.24
4.26,46.07,247.44
20.58,56.36,523.12
8.57,54.9,342.9
19.23,21.38,399.25
0.76,75.45,288.68
4.6,11.95,155.72
30.46,22.84,578.03
38.66,70.03,856.57
7.84,38.52,286.67
49.68,105.45,1109.32
27.98,76.41,694.93
40.36,89.72,937.24
45.95,50.12,895.11
3.06,19.58,155.77
23.93,74.5,625.38
2.99,115.86,449.25
26.07,103.53,750.43
31.83,41.88,662.71
13.78,95.5,543.16
35.58,5.96,601.96
46.41,6.25,773.38
43.16,93.56,988.12
30.17,101.47,820.57
49.7,58.15,957.5
19.9,24.47,423.04
1.02,88.21,332.41
24.82,97.48,711.93
21.47,100.77,673.64
46.68,38.95,877.05
19.01,59.81,511.51
4.65,5.27,137.54
43.7,78.59,950.02
22.75,91.6,671.24
30.49,89.48,779.25
2.26,23.66,151.7
42.89,80.45,936.88
21.89,98.74,683.01
2.83,83.97,342.91
17.11,64.62,501.01
2.11,40.42,202.83
47.5,97.48,1059.21
13.48,112.72,584.39
15.52,55.86,444.5
4.15,98.88,408.71
3.94,80.3,347.05
22.79,5.13,399.32
45.75,73.88,948.49
41.45,21.63,735.29
47.21,16.43,805.7
24.43,13.77,454.95
30.78,13.24,559.02
21.86,20.39,434.63
24.35,107.76,734.32
20.17,108.92,684.3
39.16,86.73,904.93
10.56,101.41,505.37
41.74,75.98,897.16
13.03,107.08,564.27
26.58,114.83,793.47
8.52,39.61,294.51
4.32,58.64,288.7
41.01,32.61,767.46
11.01,70.51,433.92
26.37,30.97,538.2
16.5,37.53,409.06
35.08,86.59,838.18
33.14,119.09,910.01
4.35,97.37,402.69
38.65,46.24,770.9
13.01,71.39,453.71
36.69,40.87,722.37
24.85,38.21,528.86
24.3,23.48,483.11
14.5,29.52,359.85
25.02,53.76,583.95
28.83,95.23,775.23
12.85,102.51,546.92
41.76,72.95,885.63
40.74,14.47,691.85
39.45,20.33,714.32
10.52,93.74,489.45
35.29,18.2,644.02
5.08,80.77,368.6
40.16,45.06,776.12
9.76,115.15,537.72
35.33,11.06,612.58
24.54,67.11,624.33
5.14,81.46,374.93
44.45,60.02,913.32
35.67,44.02,729.48
12.04,79.0,466.99
4.71,104.2,430.56
23.64,67.38,610.04
41.51,68.3,893.61
32.29,91.11,806.06
24.02,88.2,675.56
8.34,23.98,245.51
33.77,53.53,717.59
12.6,54.89,401.73
2.43,12.3,124.1
39.6,44.53,770.87
6.72,112.69,486.25
11.73,9.19,254.69
45.09,112.33,1057.48
47.06,35.05,856.67
19.06,12.9,369.4
12.64,117.37,596.22
2.41,26.52,170.36
35.8,29.05,678.16
20.01,38.03,462.21
13.43,75.93,484.25
5.82,102.63,448.82
49.57,7.45,811.37
10.0,90.88,472.14
7.95,59.02,343.45
1.12,22.31,132.59
18.39,21.67,388.38
41.13,64.83,851.8
12.58,63.1,423.56
26.8,119.03,813.5
2.4,68.25,297.26
25.0,108.11,748.1
11.79,87.17,497.09
14.7,45.59,402.79
15.19,55.85,450.43
33.34,113.31,886.04
49.28,75.97,1010.64
0.98,107.88,389.9
18.68,25.04,398.23
30.3,29.72,597.67
32.33,110.62,861.55
22.18,63.08,570.83
2.91,45.26,228.06
20.73,24.9,433.84
3.21,49.89,250.06
27.63,59.97,650.77
1.95,95.76,367.13
19.11,49.16,492.22
5.73,77.9,375.61
9.18,38.92,310.79
37.98,87.69,880.97
26.25,24.57,516.01
23.23,114.75,752.27
3.85,73.19,324.21
2.75,103.1,397.52
41.84,83.29,933.33
44.66,86.29,963.44
1.38,32.5,171.07
33.4,75.26,766.4
4.01,92.15,382.37
25.07,34.46,532.87
34.48,29.83,656.36
2.63,9.97,118.94
9.96,87.92,463.25
34.06,10.7,597.12
39.62,56.55,825.44
6.27,57.4,315.99
27.2,75.55,690.82
42.46,117.93,1055.53
1.34,52.52,231.06
14.88,6.73,291.8
4.2,111.22,445.85
46.83,105.74,1073.0
34.61,33.14,672.25
16.38,82.97,541.66
38.54,54.86,791.63
7.14,98.78,446.71
40.41,112.4,998.55
19.2,62.1,530.05
9.73,82.46,445.59
47.87,116.9,1128.43
34.98,90.8,844.49
42.99,84.11,946.07
48.26,5.04,781.21
22.49,56.93,563.28
2.27,102.98,386.5
32.11,111.65,871.11
39.15,24.04,704.61
36.7,28.11,682.6
37.41,20.15,672.19
42.02,64.68,888.34
12.81,83.31,489.34
41.43,88.9,935.59
3.34,111.6,437.74
1.58,60.07,251.89
13.21,68.84,454.56
1.06,109.41,387.18
40.52,7.87,674.02
44.25,103.69,1041.55
21.35,86.06,631.53
48.69,97.0,1076.51
27.96,97.47,753.83
15.16,67.58,476.2
29.64,41.83,636.47
14.23,11.53,296.18
5.72,75.46,361.81
25.67,9.62,467.61
47.64,103.7,1086.84
22.13,57.6,554.57
34.31,42.19,689.42
48.05,111.61,1109.42
17.61,80.97,571.9
9.05,91.09,458.54
25.76,16.98,484.37
22.56,52.8,547.3
10.01,46.4,349.67
7.72,72.46,383.88
13.2,23.76,322.94
48.0,99.82,1054.29
43.34,29.9,771.55
23.29,27.97,475.23
42.25,43.15,795.15
17.69,75.61,539.93
49.65,106.76,1113.74
9.91,6.55,219.94
2.67,88.54,360.68
27.86,117.69,810.68
35.78,118.0,930.93
25.75,62.1,614.88
26.26,102.99,746.51
29.55,25.14,571.86
21.35,109.59,694.83
24.29,107.88,734.19
9.78,5.87,217.86
37.49,11.44,634.85
26.34,24.19,520.01
49.0,118.31,1139.16
18.48,85.84,584.82
23.99,88.06,681.34
25.39,71.96,657.71
42.56,57.21,857.07
24.81,111.11,747.6
48.56,12.64,837.76
31.34,7.94,533.45
22.01,108.85,702.75
25.71,72.14,648.21
6.76,109.55,488.27
26.93,69.6,663.65
27.84,34.72,570.71
9.01,75.6,412.27
43.1,26.54,784.81
27.89,55.73,631.28
10.71,107.15,530.52
18.43,103.67,633.77
24.17,57.13,589.39
44.9,75.72,958.71
42.16,40.4,781.72
21.09,20.01,428.3
17.54,113.19,653.1
40.33,96.13,951.4
17.19,100.71,614.84
48.7,17.01,827.98
26.33,84.1,698.66
29.93,74.83,734.2
14.15,39.83,387.13
37.17,41.19,729.1
42.11,28.33,762.03
13.23,23.66,318.46
25.32,33.6,535.47
2.58,115.67,434.15
5.42,56.77,303.44
27.76,70.6,679.87
31.0,14.83,562.8
26.47,68.59,645.93
48.06,70.82,987.34
21.11,81.33,609.41
36.19,113.16,921.85
22.61,77.51,627.31
25.4,85.09,668.28
32.85,5.91,561.26
8.49,93.5,456.83
40.86,112.5,1001.84
10.96,19.8,277.49
43.76,49.89,854.77
43.5,69.65,907.39
32.25,34.14,638.41
46.48,92.02,1027.32
26.55,5.01,466.54
15.95,52.16,438.82
5.84,117.7,499.59
26.46,45.62,591.11
46.25,44.5,880.18
44.3,59.83,892.72
13.4,19.89,312.68
5.73,90.15,409.88
44.93,11.42,745.54
40.61,18.68,703.53
7.99,49.05,313.18
45.19,23.66,800.13
18.71,90.18,601.04
20.66,113.72,696.08
27.54,107.08,785.28
34.75,22.37,632.91
42.49,106.1,1007.96
34.86,37.8,700.12
5.98,68.49,335.94
9.86,26.88,276.77
49.27,111.61,1134.02
11.56,118.17,575.26
10.58,69.17,417.83
39.57,85.76,889.12
29.66,54.51,655.44
12.63,95.77,528.67
14.42,20.9,330.51
32.12,80.43,777.61
33.36,89.02,823.98
13.35,52.58,406.34
25.77,97.72,732.15
42.69,119.97,1020.72
39.76,39.69,768.0
34.5,61.23,746.22
36.37,12.25,632.26
28.57,66.24,678.68
27.46,94.98,755.75
3.36,61.2,279.76
40.84,41.04,796.46
3.93,49.11,252.87
39.18,81.95,903.57
13.12,113.93,595.64
49.82,23.77,878.56
27.07,11.41,485.37
25.39,73.54,660.79
8.68,19.81,238.63
42.07,34.47,774.31
48.43,86.08,1015.78
45.61,39.96,847.54
49.95,60.8,1004.48
34.52,28.18,659.03
43.75,12.98,746.67
39.82,106.2,957.18
36.53,57.77,782.38
33.66,36.49,665.61
40.45,31.35,751.49
35.18,69.42,791.22
39.09,19.77,692.82
28.71,93.36,768.51
27.54,40.52,586.39
41.86,56.45,861.25
3.42,44.02,237.57
17.01,10.03,335.8
16.44,62.71,480.26
24.43,80.24,654.37
18.4,69.08,536.15
37.2,49.1,761.9
33.36,92.04,816.84
25.13,13.67,460.0
49.89,71.86,1022.16
22.39,92.63,663.7
16.9,60.37,486.66
34.84,82.42,825.48
47.74,46.96,919.65
0.56,22.19,124.09
1.71,37.42,186.27
7.86,14.89,209.8
4.53,25.63,195.51
43.46,65.88,883.88
26.05,89.64,711.54
30.03,66.77,710.32
42.93,26.93,763.7
41.3,60.67,851.34
16.35,78.42,530.14
8.56,92.49,459.41
9.57,96.71,481.91
9.72,7.25,213.24
32.25,48.38,681.34
41.08,91.07,936.75
26.21,49.04,590.16
29.9,23.48,562.7
49.01,99.18,1089.35
9.47,67.57,400.09
37.12,39.04,722.5
18.53,11.92,369.28
21.24,113.76,712.7
7.29,107.45,478.51
49.47,90.62,1060.4
26.74,50.28,605.5
22.72,63.24,571.89
23.36,78.87,633.73
12.77,71.34,458.96
48.74,68.46,978.24
31.68,30.83,622.57
21.55,32.23,462.28
8.82,11.85,219.6
31.77,73.61,744.29
26.4,106.84,760.6
10.91,29.78,303.08
34.72,44.88,714.06
42.02,56.72,848.7
40.53,11.4,697.95
34.3,21.28,632.44
20.29,75.49,570.02
18.05,99.2,623.1
6.86,45.81,291.56
4.76,38.18,236.81
13.09,44.18,379.21
20.69,8.52,383.0
43.98,52.7,871.1
43.77,89.49,969.45
40.74,69.5,880.76
8.87,107.62,510.34
29.0,10.91,516.67
39.35,7.94,662.17
31.74,54.2,683.85
20.18,54.22,517.35
10.46,55.03,369.3
48.51,111.7,1117.28
34.43,99.27,866.71
12.79,57.3,410.45
34.39,44.41,693.14
11.19,6.49,240.62
31.55,108.22,843.56
28.9,10.5,504.89
42.54,80.53,915.07
13.66,85.64,516.33
18.39,114.4,673.48
41.69,35.26,787.36
41.71,97.81,967.06
48.58,13.56,818.54
45.68,66.36,927.8
46.71,22.86,812.13
34.02,54.25,731.43
15.54,103.37,585.18
7.98,25.37,244.46
26.36,11.22,478.63
35.19,84.25,824.05
45.03,63.21,920.95
7.8,82.46,411.89
35.09,27.23,661.42
13.47,64.77,448.37
3.29,27.3,178.53
3.02,107.29,418.73
12.0,94.32,521.66
18.14,74.31,541.54
33.0,19.22,600.75
39.47,68.53,854.64
9.56,45.86,330.23
10.75,36.49,319.41
40.25,14.2,686.37
24.45,29.47,511.69
47.7,81.32,1008.99
8.19,109.59,494.41
23.81,13.5,447.62
10.23,86.78,458.23
21.58,69.9,586.51
46.71,48.23,896.6
44.84,119.31,1072.67
34.36,45.2,698.74
9.83,28.83,287.65
34.21,7.5,575.65
49.07,9.69,828.6
33.4,99.52,848.67
28.02,43.71,594.99
14.7,116.25,617.73
21.75,87.05,644.53
24.1,95.72,691.92
20.26,115.91,701.79
8.63,35.27,281.39
26.2,25.15,525.72
24.24,90.81,679.91
13.46,16.38,307.8
47.47,93.92,1047.72
43.79,88.94,960.83
12.72,37.09,355.95
1.84,31.94,172.61
1.07,62.82,253.9
9.46,31.75,287.25
41.76,63.28,850.95
44.7,81.33,977.79
11.33,24.76,296.07
42.1,108.51,1008.17
8.89,8.49,206.25
25.26,74.16,661.14
11.93,110.85,560.58
28.38,66.23,664.53
14.52,68.56,472.33
37.22,21.19,668.55
9.57,97.42,485.93
14.18,37.53,366.88
42.14,57.21,858.34
42.87,6.03,715.73
6.47,17.88,200.84
14.15,67.83,467.42
14.66,20.93,332.0
37.28,10.87,646.07
45.95,42.19,860.89
39.06,16.46,684.56
12.77,65.53,442.98
13.24,96.74,536.05
2.24,34.91,187.93
26.84,78.03,699.88
34.22,71.03,776.85
34.25,104.11,864.08
43.22,74.79,913.31
3.4,26.92,181.51
14.0,27.76,345.6
28.05,116.34,816.65
25.03,29.76,511.99
49.97,52.07,941.83
39.89,58.49,821.28
32.6,25.03,615.15
9.31,64.25,378.36
49.96,55.8,967.39
13.32,113.18,588.06
12.07,112.26,572.87
23.58,47.6,542.6
47.92,113.31,1115.63
39.54,46.78,784.59
44.85,46.25,861.71
37.07,78.26,846.49
36.81,25.76,671.06
28.86,55.15,651.98
1.39,111.16,405.68
30.35,43.22,636.34
22.26,100.37,682.02
5.47,16.44,180.69
24.59,89.67,689.0
25.06,49.53,579.95
15.38,8.86,306.41
38.03,87.08,883.03
49.38,7.3,810.69
46.68,64.11,941.16
47.81,22.87,845.35
14.13,111.01,586.62
22.22,75.59,602.99
40.01,96.19,933.15
40.86,42.96,788.34
18.38,39.44,447.8
21.82,8.05,398.08
42.67,84.83,936.47
13.51,46.71,393.16
35.12,116.67,931.11
33.15,51.0,694.1
5.5,48.46,277.14
21.25,80.55,621.0
5.46,41.31,255.06
45.23,10.04,763.74
3.49,20.14,166.0
14.71,16.73,325.53
36.8,47.19,735.26
44.17,105.57,1033.6
13.74,73.29,471.85
19.12,70.36,542.28
25.39,23.89,504.4
9.43,90.67,462.91
37.94,71.21,839.71
43.9,112.03,1035.82
29.54,97.06,776.47
4.71,41.91,248.39
37.38,79.83,846.91
9.72,65.26,393.81
27.58,101.97,778.13
22.37,37.21,494.71
42.87,81.27,944.86
31.76,14.17,555.86
46.39,6.43,762.01
30.35,52.39,665.52
23.48,23.37,474.32
10.62,88.25,471.88
18.63,24.31,406.83
33.04,18.83,606.76
40.62,73.83,894.94
10.76,71.54,426.19
8.98,15.74,232.05
47.97,90.78,1053.0
6.97,43.98,286.22
17.4,9.11,340.35
23.4,73.62,616.79
30.96,29.25,594.45
38.78,29.12,719.24
47.74,86.63,1027.58
27.89,117.1,829.01
6.3,71.8,357.38
14.66,107.47,593.61
4.53,36.53,228.4
10.81,96.12,500.53
17.47,6.07,330.08
24.26,82.47,671.3
32.7,80.47,788.32
43.95,107.71,1014.04
20.54,31.82,451.29
40.69,95.1,937.01
22.0,84.77,630.18
30.87,53.51,674.84
20.06,8.22,376.07
31.28,60.86,700.74
48.19,72.05,984.11
2.1,29.29,170.41
49.42,69.55,1004.73
8.14,18.07,228.31
24.53,113.34,758.01
38.11,14.08,656.5
20.65,66.64,561.4
37.07,78.54,835.16
4.17,5.75,129.74
28.48,109.3,816.65
28.18,34.16,570.41
34.25,45.45,680.08
42.07,66.62,894.78
4.56,107.13,441.01
10.13,43.27,331.55
17.24,29.85,394.6
9.24,21.08,251.61
45.96,50.95,896.05
39.06,85.42,891.11
6.52,51.69,299.11
14.48,75.99,496.86
2.87,90.46,365.16
6.8,104.87,470.03
6.92,60.67,336.73
24.89,90.24,691.63
21.4,102.67,679.79
28.34,102.72,789.01
39.71,88.29,912.86
37.31,70.1,819.0
3.76,91.19,384.47
37.04,20.55,661.72
29.82,69.19,699.14
6.4,55.48,312.41
3.59,114.4,443.6
31.5,93.75,808.43
38.86,40.99,755.01
6.49,57.88,325.97
47.05,84.86,1035.3
23.52,86.92,671.03
44.16,113.91,1048.1
2.19,38.28,198.64
13.15,58.16,417.66
39.38,102.85,939.56
3.65,89.79,382.33
35.69,32.13,675.62
33.91,21.94,629.25
45.66,50.78,875.7
42.69,116.35,1044.15
15.6,28.51,371.67
38.28,118.13,979.05
43.84,83.94,961.01
30.5,56.94,677.39
25.28,115.85,774.26
48.33,61.99,962.91
35.9,54.05,755.83
44.66,78.62,938.49
32.83,41.41,670.88
7.72,56.34,330.44
12.86,86.16,496.69
28.21,74.18,696.26
14.89,43.06,400.15
47.43,108.03,1070.32
37.46,96.39,909.3
6.8,67.33,354.16
41.17,70.54,875.39
2.41,69.25,295.1
35.01,68.92,792.66
46.55,70.54,951.79
8.93,64.95,375.93
22.45,81.87,636.33
4.4,28.51,199.61
5.12,90.69,403.37
10.82,16.79,264.64
24.11,30.72,504.96
29.3,78.08,732.82
43.12,78.3,923.92
42.63,65.03,876.96
19.41,6.6,361.72
37.44,51.12,764.54
48.69,116.58,1127.71
34.14,34.16,667.52
40.03,81.83,895.78
46.48,84.91,1007.36
13.74,70.2,458.48
48.11,63.21,943.72
11.67,17.61,278.02
33.24,70.09,764.45
32.27,46.44,673.54
13.23,59.8,422.9
34.7,38.39,676.97
1.26,45.4,205.51
26.04,55.77,611.2
42.39,19.22,748.19
33.45,41.66,664.61
40.36,41.76,780.76
49.76,43.07,920.86
16.13,61.01,476.79
21.35,51.32,517.92
35.25,26.4,652.69
37.13,87.83,876.99
49.84,15.26,858.88
10.04,94.46,486.26
26.13,47.93,577.73
38.86,115.48,965.65
32.97,30.28,641.53
20.83,22.33,430.13
22.52,96.26,673.18
24.31,77.59,656.18
25.85,32.96,534.82
17.51,37.38,431.08
43.96,39.3,818.55
12.75,53.08,404.79
47.15,100.28,1049.13
30.6,54.16,662.3
43.67,68.07,905.52
34.4,52.5,727.91
5.73,48.92,279.1
31.55,51.7,670.58
6.06,29.23,236.12
2.33,25.14,162.82
33.03,45.68,680.06
19.69,11.75,380.11
14.49,18.04,320.12
6.75,102.64,461.32
31.28,114.37,875.09
18.39,90.75,604.48
29.32,23.28,561.97
13.97,67.55,457.59
10.03,53.22,361.61
24.62,61.52,608.64
19.67,80.01,581.86
34.14,88.03,817.5
44.36,40.07,837.95
1.0,82.35,313.0
38.47,5.45,647.45
47.7,90.15,1035.86
41.67,40.37,797.44
40.46,10.13,687.2
3.2,71.66,308.85
16.35,115.28,637.03
16.42,46.61,430.82
19.77,79.35,583.58
13.33,76.64,483.56
46.9,56.11,915.53
48.19,81.4,1018.06
11.76,113.07,576.08
48.51,101.83,1069.3
4.94,63.02,312.72
15.61,103.53,599.58
36.4,57.01,767.68
37.28,116.33,940.63
18.9,76.34,566.01
48.6,59.29,948.59
31.21,89.4,790.78
21.46,78.18,605.06
41.37,27.96,742.92
4.91,85.09,378.44
44.65,24.9,778.72
38.76,63.27,808.53
18.09,84.72,575.37
42.45,55.69,876.0
8.9,73.71,405.69
40.55,107.93,985.62
43.84,92.73,982.68
41.05,56.01,838.34
43.18,15.06,737.51
32.88,47.44,693.15
21.68,26.55,456.12
6.12,119.82,503.88
21.43,76.37,595.0
28.47,23.06,553.12
22.2,60.31,549.65
49.47,118.29,1161.94
12.07,119.02,583.16
20.98,72.14,574.91
8.12,113.03,509.0
27.85,116.73,812.6
11.3,17.05,264.03
39.25,50.54,788.28
46.28,106.66,1079.57
41.15,96.22,964.08
42.65,29.48,781.02
35.0,100.96,864.87
38.8,90.16,909.79
5.89,43.39,268.41
25.59,28.44,524.05
9.3,12.7,223.07
29.54,103.35,791.79
33.33,29.6,634.82
42.9,89.29,965.39
46.88,105.64,1079.79
40.59,56.43,826.49
34.9,24.15,641.67
20.84,77.23,594.59
31.56,47.59,667.78
4.69,31.95,214.68
40.26,55.21,812.07
21.74,20.71,437.26
34.65,17.08,620.09
2.12,100.29,384.9
17.89,82.04,565.29
48.07,67.68,958.66
43.04,27.95,781.93
47.52,105.45,1085.44
42.59,13.41,720.31
13.29,57.12,425.28
43.43,15.33,740.58
3.01,88.91,357.33
9.0,38.97,297.29
40.18,61.92,824.44
3.25,74.06,317.53
10.73,17.85,261.12
13.18,105.84,573.07
31.18,24.75,584.29
9.02,29.54,271.78
23.02,46.3,526.8
29.67,23.07,563.95
40.83,45.53,793.86
21.46,119.51,724.44
28.48,97.31,776.35
14.37,13.76,309.19
23.66,73.69,623.83
2.54,32.54,187.02
5.99,99.35,442.02
26.83,33.74,551.98
21.19,105.75,682.9
18.7,79.87,563.45
10.14,36.01,309.17
3.54,97.1,385.34
16.9,5.11,322.15
43.53,92.62,973.22
3.08,12.44,134.25
27.05,78.15,690.23
16.95,83.17,554.32
32.38,7.63,560.68
4.58,97.71,408.82
45.44,28.0,799.37
26.29,75.84,672.27
1.08,107.97,385.56
2.09,119.16,436.66
38.09,57.44,792.63
34.55,115.08,923.51
35.46,32.61,676.04
1.59,78.92,314.11
14.33,22.39,330.59
19.97,75.97,577.72
36.42,64.43,780.28
13.61,81.76,497.36
10.29,15.13,253.53
22.53,63.08,584.45
41.68,43.94,804.06
46.16,21.09,805.74
26.6,82.31,697.55
30.85,82.39,757.05
8.12,36.26,278.29
28.52,13.81,516.84
13.2,92.54,521.92
7.51,75.96,388.16
22.97,30.29,485.79
45.8,56.22,904.44
24.34,103.1,725.29
48.38,29.33,879.55
44.39,119.98,1073.07
31.56,33.5,621.28
19.89,34.16,446.26
26.5,94.67,722.13
27.75,33.28,571.79
32.64,97.01,834.55
22.74,111.3,735.93
5.98,77.35,374.78
1.93,23.83,152.03
25.07,80.64,675.93
41.07,100.92,949.94
0.51,112.09,397.32
10.27,100.78,502.27
10.72,94.21,487.81
22.05,115.62,729.67
39.26,101.87,956.99
45.9,14.2,776.94
45.85,26.61,821.73
9.02,61.8,370.13
32.54,19.87,605.01
30.03,6.24,518.15
33.81,26.51,638.44
34.25,12.32,602.14
9.01,55.59,352.85
13.09,19.17,298.62
15.73,86.23,541.73
13.67,99.98,551.75
6.52,93.65,427.93
38.65,50.67,782.74
27.99,53.22,620.69
29.02,107.74,809.69
47.44,86.16,1019.98
35.37,88.43,847.5
36.11,98.83,890.05
21.79,62.25,567.51
7.85,52.98,330.33
36.55,88.31,855.79
38.99,20.19,698.72
49.05,22.83,866.16
0.87,87.8,327.99
11.59,25.79,307.19
19.77,9.32,379.3
36.72,14.0,647.89
11.57,94.21,508.8
45.65,69.12,956.41
40.37,75.9,864.32
28.43,51.64,645.32
9.37,83.1,440.66
26.42,82.08,674.82
16.06,24.1,366.71
4.77,103.5,433.3
42.27,18.44,739.56
43.62,94.26,1000.36
32.05,113.24,858.69
9.06,55.74,354.52
23.88,34.73,507.51
9.87,91.86,464.85
17.43,92.69,589.37
19.04,50.18,482.67
36.17,15.36,638.79
44.37,67.29,916.16
49.18,75.13,1019.36
6.61,69.71,357.98
33.82,20.5,614.89
8.63,92.66,460.62
30.91,67.87,714.05
20.05,115.27,691.77
20.71,19.12,418.86
36.86,33.75,700.42
23.02,36.4,504.34
36.45,5.88,612.12
20.14,61.1,530.48
17.98,50.85,475.84
26.58,54.48,611.98
2.87,22.22,160.39
16.75,114.49,644.03
30.66,8.31,535.14
11.81,91.72,498.21
44.28,46.7,863.57
23.93,34.85,518.35
38.01,10.85,645.13
16.23,16.2,338.47
21.33,60.58,553.1
24.04,101.66,714.92
0.82,14.49,103.77
23.4,35.42,500.35
28.98,90.0,755.76
12.22,106.94,548.04
45.47,86.8,987.81
29.25,76.1,719.07
29.81,66.54,710.41
15.29,42.18,412.07
6.92,111.79,482.98
35.78,103.04,903.48
35.2,37.06,687.14
20.4,111.47,688.94
10.37,60.25,380.45
6.83,77.47,388.8
27.06,118.12,800.36
42.45,107.88,1009.28
5.59,100.1,435.32
29.86,107.93,807.86
8.31,7.26,199.77
48.28,16.49,834.14
20.69,86.78,624.36
4.89,21.81,188.92
30.9,77.32,758.01
17.06,36.5,414.4
9.8,74.76,422.17
1.59,10.09,103.91
26.0,47.2,585.56
9.78,43.88,332.3
4.79,15.85,168.74
29.78,114.62,830.42
19.74,26.29,431.6
13.35,24.45,323.4
35.91,64.88,775.06
40.78,53.84,834.98
33.04,49.03,705.03
39.99,16.31,711.81
11.68,38.65,344.22
40.05,101.35,954.95
17.54,43.46,446.97
47.96,46.72,913.49
31.6,85.67,783.07
21.55,93.34,656.19
22.74,118.93,743.14
35.66,39.35,701.54
35.44,13.73,629.31
7.46,21.62,229.89
4.31,92.83,395.91
32.68,50.49,694.52
45.08,75.91,957.31
46.44,50.86,903.8
42.29,112.33,1028.26
18.14,43.93,457.76
44.97,25.66,802.52
17.2,88.92,572.46
49.88,29.94,895.94
33.41,119.23,893.68
25.04,30.19,518.0
31.18,104.46,836.44
4.28,57.3,281.03
28.52,16.04,529.53
27.29,63.86,650.44
14.53,64.6,456.62
28.4,5.87,494.37
11.82,94.76,517.76
32.45,80.14,770.6
27.03,47.57,588.32
18.5,102.05,633.51
43.3,96.95,995.79
24.65,81.14,664.4
12.57,112.83,573.77
33.55,76.36,784.18
21.22,95.57,657.56
46.58,113.51,1092.65
39.84,117.68,984.52
4.9,93.69,409.43
37.67,56.85,784.26
46.36,47.26,899.79
13.59,94.05,532.88
40.01,88.23,909.81
27.96,19.74,516.63
18.82,23.79,405.73
3.29,68.7,304.58
22.04,81.94,626.12
25.52,18.75,491.69
45.61,49.69,883.56
42.31,72.96,898.24
30.13,7.47,523.94
7.52,21.13,227.09
33.58,54.63,727.39
7.55,18.09,216.78
23.86,65.31,609.07
44.55,50.13,900.73
2.16,6.15,101.75
35.73,70.58,795.94
35.24,24.25,657.67
1.03,40.03,184.3
47.59,75.26,982.94
5.62,83.46,390.45
21.5,21.54,435.92
17.75,29.05,405.16
19.9,75.29,571.1
1.17,23.34,135.94
45.39,78.06,999.72
32.28,29.22,628.09
2.18,52.17,239.27
44.2,19.49,778.37
14.04,78.63,496.71
44.14,5.37,720.96
3.27,81.33,345.85
27.12,11.86,491.03
0.84,55.5,228.08
21.77,74.22,584.46
45.09,91.94,1024.0
49.15,113.31,1153.25
8.28,78.18,404.68
47.14,14.88,796.75
1.85,59.11,252.61
47.39,15.6,808.37
36.22,46.97,728.09
9.21,65.71,382.64
2.72,93.6,370.22
4.47,59.03,289.72
31.52,10.68,552.61
17.35,24.08,385.3
44.25,44.75,856.95
16.12,58.08,461.51
49.98,61.38,997.78
2.61,48.19,233.31
35.18,109.93,911.39
23.33,60.07,592.58
23.83,113.01,742.2
3.5,83.64,357.0
36.59,93.79,885.95
32.14,17.76,577.93
38.8,73.09,846.37
23.19,102.83,706.32
18.92,117.65,690.66
29.61,37.3,609.11
20.42,76.06,586.47
18.33,34.65,431.38
31.87,14.3,563.16
43.58,80.47,938.63
6.49,63.78,337.76
28.81,92.16,760.17
10.84,111.8,559.43
17.98,94.01,606.71
30.13,110.53,853.96
28.97,71.46,696.5
35.86,17.07,629.96
22.8,54.92,566.85
5.98,6.69,159.52
19.19,21.29,397.94
36.32,87.19,860.3
44.15,64.15,909.21
4.37,70.16,325.14
1.78,85.75,334.75
32.43,105.98,843.91
46.11,108.82,1077.13
47.16,89.93,1023.42
29.47,35.79,602.56
16.71,100.16,603.55
39.23,38.41,755.18
44.18,13.76,752.38
40.35,111.66,986.36
32.46,111.75,878.02
21.51,116.81,724.21
10.92,31.66,306.72
25.63,67.43,633.47
39.04,40.09,770.08
15.11,56.5,443.84
12.22,5.15,248.05
7.75,49.31,316.7
1.19,14.24,108.92
32.93,57.01,717.2
4.04,65.88,310.96
13.12,8.21,276.97
21.23,80.83,603.21
17.0,108.48,622.28
47.28,107.45,1074.14
37.16,38.54,728.98
19.14,21.52,407.23
34.08,48.52,707.64
33.64,77.88,774.77
1.93,9.38,107.41
47.61,104.77,1070.87
15.51,70.81,492.08
1.35,107.6,393.67
43.35,68.08,918.36
4.89,69.18,337.28
17.63,46.43,452.87
47.13,110.69,1087.0
37.6,113.06,961.51
48.36,32.91,874.03
43.54,65.76,886.9
39.7,59.56,817.29
41.3,96.67,968.12
11.63,105.34,542.09
42.58,100.32,985.43
12.59,14.33,277.81
43.62,23.87,776.32
33.71,110.57,888.63
9.64,73.78,409.97
12.34,42.96,360.23
18.04,44.1,453.55
29.48,70.82,711.67
32.32,97.52,824.88
28.75,48.84,619.91
41.75,101.92,976.97
5.9,100.6,441.99
37.44,110.93,955.7
24.54,94.35,700.34
22.62,80.26,632.9
25.18,34.97,540.05
0.78,28.08,146.79
49.7,103.8,1101.2
17.56,52.65,471.38
7.05,50.42,306.05
29.79,81.67,730.82
27.24,9.17,491.27
43.54,31.19,799.12
13.68,13.12,299.71
6.02,58.97,318.57
40.84,81.42,917.33
18.83,55.2,510.83
14.91,82.51,515.15
13.76,118.43,615.1
5.67,84.75,386.1
3.44,97.19,393.3
31.06,10.14,540.86
28.28,32.75,567.42
39.84,32.38,728.35
4.04,49.8,256.4
20.7,21.74,424.5
42.48,71.96,910.94
0.98,83.49,320.01
34.63,89.97,834.04
34.75,7.36,593.09
44.62,23.96,795.34
18.18,117.0,675.44
14.87,86.1,533.08
12.44,82.21,482.82
24.67,50.95,574.4
5.44,114.37,476.83
36.15,30.44,682.82
30.57,15.46,554.32
3.71,76.15,333.81
13.84,92.06,538.25
22.36,45.4,519.66
2.51,88.99,359.26
22.31,44.45,524.0
3.08,114.19,430.25
44.14,20.87,775.48
35.16,18.48,637.11
28.72,69.74,700.45
22.15,108.01,693.43
30.0,29.9,585.02
22.55,77.12,610.42
29.69,76.93,718.67
15.99,79.59,533.51
13.16,85.12,503.04
2.58,60.26,271.34
9.3,7.47,216.58
22.69,25.76,472.48
27.67,14.4,506.17
36.01,56.75,762.83
48.92,23.1,857.37
28.45,15.62,523.27
39.78,114.78,997.84
12.03,98.82,527.59
33.88,55.98,733.21
21.55,23.33,439.26
9.51,62.81,383.02
23.18,79.69,624.2
3.36,72.71,319.28
24.7,14.3,458.52
2.2,6.27,102.68
27.21,111.76,784.25
42.7,97.02,970.52
48.3,64.87,974.24
12.51,63.96,429.62
1.17,74.1,287.5
48.9,50.58,940.75
24.43,41.19,543.49
44.71,29.0,804.58
2.45,36.91,197.46
39.54,100.81,957.95
41.06,72.01,885.76
15.52,92.89,555.36
10.63,79.32,439.98
6.72,118.49,504.89
20.29,81.72,592.98
28.78,50.51,628.72
24.31,86.12,667.89
27.11,18.35,509.25
33.96,72.99,772.32
9.72,107.54,513.78
16.26,109.73,622.69
45.3,87.4,988.88
3.5,61.92,291.25
18.53,83.73,578.24
11.75,51.38,383.09
13.07,105.51,564.92
36.75,99.72,895.52
49.43,71.74,1025.96
30.39,119.95,873.34
3.24,61.55,281.11
31.67,28.78,595.42
14.43,74.95,483.75
34.01,15.07,608.42
47.74,104.6,1085.42
11.21,83.26,470.31
26.35,58.34,617.34
25.29,7.8,449.1
7.28,39.62,279.52
24.74,63.57,608.57
17.26,33.12,409.04
20.45,63.55,555.47
20.49,118.61,714.46
6.75,21.45,214.32
0.77,42.58,188.7
2.79,71.97,306.57
30.25,32.81,604.64
26.71,66.47,651.98
23.18,97.49,681.55
19.15,88.9,600.4
33.81,55.22,726.29
47.77,118.62,1128.74
16.22,35.2,405.97
24.22,66.56,621.31
42.24,45.67,822.25
25.81,92.1,715.47
12.92,61.22,428.17
0.65,99.58,355.37
9.45,43.88,327.41
11.76,17.45,274.76
3.72,68.96,312.17
28.69,63.42,668.52
35.29,87.83,832.48
30.27,100.79,801.7
38.61,49.32,778.32
11.43,9.01,250.97
42.73,40.97,800.99
25.62,23.03,494.54
7.72,61.37,348.5
47.59,75.26,980.47
21.68,105.44,696.51
21.83,40.45,500.18
4.01,26.6,187.76
10.51,9.38,235.41
0.88,58.22,235.82
48.47,57.35,946.49
14.98,5.44,295.85
29.57,94.29,780.15
43.58,91.74,973.5
40.6,81.53,907.24
26.54,100.64,752.42
39.6,27.38,730.93
20.12,119.68,708.19
33.17,10.35,585.98
18.77,48.29,474.06
17.54,42.87,439.38
39.81,75.79,869.98
14.03,95.01,542.23
31.11,39.98,652.38
37.19,32.16,712.67
26.37,63.35,636.84
32.57,41.1,669.61
43.96,101.88,1000.49
47.27,22.71,830.23
32.75,110.39,871.11
13.11,90.33,528.9
28.53,89.1,746.88
10.68,117.19,569.26
1.5,22.43,139.85
16.99,86.59,570.47
7.01,56.06,321.01
16.3,16.31,345.54
43.81,35.6,816.93
48.37,97.08,1071.96
9.97,22.04,264.78
44.06,111.31,1066.11
16.35,92.98,570.57
41.94,28.09,768.58
38.5,96.2,919.22
11.89,99.99,526.68
33.56,94.23,836.13
39.2,112.29,975.91
21.15,20.92,430.79
41.94,40.74,803.01
27.08,74.3,687.45
21.28,17.65,415.27
23.23,74.03,631.61
7.53,32.54,258.37
5.32,22.99,195.87
13.12,84.89,501.46
21.54,38.84,485.8
25.28,27.99,516.26
45.67,81.04,983.84
19.11,19.79,394.78
12.84,41.23,360.96
47.23,49.38,902.73
2.39,75.92,310.6
36.17,51.4,754.6
10.68,23.93,282.4
13.3,30.22,339.81
29.21,94.98,753.95
35.75,47.84,734.38
44.01,33.97,818.34
5.2,17.17,176.51
2.72,101.23,395.73
43.19,47.19,836.23
34.04,84.09,808.34
35.24,103.34,894.71
32.28,19.07,589.97
29.86,48.59,643.05
35.79,45.02,720.74
32.45,109.51,870.04
17.49,105.77,630.35
48.19,64.57,952.98
21.5,80.99,607.56
22.21,92.74,654.1
40.39,92.16,943.49
31.09,26.49,577.71
1.49,119.02,431.12
35.56,47.54,732.82
2.38,34.76,190.33
47.42,6.81,790.17
49.01,54.45,971.23
48.8,6.34,791.04
7.74,119.52,520.12
48.62,21.56,836.25
6.63,86.55,409.32
43.42,74.54,926.59
21.14,51.9,528.51
33.22,110.24,879.73
18.02,51.34,474.87
36.49,84.65,845.48
3.72,52.43,257.52
12.74,87.73,507.89
31.14,94.46,801.34
40.73,12.74,696.43
11.4,62.7,410.63
23.57,114.69,731.7
41.12,38.78,771.86
40.05,33.23,756.38
23.91,112.06,743.48
19.21,15.07,380.37
37.55,71.26,833.76
48.74,53.98,945.94
7.69,86.91,428.39
32.06,117.46,902.86
35.62,74.93,795.21
30.96,56.95,686.56
46.58,89.95,1016.65
8.28,71.67,391.07
10.64,20.78,267.31
10.03,107.68,524.99
4.91,64.73,313.64
36.14,67.11,794.36
5.0,81.97,376.76
16.71,64.8,496.31
45.83,109.72,1080.22
35.86,40.02,701.59
25.54,18.98,489.38
24.78,68.13,625.12
42.89,57.71,866.69
35.53,17.64,633.42
37.17,111.45,957.07
36.68,75.71,835.81
25.35,101.12,740.07
27.95,77.76,706.56
26.0,29.52,528.05
16.27,22.0,360.53
5.92,57.13,314.4
18.61,41.84,464.45
27.07,37.42,565.11
36.32,118.71,945.22
36.56,81.31,842.19
48.37,47.66,930.65
30.95,28.67,595.61
18.18,23.66,393.7
43.43,50.3,854.11
12.58,61.11,423.0
10.05,19.71,260.27
8.47,39.9,301.22
18.55,110.68,664.42
23.29,61.16,589.49
20.35,54.67,529.98
34.61,70.44,774.59
20.43,64.71,561.35
21.58,102.2,679.42
4.76,67.08,321.77
1.55,95.27,354.87
16.81,40.14,425.12
46.17,107.01,1042.51
23.36,70.31,617.06
24.88,12.19,463.55
20.72,85.62,617.21
49.85,68.53,985.74
11.85,68.91,433.93
33.97,54.2,716.74
5.53,40.03,253.36
30.1,25.31,572.05
17.11,88.77,570.6
18.99,99.01,630.56
31.27,35.19,627.51
28.66,18.72,529.78
19.98,32.22,448.0
39.88,25.9,736.37
6.3,41.16,266.74
22.91,92.67,674.79
15.67,6.76,306.48
36.12,24.9,674.76
30.72,105.45,823.45
32.82,48.99,694.47
35.85,44.58,712.27
42.37,113.49,1015.92
20.57,36.96,463.14
32.51,109.53,855.27
10.16,88.01,465.09
36.84,59.73,782.31
15.59,21.05,352.59
26.05,101.14,735.04
35.2,65.93,791.56
19.79,13.19,389.02
21.19,66.57,575.53
29.75,13.1,539.64
36.8,14.93,644.48
14.16,28.25,347.71
29.07,23.17,555.34
39.37,72.41,857.41
44.58,103.42,1040.64
3.64,99.81,395.84
3.23,18.42,153.62
9.87,26.37,278.34
28.92,38.14,587.29
4.47,74.99,346.46
46.43,9.18,781.91
10.92,70.77,431.82
34.29,33.58,652.48
31.22,47.45,673.38
12.93,46.22,385.05
27.88,31.62,563.64
31.61,88.87,792.36
12.09,5.75,249.36
33.11,25.02,622.31
43.0,71.58,912.2
36.83,115.31,971.01
19.05,71.8,552.47
46.84,24.54,836.74
10.56,29.97,303.33
21.33,114.23,705.65
12.41,98.65,528.56
23.8,92.58,692.35
42.78,83.48,944.0
20.59,76.65,592.89
30.79,68.53,725.12
40.14,115.27,985.55
25.13,91.52,705.72
19.26,87.35,607.21
48.89,74.75,998.85
32.92,8.93,575.07
41.62,30.41,761.04
2.23,63.67,274.35
28.63,41.63,604.16
45.97,60.7,918.43
22.94,69.23,604.35
2.14,11.47,115.96
3.28,96.15,393.19
4.44,92.71,389.54
17.07,29.79,394.21
24.57,49.06,566.59
37.19,78.48,845.96
21.08,26.3,447.53
22.78,24.2,474.96
32.94,106.98,877.68
45.69,44.19,862.69
37.76,87.39,897.6
10.17,25.01,275.53
31.24,90.79,781.09
7.39,34.04,266.81
41.12,49.1,818.33
22.58,82.96,634.92
22.44,118.35,740.0
18.99,39.31,453.36
44.47,72.84,949.69
15.12,112.74,609.64
17.12,80.87,551.47
41.95,118.71,1041.3
6.36,83.37,393.31
5.8,69.43,348.64
27.08,87.38,718.74
43.26,21.2,754.88
2.41,33.66,184.16
0.84,26.97,145.55
49.87,27.92,876.54
35.21,45.53,711.63
15.82,66.54,491.36
49.89,45.57,941.05
44.74,100.45,1012.5
44.07,8.88,728.59
20.18,24.39,416.43
46.99,89.09,1031.15
26.63,59.82,618.21
48.15,56.82,929.14
18.63,70.95,546.0
46.36,116.84,1101.27
6.49,109.05,476.73
47.47,31.63,835.57
37.42,22.45,679.89
36.8,102.51,906.74
6.62,97.92,441.14
1.58,107.85,391.38
7.97,22.69,238.08
13.73,14.27,296.82
1.24,96.67,361.68
29.5,8.66,514.81
46.95,54.02,906.28
34.7,94.33,845.43
46.75,56.74,921.98
8.93,93.35,465.61
22.59,118.11,747.43
5.45,21.89,196.12
22.66,73.51,607.98
15.5,8.47,313.7
43.61,16.86,768.88
18.9,31.65,427.13
40.34,32.02,746.54
45.72,84.61,988.11
2.19,18.3,137.44
36.2,22.75,667.99
32.12,108.15,846.42
17.04,47.2,445.96
42.36,20.94,744.35
18.87,101.98,635.53
0.84,110.57,392.57
43.56,26.68,791.79
10.67,72.54,422.4
16.71,75.84,534.63
45.21,17.61,788.35
14.13,24.55,329.24
17.08,118.58,650.28
38.17,15.56,676.19
8.75,58.39,355.42
38.78,14.88,680.31
25.7,108.61,760.97
45.95,54.37,909.64
26.81,87.35,711.9
2.61,81.5,335.14
47.68,84.85,1028.64
16.14,34.24,391.77
19.55,55.05,509.66
30.29,31.78,609.74
15.7,34.5,392.69
13.85,51.72,412.07
14.77,42.47,400.78
12.11,88.71,493.84
35.91,79.79,808.18
20.52,7.67,382.63
41.79,107.83,1006.94
2.79,55.34,257.46
7.47,71.53,375.18
30.99,70.39,720.77
15.74,22.91,352.05
21.91,86.01,637.49
23.16,44.56,528.59
39.11,61.5,806.78
15.21,114.1,626.31
35.09,43.0,707.69
45.04,57.17,896.68
35.84,47.58,746.33
19.01,94.12,615.59
17.72,28.64,403.35
37.84,108.36,940.36
46.55,6.37,764.02
10.85,11.27,243.52
46.45,107.23,1068.02
48.9,72.93,988.43
27.27,53.82,618.37
13.93,20.66,322.54
19.92,77.06,576.98
23.73,53.14,565.62
13.49,79.66,492.08
9.4,79.93,432.23
7.99,67.85,372.28
35.4,24.53,660.25
46.55,57.34,902.14
21.02,48.07,515.5
24.06,103.83,719.18
6.14,56.71,315.17
0.77,91.03,338.81
17.94,34.31,423.14
14.92,42.14,399.68
46.0,108.5,1064.69
42.69,93.2,978.15
42.69,11.28,731.57
38.6,104.86,952.71
15.23,46.57,419.89
30.7,21.29,572.61
6.28,50.14,295.29
49.89,117.13,1119.93
29.67,81.12,729.4
13.61,24.64,326.42
2.44,103.63,401.82
36.86,87.94,857.94
44.46,47.02,873.28
13.76,67.06,455.22
14.7,48.86,416.91
39.7,50.71,802.03
10.06,68.19,403.22
15.65,62.23,465.82
12.21,23.15,305.0
38.97,60.16,784.97
49.14,88.38,1042.28
27.19,71.84,676.71
3.66,12.38,142.37
10.67,55.81,375.78
30.12,101.97,806.49
3.27,65.16,293.06
9.08,68.39,384.42
42.67,47.1,833.29
32.71,94.18,825.7
16.46,60.87,477.37
12.65,62.14,425.69
32.45,7.22,559.32
41.8,26.22,761.03
31.56,14.32,576.82
33.23,31.86,641.18
6.0,45.88,275.48
41.94,62.95,869.77
42.96,79.65,933.27
36.42,61.36,783.97
8.88,15.3,230.11
41.74,21.3,729.05
46.25,60.04,919.18
48.49,11.97,813.3
14.86,77.69,501.05
43.52,43.27,848.49
8.16,9.81,203.99
48.45,106.85,1083.06
25.47,14.72,472.99
7.82,106.14,487.67
33.52,111.99,888.33
33.62,80.32,799.84
6.08,76.19,369.12
34.84,85.46,834.59
2.98,23.77,165.72
38.03,73.07,841.55
35.83,22.11,650.42
49.42,54.81,966.9
16.23,21.45,364.9
40.44,67.31,863.81
24.88,95.02,702.85
31.71,9.05,551.96
30.17,63.73,686.53
23.02,61.5,572.21
21.51,50.1,528.88
20.76,41.53,479.42
45.18,25.9,808.62
6.23,36.2,250.76
17.87,37.93,428.31
34.64,38.55,689.59
42.91,105.73,1017.75
40.66,13.41,689.18
28.64,117.29,842.78
39.91,90.5,912.63
47.51,93.26,1024.24
36.27,22.42,669.97
9.37,19.98,248.47
38.82,72.5,844.76
18.88,28.6,420.1
42.72,111.35,1026.99
40.48,77.77,875.24
0.81,100.71,362.2
22.09,105.3,689.23
1.55,60.83,252.5
24.69,80.31,656.23
46.41,57.48,930.06
28.9,73.31,706.05
18.01,86.2,582.96
44.69,99.54,1005.67
29.3,57.31,674.75
11.07,37.15,330.1
41.66,10.9,696.24
26.37,65.99,653.43
32.98,82.05,778.79
45.45,71.77,952.91
12.15,18.39,283.94
30.62,37.37,628.43
7.73,11.79,202.23
4.69,116.3,478.04
2.34,64.51,279.6
21.32,63.44,570.0
6.66,119.24,509.61
14.24,117.68,623.63
46.13,106.88,1074.77
11.74,85.13,465.31
1.23,65.5,270.73
5.23,35.92,236.17
46.3,97.23,1035.41
3.35,86.97,364.37
33.04,12.65,587.79
32.81,29.73,642.01
5.76,58.68,315.2
12.04,97.86,524.33
27.97,14.1,515.77
19.77,21.65,409.66
33.35,119.71,920.53
2.52,36.98,199.17
42.18,46.82,817.71
20.0,38.82,461.62
9.82,14.34,240.74
7.6,102.03,469.76
35.11,26.69,647.97
22.73,29.64,484.51
39.41,31.84,738.29
27.1,12.14,489.12
4.21,24.24,183.12
42.25,58.77,869.91
38.91,92.48,917.82
8.8,56.37,351.7
18.99,6.64,358.11
30.59,107.87,835.29
24.28,93.6,685.28
24.72,43.69,552.31
2.68,55.93,259.38
25.33,8.89,455.79
6.12,43.59,278.0
25.28,105.33,751.98
37.96,79.26,856.43
31.31,88.88,769.97
11.33,69.19,421.05
34.87,35.55,675.19
3.48,110.32,430.7
45.5,22.54,796.96
28.98,67.18,694.57
34.97,74.75,793.17
18.49,112.05,654.15
2.7,94.96,381.64
15.66,16.39,332.79
40.34,16.97,707.07
34.15,35.59,678.03
34.11,107.64,888.54
29.14,29.57,573.23
41.87,30.84,768.11
35.16,88.95,851.46
25.07,101.33,737.35
28.7,9.81,508.05
22.82,99.07,695.74
22.83,40.7,509.4
44.53,60.19,896.44
15.6,110.82,626.41
7.2,71.77,372.46
5.23,93.24,407.44
13.45,70.45,468.22
38.4,84.91,880.54
45.14,72.34,947.51
40.26,48.4,801.64
40.37,65.25,841.8
34.79,40.02,687.8
13.56,73.04,468.53
35.3,82.37,817.24
46.51,96.89,1033.46
28.58,50.8,618.04
49.25,8.88,825.46
46.66,108.67,1092.67
45.98,118.76,1094.61
9.77,98.67,482.43
28.88,84.26,737.45
18.72,90.94,601.23
26.14,27.06,528.98
30.83,46.44,662.47
5.57,105.99,451.24
21.53,30.35,467.75
0.92,85.63,322.77
2.69,43.76,221.63
49.26,76.41,1006.61
3.73,111.13,436.89
20.36,113.67,699.85
40.58,42.61,785.23
21.56,113.48,719.38
31.54,11.95,562.42
43.06,94.45,996.48
11.95,111.47,567.29
11.1,82.41,476.04
10.68,25.8,283.9
16.76,8.4,325.57
30.59,45.47,639.6
4.12,97.08,400.96
44.67,33.52,803.22
29.55,36.72,605.31
37.59,67.54,809.36
17.16,118.6,663.57
33.61,53.7,711.68
7.11,25.52,235.26
27.48,27.49,547.78
40.47,47.84,791.35
27.92,43.71,604.69
12.06,88.86,501.79
26.24,45.65,579.82
38.07,36.74,740.85
24.81,19.77,479.47
47.72,6.42,790.81
42.36,82.81,928.15
30.85,100.77,801.01
0.72,42.93,189.03
41.4,8.86,696.12
24.06,53.57,572.11
46.86,41.77,898.04
14.85,33.51,375.74
14.67,19.78,330.13
5.48,27.23,211.87
8.94,20.92,247.69
12.47,30.2,326.32
6.88,85.56,412.75
0.62,97.46,352.97
34.66,43.27,700.27
15.7,9.31,311.34
46.72,10.43,796.4
26.29,118.13,798.64
30.43,72.24,725.04
16.63,101.23,603.57
4.76,80.56,369.95
22.46,86.08,652.15
33.38,103.05,862.48
15.11,27.0,363.57
12.41,51.47,382.78
19.15,109.87,665.73
9.95,10.07,227.58
13.18,113.95,596.71
18.74,53.22,483.28
41.39,56.51,853.52
19.58,70.82,556.5
15.85,44.28,423.84
10.28,77.14,436.87
42.18,14.78,732.52
36.86,92.19,890.74
21.95,87.76,636.06
35.02,39.69,698.68
31.44,106.78,827.59
1.92,66.29,281.31
38.06,12.06,667.48
11.85,78.66,458.06
19.16,104.61,645.85
11.02,97.03,513.48
7.65,24.22,234.67
7.03,102.0,464.61
31.43,78.91,760.91
26.61,11.75,484.36
25.07,30.74,515.47
29.62,108.46,822.45
13.49,32.5,354.87
41.67,47.32,824.33
18.73,85.86,590.09
40.18,22.16,717.71
24.63,89.65,694.23
10.08,6.66,222.09
34.21,71.5,784.87
28.27,117.07,817.25
13.74,36.89,368.06
10.85,104.37,513.13
49.36,9.65,838.37
22.77,29.63,474.74
7.62,35.74,270.83
6.69,114.02,491.93
39.08,102.14,932.61
48.06,68.95,987.86
29.89,72.88,706.91
18.13,106.02,653.62
21.92,31.73,479.3
11.61,77.62,462.05
21.87,18.46,432.58
5.74,5.17,150.77
1.68,57.19,242.52
6.92,67.07,355.58
26.12,23.67,525.19
30.13,117.33,853.73
36.56,55.78,766.34
7.32,90.14,435.43
19.28,25.13,411.59
42.72,10.96,734.06
44.37,23.53,777.35
5.25,39.75,250.12
12.26,76.76,459.19
32.97,97.64,843.61
34.76,32.88,671.25
47.02,26.85,840.77
26.19,23.4,509.14
6.14,24.48,215.86
36.59,19.72,662.82
19.28,69.05,533.62
5.24,83.53,379.87
30.1,53.36,662.02
18.56,11.07,362.01
40.12,55.61,838.95
33.19,74.99,766.72
14.43,25.46,338.73
20.27,16.87,402.26
31.67,30.88,622.89
28.67,20.5,539.21
5.23,80.23,367.6
30.29,109.72,829.64
27.3,58.86,633.32
2.21,69.13,292.73
7.03,11.97,193.19
16.35,32.95,401.22
0.53,23.27,129.74
36.95,8.79,643.67
39.86,71.9,859.52
40.07,60.86,819.73
35.55,51.86,748.06
25.08,69.76,636.59
21.4,26.93,453.49
37.16,22.99,671.86
31.87,106.76,847.98
17.93,15.73,364.05
10.04,113.44,534.12
8.52,72.88,394.08
23.49,44.23,528.63
37.45,91.1,880.36
2.11,29.75,170.8
10.37,116.03,556.84
24.07,83.8,656.03
9.55,45.55,332.11
45.07,33.42,829.31
11.96,71.63,438.14
32.75,45.71,666.7
6.46,17.93,195.86
7.85,92.06,442.19
1.84,6.57,98.76
47.98,31.32,872.87
47.94,101.91,1084.88
1.73,98.56,371.74
8.6,31.71,275.54
41.96,116.15,1027.79
31.03,81.93,765.86
21.5,112.95,709.49
7.06,69.49,365.2
27.03,7.16,480.0
22.55,82.28,634.68
35.35,8.5,607.23
25.76,117.57,788.14
44.8,37.26,826.96
25.7,108.15,749.96
25.32,95.1,704.72
21.37,52.45,530.13
49.62,68.24,1000.36
28.54,60.25,653.84
16.37,33.51,401.83
29.19,6.74,503.98
41.8,50.99,838.37
24.09,96.12,705.15
30.68,96.59,792.71
12.42,53.84,399.79
19.26,40.74,468.32
45.55,39.5,828.57
3.22,41.02,219.57
10.11,49.55,355.47
36.14,15.76,634.47
49.01,56.08,957.32
19.89,72.3,562.89
28.81,12.94,516.34
13.2,62.2,429.37
31.45,33.9,630.36
22.01,53.57,543.63
16.51,99.92,606.33
35.37,20.99,633.02
36.45,53.58,760.84
13.06,110.6,579.01
4.51,17.02,168.1
8.55,84.25,435.63
37.43,93.26,888.0
46.58,73.37,964.51
45.94,113.02,1085.1
19.83,43.37,476.7
33.27,63.27,724.88
26.61,11.96,480.38
23.77,5.82,428.59
40.91,115.52,1008.08
4.08,14.08,153.04
27.69,23.84,535.48
24.29,38.08,520.73
49.08,18.03,837.75
14.86,100.79,567.69
9.25,87.17,448.57
37.13,15.22,648.65
45.43,41.96,847.39
43.64,78.59,933.55
2.69,110.28,421.56
16.09,23.49,364.51
13.43,105.79,566.22
16.7,39.67,417.9
37.13,49.17,751.26
25.04,113.98,764.83
21.03,9.23,389.57
31.16,104.78,821.77
48.23,32.03,852.7
6.53,27.39,231.96
13.8,87.47,519.69
6.25,31.71,242.3
21.58,88.29,642.98
14.04,99.82,552.88
15.63,99.59,586.28
39.65,16.06,679.59
8.79,115.01,521.68
24.11,69.46,620.25
8.15,92.94,456.51
30.93,10.34,546.41
22.15,88.03,652.1
20.0,116.09,690.78
24.46,102.72,734.29
16.65,37.74,409.65
9.19,78.66,414.4
3.25,80.82,340.05
34.44,41.81,697.64
17.71,87.77,580.93
42.35,55.34,852.64
9.2,6.37,210.63
21.62,54.38,534.77
18.41,109.86,659.56
32.04,101.65,836.1
3.67,67.0,310.12
1.87,42.58,205.34
5.1,51.2,277.24
2.17,41.51,204.32
48.0,38.42,881.02
30.69,37.1,625.61
39.46,23.77,720.46
17.88,28.27,407.14
48.77,108.76,1120.84
46.87,71.64,965.72
27.87,16.33,522.24
18.82,97.43,624.5
14.53,94.06,552.51
42.8,78.15,935.49
33.97,5.11,574.63
48.61,87.07,1036.74
2.75,116.32,440.16
39.91,16.14,692.14
19.71,63.21,538.15
45.25,10.98,764.46
49.81,94.28,1074.71
38.99,65.95,825.12
9.52,55.99,359.34
48.2,74.83,993.65
19.94,89.11,619.83
3.88,36.69,222.14
22.07,104.65,698.98
29.43,79.89,724.58
2.5,13.63,126.86
48.2,68.31,974.35
31.9,103.71,833.47
3.76,57.2,277.82
36.24,93.96,868.87
14.09,35.74,373.39
38.79,81.6,883.69
21.06,18.61,429.73
32.8,111.66,890.3
22.23,115.24,724.1
6.75,13.64,190.62
23.47,77.97,642.61
20.37,10.16,377.71
9.12,35.82,297.02
9.5,31.01,286.52
35.9,114.95,920.69
18.38,24.56,394.95
24.87,67.5,622.75
10.5,74.66,429.08
35.72,40.15,708.12
26.16,109.61,772.55
31.5,27.49,608.38
11.64,5.43,237.23
13.37,10.92,284.18
1.96,10.57,111.83
1.93,96.63,371.41
7.94,118.46,528.87
42.35,78.93,912.84
28.75,44.65,624.72
35.86,43.62,723.95
5.51,34.52,234.91
13.55,76.63,482.01
21.55,49.85,525.33
19.33,71.27,548.4
40.42,72.62,888.54
13.95,47.73,402.83
25.29,33.41,531.93
26.89,14.38,501.51
21.88,101.82,681.77
2.48,20.93,151.35
32.47,110.95,877.42
26.63,88.57,720.41
38.79,85.22,874.5
40.54,51.36,804.18
40.3,103.22,954.96
10.81,47.77,359.64
7.78,83.82,411.57
14.98,113.42,625.09
1.28,109.18,402.27
42.55,56.59,842.08
16.79,59.89,480.87
4.38,13.97,156.9
48.99,15.03,839.58
46.88,79.78,981.67
47.8,43.99,890.88
26.55,114.81,788.23
11.17,32.11,312.25
35.4,24.83,655.83
18.49,8.56,354.9
28.74,42.71,611.59
1.61,84.43,327.86
33.82,73.22,770.87
6.59,5.5,167.69
20.3,97.63,640.32
16.26,81.27,539.22
46.33,103.76,1043.06
43.54,110.88,1041.81
45.51,70.11,945.73
31.14,117.94,874.14
12.59,76.78,468.98
41.77,32.03,769.24
37.71,92.56,900.59
22.74,29.01,479.46
32.75,114.1,891.43
43.37,5.69,719.82
4.33,68.51,319.41
44.5,45.5,862.74
21.13,42.22,485.65
24.3,37.86,516.05
19.56,74.48,566.96
1.41,74.84,295.0
19.24,58.29,516.39
46.55,33.31,856.86
20.17,30.55,446.55
33.03,61.57,722.76
7.75,70.23,387.44
22.71,14.42,435.53
20.84,41.27,490.66
33.7,116.97,895.2
31.92,39.23,660.69
20.82,78.37,600.7
41.02,77.54,893.35
48.18,46.61,903.85
41.59,21.14,728.04
32.45,108.41,864.56
15.26,51.28,433.15
30.37,76.07,729.57
45.74,15.65,768.43
12.55,43.65,368.22
46.96,33.97,854.86
13.71,38.43,368.01
22.92,98.76,689.65
41.98,24.07,761.39
13.7,23.39,326.07
38.52,83.96,881.44
1.16,29.32,155.28
37.27,29.98,706.54
3.74,100.17,403.62
20.3,67.81,554.02
31.55,111.38,858.83
7.63,20.69,230.19
6.97,118.47,504.49
16.11,5.58,304.76
21.89,103.56,697.39
12.55,109.32,569.94
34.26,59.84,738.87
13.85,35.12,366.89
9.6,106.0,516.92
44.23,20.1,771.6
2.49,116.38,434.23
6.94,113.89,489.47
5.02,97.83,428.58
25.66,66.93,626.27
12.47,71.37,453.62
41.28,5.34,674.59
43.23,56.23,854.63
49.94,75.73,1033.0
48.66,93.85,1057.61
32.39,45.71,676.78
40.97,117.25,1023.35
37.38,45.26,740.2
7.59,41.69,290.43
38.04,50.97,778.49
45.4,98.18,1025.52
14.54,79.59,511.5
34.27,86.23,825.5
6.02,74.02,353.62
23.49,26.87,472.43
32.9,97.85,836.18
20.77,100.88,667.2
21.75,48.27,515.39
11.8,32.86,329.58
27.8,70.81,678.4
35.77,38.48,709.34
3.06,64.05,287.01
27.0,68.48,658.52
42.27,43.99,828.77
17.31,115.85,650.5
27.81,114.5,805.94
39.07,55.16,802.57
36.08,16.62,641.07
30.68,113.33,855.19
21.04,21.49,427.23
42.0,78.55,936.12
28.38,49.89,629.4
7.23,87.67,424.93
30.92,10.09,546.37
20.9,17.02,409.15
47.2,22.87,830.13
41.73,75.01,910.02
48.31,21.6,833.91
42.05,98.34,967.97
38.65,14.09,678.12
5.72,40.29,256.24
28.5,39.58,586.19
34.94,5.8,587.58
20.0,46.88,484.64
1.1,112.86,401.97
11.23,110.34,538.52
36.61,104.3,904.79
24.09,11.95,453.04
21.37,97.17,667.36
13.9,16.36,309.72
23.28,60.26,575.49
2.41,90.92,359.76
32.22,30.29,621.39
24.25,19.5,476.94
48.65,88.41,1032.36
8.67,54.06,335.7
48.68,54.81,930.89
17.51,32.21,412.68
47.37,107.71,1076.47
39.69,99.01,944.41
37.65,24.75,694.9
22.46,32.85,482.56
32.28,73.26,737.89
38.85,70.45,846.34
43.34,100.42,997.8
37.76,20.51,671.46
34.0,42.77,690.14
4.96,84.8,372.9
20.66,73.71,580.3
39.34,86.62,892.39
27.15,27.11,547.82
28.19,91.9,755.07
19.1,50.41,484.98
28.59,69.17,681.52
4.39,110.11,449.21
34.74,24.15,647.58
18.52,42.53,462.24
20.65,65.59,558.21
8.71,28.91,270.29
28.13,109.12,806.89
18.93,88.47,597.64
41.51,65.45,884.19
31.49,10.05,558.34
45.39,21.2,805.02
9.91,60.32,376.15
8.08,87.23,431.21
37.56,107.55,931.73
7.37,19.24,214.16
1.05,24.48,139.89
31.26,67.97,710.59
2.1,64.89,280.36
45.45,81.32,973.05
35.72,49.64,743.07
48.66,89.23,1071.1
14.2,107.04,577.0
41.77,65.62,874.54
4.42,49.96,261.41
15.03,19.98,335.06
35.67,11.14,612.84
22.71,95.37,672.12
15.29,105.4,594.02
41.54,39.45,799.55
13.3,104.98,557.98
1.77,91.2,352.88
15.92,16.22,335.63
11.3,11.91,250.84
17.0,62.67,496.08
8.45,58.95,355.9
43.38,10.84,737.22
41.56,62.18,828.08
5.51,84.34,381.06
14.72,13.82,319.98
45.95,101.82,1039.26
24.14,51.74,561.91
48.22,38.89,889.1
25.68,52.01,585.08
39.5,61.81,826.8
45.03,104.09,1017.62
32.93,79.85,772.67
30.97,74.04,740.52
28.66,97.6,772.26
3.15,96.52,384.49
12.03,47.04,373.3
17.28,10.95,341.42
2.36,29.88,176.97
26.86,59.46,635.69
18.42,98.55,621.97
19.0,22.72,402.71
35.73,35.84,681.95
30.67,6.25,525.36
32.96,52.51,707.51
25.95,104.96,757.92
7.1,8.97,183.13
8.98,108.4,509.25
42.47,35.53,801.26
8.17,31.24,268.08
24.15,78.21,655.97
49.52,104.45,1101.8
42.65,28.18,786.13
30.17,119.08,863.12
30.43,59.52,686.61
10.52,82.96,455.61
12.62,85.32,498.53
28.02,15.78,525.89
43.15,77.96,935.94
27.79,97.87,761.12
11.13,42.89,349.72
4.78,11.27,157.78
11.07,66.39,412.95
12.96,72.97,469.55
5.4,24.73,206.22
16.66,102.87,608.2
48.83,99.59,1095.59
2.72,104.38,402.94
24.73,56.78,592.78
13.09,53.72,408.06
32.71,74.74,757.63
11.65,78.22,463.41
28.38,63.45,657.23
1.24,54.45,235.09
18.66,93.76,611.73
35.69,43.43,714.71
31.56,65.56,721.18
9.89,20.88,260.71
20.79,90.44,636.06
29.1,26.87,565.14
27.37,31.75,553.27
29.62,6.14,510.71
47.67,8.09,787.7
28.72,62.52,671.87
15.73,40.86,406.96
31.88,73.06,740.92
42.8,30.73,787.4
40.44,88.78,918.74
7.44,108.31,478.41
7.79,25.57,240.69
5.31,66.43,325.52
34.06,42.51,685.94
33.95,96.97,858.83
40.55,23.69,726.19
33.96,105.9,879.67
12.47,117.08,590.35
36.08,84.94,844.04
22.75,55.09,560.01
6.26,38.19,263.0
36.92,110.28,931.87
28.24,28.85,560.34
40.8,30.37,764.9
0.86,37.28,175.75
25.35,47.99,569.36
4.31,29.54,205.81
14.9,97.2,566.85
16.53,71.16,514.39
10.94,98.0,499.67
24.29,110.49,754.01
42.59,65.53,889.29
35.96,68.91,795.87
15.39,25.53,356.69
4.78,46.08,261.6
19.15,56.75,501.13
38.44,45.12,758.04
34.13,18.58,612.51
32.93,88.57,798.94
32.85,100.59,856.29
16.11,35.9,396.29
21.45,63.12,558.1
8.83,7.82,203.27
19.62,104.57,656.5
6.55,16.34,197.64
12.4,38.93,356.67
20.89,22.2,427.15
44.52,110.3,1066.12
45.73,79.67,966.63
37.9,15.24,663.89
9.53,101.92,497.67
36.14,30.31,690.74
44.89,80.21,960.97
2.48,119.21,449.43
38.23,24.14,699.33
44.96,113.1,1065.36
5.94,103.23,453.4
34.59,70.85,790.03
12.28,17.37,287.13
11.67,54.65,388.32
22.32,111.3,718.29
40.57,12.1,687.78
37.41,15.81,650.64
19.8,9.29,374.24
42.19,20.39,742.68
1.46,110.92,399.21
20.97,65.92,563.51
4.45,97.36,413.08
45.84,97.95,1030.58
15.32,73.78,494.23
41.94,51.02,831.24
17.86,76.42,547.27
49.53,36.99,904.36
13.08,27.51,328.75
18.11,71.46,535.04
3.75,80.65,345.75
17.53,116.63,663.07
47.42,86.34,1019.23
2.02,80.58,325.29
22.88,76.12,615.78
1.67,37.23,185.84
44.09,47.46,838.14
35.33,46.03,716.78
12.56,11.07,267.77
11.1,14.5,257.83
2.52,7.73,111.51
36.71,53.69,756.43
40.16,38.55,767.19
21.29,55.83,533.95
28.08,36.54,579.56
15.79,106.49,602.19
32.54,27.01,628.18
33.54,12.2,594.35
29.23,44.15,622.88
28.14,43.09,604.09
9.37,77.83,422.83
30.87,30.96,603.91
39.96,6.42,678.65
7.87,48.19,320.88
39.54,108.85,955.84
16.2,107.0,612.32
29.2,81.61,731.74
15.12,24.5,349.84
20.74,37.78,470.19
11.43,9.49,247.64
11.19,64.34,417.35
44.1,31.73,812.6
19.36,114.09,684.03
1.12,18.66,122.61
49.13,21.44,879.31
49.54,102.98,1095.41
6.43,109.51,469.0
19.59,9.46,366.4
19.53,58.99,522.53
4.27,61.26,300.85
13.17,113.58,582.35
37.25,18.76,662.58
1.85,10.63,108.6
36.08,42.64,715.27
49.14,108.78,1100.06
13.1,13.79,289.52
4.94,24.79,195.92
21.86,87.23,650.64
5.08,23.55,197.25
44.58,115.36,1070.82
3.06,119.84,459.18
10.94,52.34,373.78
49.55,73.17,1034.73
11.48,69.8,436.68
2.45,36.79,194.67
27.64,94.33,757.16
29.5,108.43,803.2
42.39,53.82,853.9
49.99,89.93,1071.54
3.89,107.56,421.7
14.86,97.42,563.35
44.97,83.86,988.41
36.2,43.56,725.29
45.93,40.05,853.61
32.85,46.99,674.84
46.9,59.75,951.98
21.56,77.98,613.03
4.94,62.74,308.99
2.37,94.8,367.7
6.51,24.66,219.98
48.48,77.13,1002.67
34.28,98.72,877.18
49.92,84.34,1074.04
35.72,15.14,631.35
36.57,91.69,864.72
39.28,86.97,894.51
20.73,68.66,574.37
49.65,90.58,1061.85
25.54,69.71,645.44
2.69,17.82,144.3
38.87,60.93,813.78
39.32,64.94,832.85
6.38,10.64,178.36
22.19,40.11,501.66
5.15,29.77,216.46
19.92,97.19,644.55
32.83,59.97,722.69
7.18,110.41,491.98
39.32,97.36,930.78
5.89,58.38,312.3
39.91,30.36,716.89
9.38,103.66,504.09
3.6,87.81,370.98
5.84,50.64,291.87
19.16,29.5,434.75
8.7,101.6,488.35
28.08,48.05,610.04
45.75,8.93,768.91
41.86,107.55,1009.13
23.14,82.64,656.98
1.74,115.73,429.73
8.52,52.65,332.46
6.25,108.01,470.98
29.23,20.49,548.73
33.04,103.39,857.99
31.17,5.8,539.61
26.64,40.21,581.19
31.51,6.9,532.21
2.87,35.18,199.02
41.92,34.72,803.07
14.71,67.49,467.91
47.79,26.19,846.67
39.08,73.9,866.05
15.61,71.08,506.74
28.49,82.97,715.5
36.39,67.98,804.45
13.08,112.96,590.79
4.02,77.8,340.11
24.12,94.41,709.69
36.25,52.64,758.79
14.59,114.59,619.25
32.71,81.57,800.77
49.95,97.17,1100.04
21.41,27.42,455.7
26.38,111.2,781.93
28.14,29.91,551.71
9.12,84.08,431.57
42.19,29.03,765.71
16.94,90.04,576.6
20.29,5.92,370.04
42.83,34.24,800.22
13.11,106.64,574.09
18.17,67.25,518.01
38.65,110.63,950.05
20.01,22.95,425.43
28.49,101.86,779.9
1.46,65.5,266.79
3.38,71.6,318.3
26.98,60.38,631.82
11.97,111.45,569.55
36.35,29.32,678.61
4.54,27.2,198.41
36.31,108.44,929.53
39.51,66.8,841.36
48.67,116.58,1131.38
15.05,8.93,300.25
36.8,43.52,736.99
18.95,74.11,562.29
49.9,32.25,884.13
24.02,7.7,431.44
37.83,84.61,868.18
24.7,5.2,438.85
1.16,72.01,280.45
8.47,71.93,394.27
21.9,74.4,603.41
26.89,67.09,663.02
17.24,73.1,525.23
23.05,44.45,523.95
20.69,86.51,607.7
28.45,63.73,667.19
24.44,86.36,667.0
22.15,64.75,578.21
42.86,9.97,722.37
42.95,46.91,829.36
45.36,105.89,1045.15
46.77,93.67,1033.64
12.27,15.0,281.47
7.71,23.1,231.85
15.64,73.85,509.99
39.62,51.09,798.42
34.39,43.69,694.68
0.56,70.74,268.72
25.88,85.22,698.63
29.66,93.7,783.84
16.26,22.73,361.18
39.32,6.17,655.97
14.39,74.11,489.49
7.44,16.19,210.51
6.43,64.7,341.62
41.82,15.01,725.31
17.41,119.49,672.12
19.94,108.76,677.42
0.54,83.52,310.4
5.17,9.15,155.07
23.29,49.79,541.39
26.97,35.44,555.14
22.89,87.14,650.48
25.83,102.89,735.4
25.85,47.75,580.76
24.84,16.3,468.41
1.34,70.12,283.78
34.35,13.35,603.02
25.38,9.11,447.44
31.82,15.82,575.38
37.66,47.02,739.37
41.15,93.9,958.19
48.13,36.14,878.21
41.17,37.87,789.86
39.64,30.01,743.7
46.74,54.38,913.4
17.43,106.62,631.14
42.26,48.61,833.14
33.37,77.53,775.42
7.96,99.8,476.36
19.53,17.98,403.03
37.86,61.54,809.68
0.6,60.03,238.32
32.79,5.47,554.0
42.35,92.92,969.02
7.42,71.01,371.95
31.17,106.45,837.43
20.04,55.14,515.83
14.63,119.58,630.76
34.2,71.89,787.42
2.35,27.99,170.26
2.31,39.57,202.27
34.98,40.15,705.18
49.13,15.47,849.07
36.63,6.3,627.01
13.46,56.02,416.82
40.89,20.45,725.03
28.98,42.71,609.01
42.38,37.13,797.08
14.84,54.51,438.57
43.27,55.79,852.63
6.09,105.82,461.45
43.62,104.76,1018.87
6.52,65.34,345.23
26.4,119.3,807.87
45.98,53.81,895.6
14.49,79.64,499.47
35.49,20.92,647.25
32.02,85.21,784.65
2.84,52.64,251.19
10.65,118.38,565.96
22.42,101.98,699.34
3.6,115.23,443.7
6.29,84.36,397.45
16.48,31.72,391.5
35.84,55.97,751.48
16.1,53.57,443.63
8.65,111.35,508.43
36.42,19.27,638.17
10.17,22.28,276.27
35.87,113.5,922.96
4.76,82.37,371.33
42.82,64.83,897.32
41.0,13.01,707.83
23.02,19.0,453.06
18.5,102.79,636.37
42.93,95.42,969.67
25.86,76.8,670.32
2.04,47.04,221.38
20.08,94.19,641.05
14.57,25.41,344.48
12.74,24.92,312.05
31.03,6.53,531.04
25.48,50.18,579.48
36.51,46.64,735.94
47.03,114.27,1077.58
20.28,38.08,472.82
34.34,66.46,770.43
6.52,81.23,381.38
25.99,75.72,673.37
24.19,16.35,457.87
33.64,17.98,605.82
25.88,107.95,761.84
5.2,44.9,261.32
5.87,56.0,308.21
43.3,42.36,823.94
20.05,107.05,654.63
15.97,104.38,605.58
13.12,46.9,389.72
28.34,22.13,540.67
11.32,105.13,535.08
1.02,47.86,207.93
36.59,68.3,797.12
39.94,24.12,730.98
20.93,81.43,604.13
10.19,79.97,445.09
27.34,54.49,619.48
3.99,81.48,353.46
8.24,26.26,251.9
34.39,61.01,731.81
20.88,64.26,544.79
8.44,37.6,289.29
0.83,36.75,171.62
4.48,53.33,273.7
41.56,93.22,950.52
41.44,67.82,875.81
45.24,35.68,842.51
26.1,84.26,702.59
27.33,24.24,532.72
41.54,86.31,925.68
34.7,81.37,845.29
13.44,91.21,523.03
22.76,40.03,514.37
9.31,15.6,235.26
31.56,55.26,693.36
25.48,66.54,639.68
9.25,41.08,313.54
6.13,85.07,401.18
36.5,9.96,623.35
5.54,74.27,352.62
10.37,23.22,279.18
12.41,24.11,308.15
34.06,104.68,857.23
36.37,79.99,836.74
11.88,76.59,458.45
2.37,119.04,441.08
30.96,67.71,724.55
42.29,60.02,863.9
6.36,97.88,434.21
8.73,47.46,322.49
48.19,111.91,1099.27
28.38,78.41,702.62
14.26,14.11,304.4
22.54,14.81,436.92
19.85,55.08,511.1
26.58,41.15,572.87
12.44,21.71,301.12
4.83,83.23,372.32
17.75,63.29,504.84
45.42,5.09,752.62
12.6,18.38,294.96
19.78,114.38,694.02
13.88,87.95,522.64
14.12,64.34,450.43
3.39,32.26,194.95
3.62,38.85,219.5
20.22,45.35,482.81
25.92,110.03,761.76
34.25,114.88,907.5
10.18,27.27,283.17
38.84,77.01,874.07
6.05,67.76,348.48
49.14,85.29,1039.53
15.83,37.29,402.07
11.78,31.53,321.73
25.87,71.21,650.49
21.67,46.04,515.48
36.82,45.92,725.41
1.88,67.33,277.54
20.01,19.89,416.48
25.83,33.58,542.84
26.93,36.94,569.97
38.31,70.03,823.31
25.59,45.11,570.0
30.16,21.48,566.23
37.37,15.96,653.68
24.07,67.21,612.88
25.39,55.5,595.42
31.51,22.76,589.73
19.35,89.63,615.04
34.2,113.07,904.71
11.15,9.75,245.39
40.9,41.76,794.04
22.16,103.05,684.21
18.31,98.59,620.29
4.01,89.93,378.47
1.5,33.1,174.64
14.08,92.7,528.34
30.99,17.07,568.7
49.78,13.8,836.17
44.44,27.87,810.42
27.76,73.33,674.18
40.61,28.78,743.37
13.44,52.44,409.36
5.19,30.6,221.75
4.04,56.65,279.9
1.22,31.96,163.69
2.36,16.03,134.29
14.99,103.96,593.71
24.01,38.93,530.31
4.46,42.9,247.99
33.41,34.44,644.46
10.77,45.77,351.96
18.36,80.44,558.57
37.49,104.27,943.44
4.57,78.34,351.79
3.31,55.48,270.7
43.71,23.55,786.68
43.81,110.13,1029.8
39.01,73.35,853.63
0.91,45.28,195.14
36.39,80.37,837.14
0.86,46.78,202.8
49.54,52.1,946.12
27.57,119.16,835.47
15.61,104.13,595.09
2.85,95.4,380.85
46.71,59.92,927.52
37.97,85.89,880.87
26.61,41.69,579.07
28.77,104.27,786.71
41.11,25.22,748.42
21.43,69.88,568.57
33.93,46.89,706.09
31.08,103.16,821.96
43.5,23.59,775.09
19.08,22.32,391.52
26.92,50.74,605.66
47.85,89.72,1050.6
12.02,51.3,380.4
25.67,104.88,751.99
9.14,14.72,233.55
35.3,71.07,792.65
9.16,90.42,459.88
6.63,42.98,278.67
24.43,78.64,637.11
18.79,16.02,377.5
20.75,33.93,464.2
25.89,103.22,737.99
3.54,84.04,356.01
42.58,70.99,908.59
38.99,12.69,673.87
17.42,66.21,514.2
0.95,84.69,315.51
12.58,40.66,357.7
33.37,76.6,767.54
37.59,118.01,975.54
31.6,66.46,722.82
14.64,118.23,614.64
31.06,43.78,641.74
45.56,61.04,923.12
25.85,30.98,534.87
16.85,73.67,527.38
19.53,6.77,368.59
18.08,6.91,351.32
31.64,86.31,787.04
27.82,100.21,768.18
22.23,8.64,406.51
25.55,34.87,527.86
22.2,49.93,535.28
16.91,41.15,423.9
4.28,111.22,453.21
35.19,23.3,653.11
6.89,113.74,495.09
18.97,73.3,559.01
27.38,117.27,821.42
26.46,24.62,511.81
43.8,28.82,780.44
42.43,102.58,1006.06
7.53,114.57,505.91
35.07,51.7,722.75
27.95,119.57,835.03
33.12,113.93,881.59
5.47,35.84,241.16
35.94,22.46,660.12
16.86,30.84,396.92
30.83,22.97,582.84
43.49,55.12,871.35
4.65,73.91,337.61
48.59,73.26,1003.52
26.94,10.28,480.29
9.68,24.56,266.01
15.57,17.43,337.1
3.53,119.69,462.21
2.3,23.43,150.91
30.14,51.03,644.98
24.83,109.71,758.5
31.03,86.89,777.65
32.54,103.15,850.85
34.79,74.26,804.6
26.39,14.65,488.28
22.31,74.55,607.0
28.12,15.1,516.4
1.09,90.15,334.87
30.06,6.52,520.19
16.66,24.69,373.38
48.59,22.03,844.65
47.93,63.21,948.06
13.89,38.75,373.6
30.62,116.77,854.95
48.48,30.28,862.89
11.89,119.03,577.78
12.48,59.98,421.53
16.36,6.05,313.77
13.5,113.33,587.98
34.92,117.45,920.56
37.36,58.44,793.48
25.92,65.92,629.83
39.32,24.97,724.75
18.19,82.73,571.73
17.15,53.45,468.15
13.48,76.36,484.41
17.85,82.88,565.3
33.49,61.81,732.55
3.94,108.26,440.99
29.48,14.5,531.13
13.39,5.82,269.7
42.89,119.05,1037.23
8.58,35.02,282.24
19.47,88.08,607.03
20.08,63.71,552.4
28.38,75.7,711.86
10.91,60.36,400.04
17.12,73.44,519.58
34.16,7.23,584.04
16.02,95.23,572.49
33.51,102.17,881.1
30.18,90.57,765.75
3.99,35.98,215.17
24.81,81.37,677.91
22.96,64.0,588.62
23.65,74.18,634.27
20.63,73.9,571.97
17.46,23.71,381.54
8.36,76.25,402.8
43.99,106.39,1032.39
23.41,19.61,467.88
10.34,113.2,549.32
31.04,30.0,595.21
38.08,16.07,672.18
24.55,89.3,674.68
47.95,33.4,868.84
41.27,89.82,936.72
25.91,56.92,601.67
17.38,27.19,390.19
3.73,107.12,425.77
25.3,33.8,529.68
20.48,115.79,700.48
25.92,53.91,594.83
5.39,90.66,396.04
38.62,48.98,774.63
16.26,91.6,572.86
34.51,119.45,915.66
27.57,100.27,780.23
3.51,99.53,398.42
32.74,77.32,769.44
11.84,86.0,478.93
49.78,27.21,875.22
25.5,85.77,684.16
25.06,118.33,774.88
15.04,97.34,570.98
43.97,66.08,897.09
12.69,85.94,497.33
2.93,74.62,315.55
21.34,57.02,537.38
32.63,22.21,600.12
26.75,27.12,530.19
44.06,11.48,758.27
44.9,33.27,827.94
34.06,86.61,829.96
23.13,87.19,660.11
9.61,116.54,551.63
15.39,53.87,445.6
9.26,114.34,533.0
6.4,72.22,356.79
13.65,78.73,500.32
29.4,40.98,615.6
29.32,36.54,594.51
17.55,61.92,510.31
6.4,54.41,313.73
41.07,24.91,743.12
37.12,92.63,864.9
3.55,5.97,122.81
29.35,46.54,626.09
46.67,25.99,825.19
33.25,9.47,584.45
45.35,73.12,961.95
1.75,115.24,421.01
37.3,85.77,863.77
36.23,53.25,763.16
13.99,27.74,337.01
8.37,49.3,322.94
29.9,79.83,739.53
23.34,70.61,612.73
3.08,51.23,249.53
10.15,23.29,274.11
39.62,38.46,762.18
30.57,38.88,628.3
7.13,71.21,366.84
0.56,89.13,327.27
17.67,66.42,506.11
10.1,76.2,430.96
22.39,59.47,569.77
20.52,32.09,448.52
34.6,41.62,680.87
19.15,76.64,570.04
30.11,57.68,677.58
33.23,8.55,563.67
26.19,38.36,561.14
9.46,32.91,288.57
36.38,91.43,882.02
1.47,113.02,410.84
47.54,23.2,824.89
10.01,31.92,296.88
45.08,63.1,918.39
45.16,35.96,824.75
14.75,92.69,559.96
36.91,91.13,862.29
33.76,28.13,647.3
12.8,115.11,597.74
23.05,5.2,412.84
25.77,67.05,636.99
6.7,106.47,469.18
1.99,92.38,358.41
22.77,36.38,500.48
46.04,14.25,777.06
35.55,20.95,651.37
2.88,83.26,340.77
7.49,108.36,487.86
4.0,67.0,310.2
14.49,5.34,282.55
26.45,116.64,798.44
6.96,32.72,252.8
17.7,90.39,596.48
38.63,26.68,721.54
41.23,89.93,942.26
47.72,17.83,811.37
30.64,73.4,725.92
27.19,43.6,584.29
8.33,54.41,338.73
7.65,88.82,427.63
27.58,14.05,503.98
20.03,99.94,640.86
31.57,106.98,828.58
2.07,29.29,169.8
13.24,15.48,301.53
3.0,44.7,230.2
1.86,88.81,351.07
31.14,103.23,826.72
43.95,69.34,919.51
10.05,78.53,436.26
31.19,115.04,858.67
10.17,36.67,313.67
34.02,91.08,840.37
7.14,9.94,189.3
14.23,74.07,490.37
41.15,30.06,754.35
33.12,100.48,846.86
45.41,90.19,1010.69
15.18,44.27,409.15
18.52,76.8,552.67
15.69,53.41,447.35
2.52,91.08,358.76
9.31,117.82,552.18
40.88,20.57,727.68
42.86,85.38,958.52
33.33,20.24,608.31
48.98,41.73,925.53
28.6,71.64,702.74
12.51,115.4,577.16
42.55,21.92,753.71
43.19,69.42,890.61
39.96,96.35,945.93
39.97,28.87,732.38
4.29,52.02,271.13
30.06,41.01,620.99
10.2,75.17,427.59
34.22,109.37,879.59
36.1,82.44,833.54
14.13,93.42,539.11
12.64,79.68,473.25
24.84,89.41,688.78
24.51,11.53,450.07
36.7,37.43,718.76
13.03,90.88,519.21
31.86,25.66,604.06
26.18,18.67,499.07
34.48,39.98,686.81
4.49,73.77,343.4
1.15,38.79,185.06
13.23,14.14,287.57
3.61,111.51,428.71
49.85,107.47,1136.49
12.31,73.88,457.75
6.73,77.14,378.08
48.64,71.9,997.84
16.94,15.81,350.41
32.96,100.52,852.42
34.28,76.89,794.63
18.01,40.89,447.6
16.36,45.68,439.9
14.31,23.02,334.22
36.79,59.65,786.84
3.32,59.04,274.28
11.74,109.79,553.06
10.76,20.3,270.15
23.87,83.02,658.61
7.44,94.59,452.95
13.05,55.24,409.11
24.08,39.01,525.29
33.33,112.23,891.1
41.97,92.87,962.14
19.04,16.89,384.06
35.04,12.59,619.51
34.48,64.49,758.16
44.18,91.19,1002.62
44.22,21.53,776.31
10.41,88.48,469.89
32.98,66.58,741.79
37.96,41.67,750.76
45.22,80.11,970.89
1.65,65.77,275.11
6.25,68.51,348.81
10.38,60.85,388.81
20.87,50.29,506.59
8.44,80.88,418.7
14.7,68.45,472.81
1.73,55.49,244.2
46.75,17.46,808.51
27.93,51.16,628.86
30.18,31.34,599.46
16.4,107.64,624.76
7.39,44.25,298.55
16.49,7.98,320.62
5.58,61.81,320.82
22.71,102.76,703.16
46.65,48.07,899.72
29.68,82.0,729.2
45.0,108.58,1048.89
38.5,44.8,761.88
26.47,61.11,629.44
5.28,95.61,409.74
47.85,39.74,888.52
19.41,51.16,503.01
14.55,108.89,587.96
28.85,106.19,802.06
12.56,42.92,367.68
11.85,57.54,391.88
43.68,50.49,857.91
35.36,100.89,887.5
8.4,92.84,450.92
28.58,64.14,654.99
2.96,68.56,302.29
1.61,109.96,407.06
28.23,75.93,692.39
16.55,56.69,465.39
14.6,8.58,298.96
24.06,84.88,670.28
6.23,47.93,286.06
37.11,116.49,969.49
34.76,112.74,903.18
25.3,72.85,644.78
31.83,69.41,730.31
22.56,85.56,650.32
9.8,61.89,378.69
6.12,64.48,335.01
16.73,20.86,368.35
18.26,103.54,626.88
44.48,111.72,1047.98
47.72,64.66,942.55
17.18,64.25,503.29
8.51,115.66,523.22
13.28,39.52,368.16
1.01,118.19,419.5
43.87,17.71,760.98
23.06,46.93,532.32
37.46,88.29,865.02
23.48,29.17,491.83
17.77,105.15,638.26
41.0,5.07,680.8
46.26,93.63,1036.0
7.74,44.23,302.16
27.16,36.11,559.81
38.2,80.2,869.34
30.87,24.09,589.93
10.13,95.54,488.61
49.36,38.95,917.82
36.72,82.02,842.44
12.59,51.56,399.55
9.89,17.86,249.79
26.31,74.47,670.65
36.91,94.17,880.87
27.4,5.53,472.6
10.32,115.06,557.13
23.88,119.9,762.1
45.12,37.96,842.68
15.63,64.26,483.8
17.0,25.79,372.92
16.08,76.17,514.17
6.85,116.93,506.08
20.39,6.13,369.41
11.02,68.39,424.71
33.81,23.01,623.35
46.79,32.76,849.94
22.17,61.47,562.89
4.08,39.13,227.55
37.48,103.66,916.18
7.44,73.61,379.93
39.75,73.22,841.6
28.08,48.72,624.58
45.79,7.93,753.77
24.07,70.2,618.69
8.84,86.32,440.46
11.32,50.72,372.38
5.34,14.53,176.02
46.08,47.73,881.22
6.63,65.41,350.89
5.42,104.26,444.5
48.89,106.86,1101.56
45.36,34.39,820.6
34.58,80.38,808.32
15.17,52.11,440.4
1.43,111.41,401.99
7.49,41.24,285.84
37.0,95.2,885.31
18.41,48.92,467.48
35.87,107.76,905.34
20.63,87.85,616.22
25.83,35.72,544.44
33.63,56.66,722.88
38.18,119.68,1001.57
43.08,86.33,959.22
31.85,89.23,783.18
10.09,64.44,388.0
27.18,109.54,784.22
38.57,69.16,843.24
36.29,103.97,912.48
38.96,100.19,940.25
18.23,61.72,526.73
35.01,40.77,700.22
1.85,112.49,414.03
42.6,80.75,936.36
28.86,79.61,732.05
0.76,100.97,364.1
12.23,43.44,368.68
21.64,23.29,439.7
34.32,69.84,776.9
41.87,50.78,832.6
0.54,55.3,225.58
48.37,115.47,1142.87
12.22,41.95,362.11
20.08,52.56,506.67
2.77,64.87,286.77
29.14,49.56,631.33
49.55,45.31,934.02
16.91,50.23,452.22
23.08,35.58,505.76
2.6,47.23,227.81
13.65,49.51,402.68
34.08,87.07,817.16
45.71,56.99,901.23
18.27,77.0,560.33
8.34,56.92,346.27
10.38,17.26,256.58
30.33,102.93,812.35
15.46,77.78,513.41
33.95,110.74,887.04
1.44,78.92,310.72
21.66,118.62,742.5
14.0,58.64,430.47
1.02,8.01,87.88
49.43,17.53,839.49
25.93,89.65,705.12
4.31,72.39,331.35
13.67,104.33,555.51
22.89,23.46,466.82
24.5,87.99,686.73
30.3,23.96,582.02
46.44,71.45,965.67
29.63,7.7,518.95
12.09,46.35,360.61
18.63,47.3,471.84
16.04,40.04,412.92
42.42,78.8,926.37
45.78,51.26,899.14
42.2,25.23,750.01
26.49,89.7,726.64
28.44,88.95,742.73
47.73,92.6,1039.05
24.41,86.49,675.56
47.66,35.47,879.4
41.8,7.25,701.42
45.81,18.62,790.66
16.11,75.12,516.55
45.65,54.12,897.38
22.34,14.84,440.4
23.12,107.08,723.21
5.88,26.25,219.95
21.49,102.85,670.13
11.03,32.58,312.94
32.78,48.21,693.05
19.08,21.65,398.92
11.64,27.01,305.76
27.08,23.14,518.59
14.67,39.66,387.88
11.75,35.26,333.49
48.65,94.92,1058.57
18.64,91.98,604.44
20.14,6.47,369.5
47.53,58.42,938.75
21.1,100.73,670.33
27.32,100.08,739.63
30.6,91.98,786.44
2.83,51.35,250.53
46.14,105.23,1058.67
27.02,22.12,517.22
49.47,74.16,990.7
8.89,23.81,255.13
1.83,98.94,371.74
16.26,44.38,425.35
26.65,47.54,593.92
5.49,39.2,253.62
6.75,112.94,495.76
9.58,81.26,442.72
40.75,14.28,696.82
39.95,18.92,691.17
15.7,22.5,353.87
33.99,39.81,676.9
30.41,82.88,754.82
3.59,66.24,300.37
2.67,27.25,172.55
17.91,54.06,477.08
39.97,41.79,778.05
19.07,13.33,373.15
34.17,44.49,695.04
15.17,79.56,521.57
39.54,78.4,890.63
47.28,70.12,974.29
32.98,104.99,851.7
17.18,50.31,459.86
33.32,43.25,678.56
41.01,98.99,963.58
1.0,44.57,196.27
34.87,42.96,703.49
48.09,52.49,919.03
45.94,109.14,1060.9
32.87,72.97,763.54
29.28,43.92,624.05
33.9,22.01,626.56
39.34,23.0,712.32
17.47,70.16,529.13
41.26,63.84,847.71
18.61,64.78,522.86
6.16,86.93,403.86
24.58,5.95,437.54
23.08,19.23,451.28
6.6,64.0,342.27
12.43,32.77,334.5
44.97,28.4,810.75
9.15,36.93,293.95
31.01,58.84,689.12
27.17,81.44,695.54
18.0,64.55,513.22
9.36,61.67,374.15
42.02,10.4,705.41
2.31,50.91,237.87
34.51,69.01,780.48
38.87,51.88,780.71
9.16,18.54,238.75
37.61,72.63,825.3
37.98,41.11,746.94
31.18,102.46,815.72
25.25,34.11,533.2
27.87,14.09,510.5
19.39,44.66,475.52
29.26,82.29,737.94
42.91,98.19,973.0
9.63,49.07,339.4
38.56,86.57,897.06
9.55,85.14,441.18
36.23,86.99,853.86
30.9,21.65,574.23
46.59,111.52,1080.45
32.29,32.92,636.31
12.3,56.39,398.89
20.45,48.12,501.19
2.32,66.7,283.43
16.66,105.94,624.48
35.37,116.49,925.53
22.4,114.79,721.34
24.75,88.98,698.83
44.31,51.68,869.4
38.63,109.38,964.22
11.38,28.11,308.24
41.51,67.27,887.11
36.47,24.55,668.99
34.26,116.62,913.98
9.18,20.71,243.3
22.42,38.4,495.04
7.34,111.13,488.24
21.36,19.7,422.05
10.3,6.48,230.6
11.07,53.64,376.42
34.71,34.82,684.71
30.04,63.21,683.84
43.48,13.09,755.49
14.17,38.08,377.72
25.18,44.21,570.14
18.96,8.16,356.37
5.11,63.16,315.64
1.68,98.6,372.15
38.71,105.17,938.59
7.82,115.44,513.29
42.87,74.77,922.18
48.65,71.63,984.21
41.98,93.08,964.17
35.52,42.06,697.9
30.73,19.88,567.04
15.58,88.89,555.82
39.33,88.96,912.15
29.96,46.34,636.93
17.66,14.07,358.78
16.07,34.66,391.03
0.75,102.04,363.97
49.7,60.04,964.93
27.08,11.78,478.06
43.57,65.13,901.57
43.52,91.8,971.34
11.55,62.18,402.59
48.41,68.88,981.74
23.36,88.74,660.09
34.14,75.89,799.96
9.03,117.28,540.92
27.51,87.97,733.88
29.57,16.0,542.7
43.75,16.77,745.74
6.49,19.06,204.74
43.36,44.77,846.02
41.67,99.24,962.31
32.56,87.54,810.0
17.56,32.37,412.12
10.23,74.41,424.52
48.24,48.47,915.7
44.76,86.01,970.38
42.16,107.53,1001.06
9.55,77.28,428.28
32.56,36.13,647.5
35.93,65.72,795.1
48.13,99.0,1051.62
37.25,13.78,651.88
2.07,78.9,314.8
15.45,23.51,350.61
2.12,12.94,122.84
29.39,101.28,781.3
22.1,50.99,542.0
44.89,22.56,779.01
29.67,84.59,741.8
26.11,119.02,791.22
48.55,97.42,1079.3
31.49,86.0,785.2
16.05,63.23,485.29
16.05,85.81,548.34
12.49,7.21,263.68
37.91,62.08,806.12
2.48,54.82,249.55
22.27,104.32,702.02
21.79,42.56,506.5
1.49,69.8,282.2
30.5,102.42,819.34
47.35,72.78,972.57
30.78,115.85,861.27
0.66,26.36,138.96
14.7,33.61,373.87
43.26,54.4,849.86
27.48,96.54,759.44
17.26,50.75,470.88
15.56,56.26,446.71
27.62,45.78,598.13
41.21,52.04,831.29
43.38,48.17,836.81
15.48,27.81,362.75
37.65,117.91,952.52
32.06,54.5,687.35
2.88,44.6,228.69
45.01,83.41,970.9
23.98,114.89,755.16
37.4,106.28,933.15
5.8,70.0,348.94
49.48,72.57,997.68
19.59,36.2,458.25
10.92,78.7,446.21
31.53,35.37,636.07
39.87,72.41,865.39
33.53,9.03,578.72
19.49,39.26,456.7
32.7,74.8,756.66
0.63,116.23,411.16
38.74,57.55,803.48
11.25,66.93,416.75
3.57,86.75,362.7
32.44,17.37,584.99
48.94,26.99,865.74
19.39,116.24,688.09
4.82,45.83,262.59
24.66,49.15,580.22
41.82,20.88,760.5
44.3,37.48,827.4
14.05,98.14,554.69
26.35,92.29,721.8
8.1,92.63,451.46
4.81,41.26,245.56
10.9,108.14,532.72
35.38,114.15,914.75
29.72,113.32,826.61
37.36,39.09,731.83
15.79,98.01,576.05
49.37,24.55,853.81
31.79,50.38,672.53
26.86,70.54,661.89
34.55,95.62,864.01
3.73,52.98,258.66
7.03,5.08,168.01
10.35,58.5,375.18
4.44,38.56,236.04
13.3,84.67,506.77
31.58,94.18,805.48
10.94,105.13,521.82
32.45,14.8,578.94
49.25,99.68,1086.59
17.97,49.2,473.95
17.73,29.43,399.36
13.77,96.49,545.14
20.09,69.05,553.4
3.5,8.86,129.37
6.5,49.29,301.05
26.44,45.62,588.82
44.12,18.16,774.9
30.98,88.03,766.14
16.64,20.91,366.7
48.59,17.76,838.13
45.06,111.3,1063.42
33.16,20.0,590.88
33.75,57.73,735.87
41.2,52.38,832.68
35.69,101.66,897.36
14.94,119.09,635.45
4.93,43.31,255.76
13.04,17.87,299.81
44.9,66.22,929.17
45.58,111.5,1068.35
11.47,110.12,564.45
39.09,43.58,775.19
5.83,112.08,481.23
0.79,100.24,367.31
28.01,22.62,538.26
23.95,106.06,724.31
21.02,98.27,658.1
35.42,119.63,946.66
10.17,94.74,491.19
12.51,57.38,408.24
15.45,80.8,515.07
40.2,7.14,667.21
1.46,118.06,424.83
33.85,57.01,737.39
28.75,91.14,752.87
46.06,106.61,1060.39
31.86,58.27,696.27
14.86,110.39,604.54
19.8,62.23,534.43
41.29,109.72,1006.98
44.69,91.25,1011.82
45.71,106.54,1046.58
35.26,112.38,912.54
45.52,110.8,1063.34
46.86,78.27,998.11
41.6,39.4,784.0
8.13,97.83,465.44
47.22,65.68,962.02
41.64,26.01,752.46
2.57,114.27,440.44
26.78,89.94,725.71
44.93,119.29,1085.3
44.23,55.1,859.0
18.27,116.43,673.7
39.9,41.68,787.09
29.67,86.73,748.57
49.74,91.71,1077.94
37.28,72.38,825.06
21.58,18.17,419.03
46.28,63.38,933.45
21.32,14.96,412.44
10.19,13.94,245.1
43.71,20.93,770.42
33.63,108.7,867.31
9.76,22.75,261.13
18.86,86.86,596.68
39.4,85.94,913.29
39.88,117.11,1014.2
41.75,109.99,1010.63
27.49,110.67,809.39
17.73,118.28,673.35
11.26,34.67,321.33
38.52,118.18,967.23
31.07,76.02,751.01
16.92,26.84,384.57
11.83,103.9,539.14
16.42,26.08,369.72
28.82,103.34,786.38
31.34,90.07,787.5
28.17,18.51,528.82
18.96,26.05,415.71
35.1,92.89,850.14
39.93,22.37,719.4
12.62,94.46,520.79
8.7,31.56,275.46
42.24,75.61,905.14
23.02,14.63,435.9
20.94,96.23,661.43
31.42,51.5,672.53
44.72,55.77,895.41
45.84,36.92,853.83
10.46,56.53,375.12
14.03,9.1,290.05
35.18,85.48,834.01
44.58,14.89,773.05
28.37,59.84,654.88
19.3,27.16,421.37
37.27,100.82,898.46
30.26,46.7,646.0
17.02,85.55,563.15
7.48,107.45,477.71
4.89,112.18,457.84
48.09,80.32,1014.86
46.52,87.04,1002.63
1.31,75.12,294.48
25.39,71.69,637.01
14.56,113.17,601.3
45.46,112.75,1068.27
18.08,42.13,440.61
5.27,101.64,429.72
30.49,111.51,830.63
36.35,78.94,834.06
13.68,78.54,486.98
16.71,13.81,342.72
14.42,46.09,409.36
31.09,83.14,788.79
5.78,21.9,199.29
10.9,65.99,418.24
9.06,116.32,524.91
30.95,19.73,574.24
48.34,13.06,813.97
41.63,78.82,914.81
32.16,18.02,584.09
42.47,92.3,961.04
11.9,100.19,519.99
35.24,8.47,604.93
24.95,25.94,502.42
44.08,80.83,935.73
14.46,17.22,313.64
43.67,118.07,1041.54
17.48,42.16,435.82
46.51,113.9,1089.84
33.26,33.27,645.02
3.54,13.63,142.89
28.43,41.41,608.8
40.84,15.74,709.56
20.48,6.92,376.8
41.54,66.89,872.45
31.17,8.2,548.75
39.29,12.2,674.36
12.96,11.78,274.84
35.39,50.42,725.79
23.91,45.78,550.33
22.04,116.88,733.94
48.0,10.68,782.03
16.27,28.46,375.56
23.29,38.49,514.16
48.42,23.39,862.87
30.35,43.09,632.17
13.7,52.18,411.2
30.08,118.7,852.55
31.79,113.87,888.1
18.24,38.81,437.0
17.9,73.83,545.09
20.65,95.05,658.64
39.94,87.99,909.06
45.56,58.68,899.47
26.35,99.38,741.79
26.2,85.18,697.68
38.53,81.57,870.4
0.79,96.23,348.29
4.73,74.12,341.56
14.97,89.98,533.24
16.9,87.29,557.66
27.49,55.04,616.59
29.76,110.55,839.52
43.74,14.43,742.56
28.12,18.65,524.82
25.82,66.23,643.87
29.38,117.65,857.67
48.84,92.81,1061.86
41.78,10.11,711.08
45.14,12.27,756.29
40.57,26.43,746.61
8.99,80.36,425.13
41.56,77.08,905.09
9.55,25.69,269.91
19.87,93.86,629.44
44.51,60.48,890.73
15.92,37.02,405.87
15.7,102.1,588.65
30.98,58.0,687.35
48.3,13.31,819.86
2.45,14.41,129.82
20.67,98.31,653.77
19.83,19.56,406.37
11.95,46.51,367.04
12.48,51.63,388.29
42.77,6.23,715.81
25.98,105.85,745.84
31.49,99.11,815.74
33.63,34.06,654.15
7.6,115.22,506.47
18.72,116.27,691.51
45.53,119.27,1098.42
47.48,56.47,923.22
31.7,65.05,731.87
1.42,104.58,382.23
17.57,60.57,485.08
25.07,77.73,650.64
20.14,41.98,475.19
28.63,88.54,749.4
10.67,62.88,399.97
31.4,64.28,720.67
5.05,47.87,270.37
25.52,65.17,628.53
34.95,49.81,722.08
45.71,83.25,973.45
49.06,58.48,966.49
2.24,13.52,123.78
8.84,82.95,430.98
17.46,52.36,469.62
14.94,44.19,408.4
47.3,56.28,912.74
16.38,92.21,569.65
40.73,33.01,758.66
35.65,76.15,816.6
1.97,104.05,396.11
27.83,81.49,725.17
4.58,92.11,392.28
2.54,20.83,147.99
40.44,47.16,791.8
43.48,61.39,898.88
16.44,95.76,594.15
36.27,118.61,967.89
18.89,66.33,527.85
3.59,50.85,252.47
10.16,75.01,417.34
20.73,67.27,568.24
11.95,21.57,292.2
14.13,64.7,461.89
4.7,110.52,455.3
47.31,67.71,964.0
25.13,39.82,549.2
9.55,25.55,268.33
13.5,84.56,505.14
26.48,96.62,733.46
17.01,62.28,485.29
46.53,46.6,894.17
37.5,81.72,847.96
43.34,95.14,1002.77
28.41,41.0,594.11
27.32,85.43,716.95
46.1,87.58,996.75
1.2,113.79,403.01
29.48,113.69,844.12
32.27,33.11,627.6
14.04,51.45,412.54
28.77,33.03,574.58
14.71,108.05,605.77
13.84,73.53,476.99
34.33,39.89,692.72
35.34,107.81,901.58
9.66,82.41,453.51
20.61,11.58,406.73
38.23,87.45,881.35
7.71,56.71,338.23
41.73,23.2,748.64
11.14,119.5,570.89
44.62,47.71,867.56
42.39,60.07,865.97
11.22,12.63,259.22
24.51,59.51,593.62
24.06,29.3,501.75
15.3,26.13,360.49
39.55,117.39,994.27
29.72,60.51,676.5
8.02,74.0,392.28
6.24,48.71,288.48
49.16,47.34,921.58
27.84,6.15,476.66
40.91,39.18,780.85
21.82,118.61,733.44
10.04,63.87,396.6
4.07,97.61,398.42
32.06,104.87,840.91
43.5,50.0,855.83
24.78,11.96,454.18
40.36,59.63,826.19
18.52,114.09,669.33
13.31,31.93,339.92
44.37,69.73,923.28
49.09,76.69,1018.56
49.06,64.36,972.05
8.22,17.06,226.47
16.93,49.38,452.95
7.39,28.17,245.18
10.59,89.19,471.64
1.78,9.55,105.9
12.54,91.91,520.34
36.06,13.29,629.09
46.11,67.4,966.25
9.27,23.37,256.51
22.07,71.02,593.09
5.9,22.09,205.85
20.09,102.46,667.09
14.92,56.25,438.86
12.69,89.33,507.3
35.96,41.86,725.45
23.25,105.72,715.5
3.24,54.72,261.16
26.3,91.9,727.5
3.38,31.29,193.21
30.44,5.87,531.33
42.19,92.75,969.5
46.74,66.0,956.37
31.91,111.99,869.78
23.92,30.89,497.47
36.96,69.01,800.65
46.77,108.33,1052.19
48.54,60.35,950.29
49.57,32.22,887.38
32.33,119.9,899.46
28.88,100.23,787.04
23.6,48.03,539.49
3.54,90.42,374.59
4.29,81.54,359.83
49.92,91.36,1076.61
45.59,94.35,1016.33
46.59,93.87,1024.56
28.44,80.99,716.69
6.69,5.81,167.37
36.2,13.11,633.01
48.19,33.7,875.5
36.27,111.28,922.05
41.37,37.38,777.76
12.45,87.8,495.29
35.09,69.39,793.03
39.96,39.13,762.82
12.79,66.55,444.4
45.67,93.75,1014.04
1.54,102.26,381.13
19.82,75.89,587.18
13.18,71.23,467.53
21.33,13.04,413.73
21.2,108.66,690.11
19.01,75.81,562.83
14.37,26.59,351.76
23.22,15.64,451.24
37.06,91.92,882.89
24.6,84.08,671.51
26.61,32.32,547.75
29.96,26.61,578.63
2.97,11.13,126.7
41.72,44.37,808.92
19.51,44.59,476.74
44.88,31.66,818.22
44.93,71.96,941.29
33.22,50.05,710.64
14.46,62.88,444.54
39.55,87.49,900.58
14.71,27.69,357.97
37.51,28.68,687.61
33.54,18.14,605.77
16.36,25.68,370.24
23.64,76.02,633.96
26.38,67.03,649.6
28.94,38.1,603.1
24.68,29.58,515.32
42.58,27.76,768.84
49.82,33.15,893.62
42.64,8.99,706.48
3.9,36.55,219.78
6.66,30.3,242.98
22.2,52.97,544.66
23.37,59.17,584.61
22.39,92.5,667.97
34.33,100.12,848.33
40.23,24.06,733.76
12.9,53.36,404.88
28.14,23.89,552.52
22.24,65.98,575.69
8.01,33.97,272.05
26.32,23.47,510.53
33.63,43.33,675.74
35.03,22.37,638.76
13.65,26.16,327.69
48.63,80.49,1008.35
25.71,96.96,736.37
6.23,78.73,373.76
16.45,8.26,321.34
49.08,19.7,841.92
23.67,73.08,634.26
45.63,69.47,947.11
32.65,78.44,778.16
43.21,10.89,733.36
13.66,94.89,551.65
15.2,94.61,562.65
40.28,34.98,765.44
8.24,70.24,377.46
6.81,112.78,481.96
5.85,38.52,257.57
31.59,13.28,562.61
2.75,70.67,303.36
9.52,26.85,272.66
9.37,94.08,465.79
3.62,56.07,272.14
26.68,73.23,668.39
17.56,42.9,438.86
44.48,46.7,864.65
0.74,90.27,332.93
32.71,109.66,874.68
23.53,12.53,440.29
38.47,7.71,646.26
25.42,18.96,489.7
28.9,69.23,697.82
14.86,25.98,355.18
33.96,66.75,771.09
44.25,114.64,1047.28
44.86,73.09,955.52
47.51,40.53,882.15
23.78,21.07,472.95
9.39,113.34,529.01
28.16,85.93,720.08
24.37,40.1,532.86
26.24,16.56,492.21
31.9,79.5,770.07
12.89,119.63,612.09
2.06,31.47,175.13
5.73,44.99,269.23
20.96,27.54,448.91
11.73,10.61,254.51
15.76,46.15,424.98
11.77,59.98,407.53
14.94,63.81,463.15
6.18,7.99,168.89
22.75,86.45,643.05
32.88,86.69,799.65
0.86,10.71,95.69
11.31,17.67,274.68
38.43,22.98,684.58
28.97,108.12,803.46
32.33,60.03,718.44
12.91,65.68,438.54
18.27,43.59,450.74
5.03,52.75,284.47
21.33,6.45,390.37
29.2,73.52,709.85
38.86,103.53,945.3
12.82,70.23,453.23
44.51,109.3,1053.33
3.98,110.28,439.61
37.72,13.13,649.54
20.07,31.98,450.19
38.49,68.2,835.28
42.25,103.43,1005.68
44.66,5.98,737.74
44.07,11.38,748.84
12.59,105.71,545.93
39.52,60.69,828.0
16.8,12.43,340.66
29.82,95.33,796.33
23.17,30.78,485.63
29.94,105.94,806.7
40.42,84.13,904.28
37.8,46.85,762.83
22.54,84.18,636.2
43.68,44.61,836.76
31.09,100.25,829.66
15.28,101.43,581.4
14.13,6.87,278.71
1.08,27.46,149.14
16.27,56.06,472.27
33.95,107.27,885.89
20.83,43.49,491.21
28.65,45.94,621.07
20.56,22.42,424.4
21.9,38.26,504.27
1.26,95.59,356.36
23.66,67.32,605.71
24.86,9.72,447.13
9.23,47.24,328.38
43.99,76.83,931.24
27.7,102.13,771.57
48.2,43.36,889.36
8.77,51.83,339.62
46.06,103.53,1042.84
7.59,114.37,511.44
27.72,47.95,614.57
12.98,59.12,419.5
44.55,21.82,791.39
2.96,62.83,283.17
16.84,43.34,432.01
46.29,78.67,976.37
33.42,54.58,716.77
2.07,14.71,125.16
19.91,21.22,404.74
49.17,11.16,829.52
14.26,51.8,422.03
4.66,46.35,258.42
13.57,111.68,588.2
34.01,6.69,567.67
49.25,114.09,1133.91
34.48,7.11,591.06
30.28,31.79,596.06
5.86,47.12,279.56
14.94,15.23,323.14
9.46,52.95,350.42
23.82,36.99,526.69
12.88,82.26,490.9
30.75,50.02,667.12
48.67,110.43,1109.99
20.35,35.96,461.12
22.32,56.84,556.24
26.62,34.57,553.63
27.02,25.46,534.33
47.61,58.92,920.98
1.0,17.67,116.64
16.5,105.18,610.87
34.58,78.13,814.07
49.92,43.32,923.76
33.56,28.22,637.1
24.4,85.09,670.51
0.52,50.92,209.04
20.37,22.61,409.62
35.78,78.31,822.38
37.76,19.49,672.09
38.25,34.88,736.86
28.5,30.61,576.29
14.07,59.38,438.89
34.83,5.27,585.97
37.08,54.57,758.14
21.0,63.18,554.14
48.95,76.24,1021.41
2.12,56.52,244.36
44.08,8.26,738.54
0.64,109.54,389.53
35.92,113.1,927.43
26.12,61.27,626.37
35.6,71.92,799.8
18.99,119.09,695.9
29.89,52.08,663.4
44.52,25.34,786.3
18.94,12.54,373.21
32.43,109.89,864.24
28.08,118.52,838.18
43.23,45.78,842.87
15.17,24.89,355.32
19.75,5.1,363.61
45.44,88.19,1012.51
42.47,10.04,716.78
40.68,62.54,838.89
11.65,96.51,511.9
43.27,115.75,1046.83
45.9,30.34,819.77
12.49,67.41,433.78
26.2,109.83,774.84
29.41,95.3,772.74
39.5,100.29,955.93
21.5,95.43,663.17
6.44,62.55,332.6
44.94,79.53,961.92
26.62,46.91,592.1
32.87,39.97,669.11
48.79,24.68,848.3
43.73,112.69,1038.38
3.59,8.46,131.01
29.98,95.64,782.57
12.91,98.41,529.03
40.09,89.38,917.53
22.57,98.81,686.45
47.82,97.66,1054.24
37.31,13.25,652.06
15.11,83.52,530.24
4.9,100.27,421.68
28.72,7.13,501.59
32.31,82.49,769.01
44.8,55.39,884.64
7.69,64.4,355.03
10.18,92.84,473.52
47.59,41.94,857.4
19.35,73.08,565.14
27.56,5.31,476.99
16.44,62.4,487.26
33.67,100.9,864.91
11.1,57.86,391.83
48.83,62.2,969.42
7.53,107.07,483.94
25.16,21.9,490.91
18.89,82.24,585.89
28.88,38.77,603.79
1.11,74.69,296.52
46.57,32.35,853.56
35.47,28.04,660.06
42.52,67.98,883.94
20.96,33.1,469.15
42.59,15.58,728.67
1.22,68.14,276.2
6.11,46.63,282.44
5.49,9.4,163.93
46.16,40.48,863.19
13.4,76.64,480.01
39.18,48.15,773.76
32.65,96.17,816.62
11.65,118.12,580.19
40.66,41.73,780.67
41.14,73.47,880.16
34.68,80.5,822.32
6.05,110.98,481.42
3.6,82.93,349.88
5.63,53.86,299.57
12.37,73.3,450.53
18.29,105.62,642.6
1.72,22.2,142.07
18.65,68.63,539.85
22.26,94.04,661.05
27.96,59.13,643.76
18.3,48.43,468.56
37.79,64.66,799.64
46.72,86.82,1008.32
42.93,51.12,838.49
25.73,98.74,738.59
14.17,52.6,417.09
17.53,97.03,596.02
44.22,6.25,735.72
21.19,96.6,646.0
45.97,81.83,981.85
27.32,111.64,792.66
17.79,38.82,436.28
14.53,21.5,327.85
22.68,59.81,575.17
33.66,99.89,854.05
42.76,66.3,894.47
46.75,92.42,1020.61
15.53,97.79,586.32
29.24,13.99,524.61
1.87,119.1,434.46
27.35,98.43,771.36
49.52,80.27,1025.65
8.56,95.46,463.82
11.57,35.45,331.55
8.77,29.34,266.85
44.37,46.24,866.61
45.95,20.31,806.25
21.36,27.96,458.94
11.9,97.12,527.59
15.74,103.11,588.12
29.83,104.0,802.61
2.03,118.07,438.22
23.0,36.58,502.44
25.6,53.21,596.2
6.77,82.65,398.29
19.63,68.2,549.24
48.43,56.07,950.57
22.35,114.96,728.53
16.24,90.75,562.1
38.1,100.9,928.47
9.52,24.55,266.42
35.97,48.58,727.19
3.38,46.36,238.39
28.05,74.44,696.09
32.72,44.78,669.51
3.12,108.07,418.28
9.82,48.26,346.48
22.67,47.68,530.0
13.63,65.6,452.47
41.25,111.66,994.81
31.75,99.52,825.47
14.55,119.97,618.43
19.1,30.66,427.5
6.79,95.67,445.57
24.37,95.75,705.85
36.14,103.48,916.56
22.71,114.96,735.84
23.76,11.94,435.21
9.95,100.44,512.53
6.1,113.95,487.15
11.0,68.16,419.24
5.11,29.75,217.0
4.04,51.47,261.7
17.55,24.12,394.03
35.09,115.97,926.6
8.67,13.57,216.22
8.77,15.6,231.9
49.93,119.05,1169.62
22.37,31.37,484.25
34.25,76.19,792.14
34.94,22.56,634.05
47.49,27.38,840.57
9.49,109.23,520.4
49.92,10.8,832.42
36.11,26.55,661.44
43.52,18.5,751.62
15.79,91.99,564.35
40.74,14.76,716.91
0.74,16.87,111.69
19.52,31.95,444.54
6.93,71.62,367.1
4.11,88.78,378.54
22.04,41.39,497.69
1.79,45.02,211.75
16.68,51.27,460.5
45.3,25.45,806.01
20.18,7.71,370.79
21.86,12.68,421.3
42.24,89.23,951.06
40.69,87.77,914.14
32.1,96.87,839.34
41.83,68.76,885.05
30.47,76.56,736.14
4.98,105.14,443.48
3.27,10.31,131.36
12.58,10.76,271.15
12.98,38.38,361.2
7.84,38.29,284.95
31.68,11.13,562.94
43.43,11.8,739.6
40.52,62.67,868.84
20.72,87.13,622.26
16.45,90.93,567.52
22.3,55.28,550.12
36.46,45.76,732.42
27.85,34.85,577.54
8.22,80.63,422.92
30.63,61.26,684.52
15.45,27.64,365.24
15.19,69.28,479.24
39.92,62.52,841.72
19.11,8.42,361.76
44.14,30.81,809.72
37.37,100.89,914.53
21.46,57.8,546.24
37.34,65.91,804.19
42.71,17.59,741.43
4.09,96.24,401.31
35.05,23.37,640.81
1.95,9.01,107.34
6.5,99.22,437.87
39.77,79.32,872.37
44.17,7.86,737.91
48.05,38.9,885.43
2.32,6.26,103.63
12.96,47.64,386.77
18.86,33.5,433.8
3.89,57.66,277.59
21.27,38.42,485.46
30.31,90.35,770.81
26.84,63.75,640.17
27.04,13.44,488.81
35.34,112.1,912.3
16.72,92.58,580.93
2.34,14.49,127.37
34.31,34.52,681.34
4.51,100.38,417.97
44.08,30.64,815.05
18.67,32.91,429.84
29.78,56.13,660.66
43.07,61.77,898.17
2.37,37.04,195.64
41.77,19.93,739.81
40.16,13.98,702.1
35.42,94.54,862.14
32.53,32.77,636.21
48.27,117.48,1152.52
31.81,87.89,792.89
9.16,39.49,302.39
40.66,95.23,946.73
34.26,43.21,689.69
11.42,45.06,356.92
32.45,32.83,635.17
37.67,49.92,756.4
42.99,113.24,1043.69
27.93,71.25,686.89
2.32,66.05,290.26
11.6,49.51,377.02
47.48,102.98,1047.08
39.29,50.78,781.56
30.23,105.17,824.0
49.87,9.38,819.74
1.96,85.18,330.56
26.14,107.49,762.8
26.38,113.12,774.87
42.01,48.71,828.66
30.38,50.21,648.24
31.47,41.34,644.24
17.86,27.32,404.01
47.74,55.56,928.03
37.57,109.6,936.84
12.54,107.39,558.07
15.65,65.46,481.0
18.63,111.08,666.22
5.78,86.42,401.56
23.84,100.53,706.77
21.83,22.85,441.55
3.31,32.85,197.66
21.19,19.97,431.97
40.32,32.82,764.04
19.23,80.77,570.81
17.67,62.11,494.45
20.7,67.93,564.24
38.86,81.88,881.36
28.08,89.95,736.65
37.41,109.09,940.19
40.35,48.63,798.03
37.64,36.4,722.94
27.74,73.06,677.92
27.77,32.52,559.55
8.28,90.61,443.56
45.66,19.64,778.72
3.67,54.42,266.47
0.92,51.67,223.82
24.31,113.88,757.98
20.03,105.45,663.44
33.14,50.29,692.48
36.01,95.87,895.77
34.83,47.96,733.46
5.12,58.24,298.46
14.66,12.84,312.41
38.91,92.59,898.44
25.77,15.91,481.5
21.54,80.78,616.19
6.61,76.47,381.31
11.23,99.22,517.77
17.53,49.62,461.85
43.56,85.34,964.57
21.24,9.97,389.16
26.47,89.08,713.32
27.09,82.18,709.91
32.66,106.28,864.86
15.35,101.11,591.41
9.73,102.07,509.99
30.28,25.8,581.49
14.49,39.12,382.22
4.32,30.71,207.06
26.99,63.16,647.44
38.56,82.74,876.67
35.59,56.84,743.88
27.33,14.34,503.22
40.86,94.91,962.27
18.21,61.43,505.45
0.51,101.41,361.8
48.9,91.96,1061.21
31.48,35.94,625.73
24.62,6.47,431.11
11.24,117.05,568.39
33.81,107.64,876.46
46.38,37.32,853.05
44.02,90.0,988.35
29.02,85.35,742.19
33.86,18.1,615.48
16.35,57.97,472.72
24.26,96.34,688.18
11.94,83.94,479.59
21.17,21.36,432.09
43.73,43.03,830.19
10.97,62.82,407.79
21.21,17.09,418.65
25.37,25.42,509.59
5.6,38.8,248.96
18.43,109.56,651.31
14.41,12.34,303.61
36.93,27.34,683.2
34.58,64.57,760.16
13.61,96.15,535.8
1.41,15.36,117.61
17.06,14.03,347.35
4.19,40.44,233.91
25.92,44.49,575.81
33.58,107.87,869.04
45.66,93.77,1023.73
30.78,46.83,655.74
9.61,82.79,434.61
23.76,101.18,701.35
32.31,68.87,732.7
49.41,59.25,957.33
11.97,87.98,490.22
39.46,105.04,970.24
41.57,13.32,710.34
5.78,107.61,465.58
24.72,105.86,726.09
29.11,115.17,839.98
31.3,98.63,812.96
8.25,117.19,530.58
44.48,73.17,938.03
31.29,77.36,755.64
41.35,40.97,788.33
11.35,59.66,402.4
42.98,73.85,921.78
14.55,112.92,601.77
37.89,85.55,863.67
29.55,17.13,545.17
24.58,27.01,501.15
48.11,14.13,795.42
11.59,56.82,397.58
40.29,53.1,797.85
15.8,31.21,380.34
24.54,47.93,562.19
31.82,67.42,724.0
7.25,83.35,407.59
24.91,95.69,712.29
45.65,8.17,763.33
27.1,35.71,560.07
41.06,77.44,890.4
38.97,62.48,820.06
11.13,119.02,564.12
38.77,12.18,660.31
27.41,87.14,733.59
15.47,16.77,332.22
11.63,6.0,242.48
36.9,106.5,912.0
5.32,9.89,157.67
12.16,103.84,543.48
30.67,10.81,542.57
21.21,112.47,715.24
33.89,20.97,630.97
5.12,47.83,270.19
2.99,116.77,435.65
38.38,89.84,897.27
22.19,60.72,570.47
10.25,48.72,349.95
9.58,104.17,513.5
32.68,73.83,765.07
45.23,104.1,1034.01
44.5,97.72,1008.75
13.27,82.88,504.11
0.54,27.62,139.18
17.46,24.02,381.91
0.7,62.08,247.16
3.54,93.15,381.27
3.55,116.92,447.67
15.62,32.79,378.97
9.27,100.39,485.66
41.03,104.0,976.57
46.21,10.37,792.89
42.21,76.32,906.69
23.16,92.81,663.68
29.39,63.79,680.12
24.65,27.04,497.47
13.65,51.64,413.42
26.3,43.04,574.07
47.28,85.0,1019.48
8.01,84.75,424.4
43.95,118.84,1071.19
17.26,52.44,467.84
31.51,92.08,797.42
10.36,54.37,373.47
33.02,86.61,811.42
30.98,27.33,602.38
6.5,32.2,244.37
22.3,13.43,419.47
41.18,118.31,1003.95
9.9,28.98,291.83
21.65,6.23,398.81
25.0,106.1,741.9
9.12,6.37,205.39
7.38,57.12,335.87
46.32,13.87,784.34
33.35,84.44,807.35
4.01,44.13,245.53
27.7,11.11,502.31
27.61,83.3,716.79
31.66,11.68,564.99
39.36,44.43,770.03
26.28,111.9,775.87
44.87,80.99,963.24
41.88,13.88,727.3
3.54,112.15,440.32
33.08,47.34,696.36
31.99,88.57,803.32
7.09,66.96,354.45
35.41,74.08,800.29
49.97,101.49,1119.3
9.71,59.09,371.23
20.47,75.23,581.72
43.31,91.61,987.98
13.87,66.28,458.93
41.13,34.68,775.75
39.11,51.66,791.3
44.9,81.26,972.76
46.7,70.07,967.52
13.21,102.83,549.83
4.74,32.58,217.95
8.36,119.35,540.89
23.1,59.98,573.22
12.48,37.23,348.23
28.77,112.66,840.22
2.23,102.86,388.94
43.43,91.63,973.52
47.8,53.54,917.67
17.76,14.85,360.49
27.25,99.85,752.29
45.4,50.97,885.26
48.65,111.86,1128.75
35.8,26.76,667.12
30.77,105.2,838.26
39.75,11.72,683.45
18.12,97.63,614.18
36.56,114.95,942.68
11.78,39.63,347.78
15.08,77.44,513.25
15.44,118.86,636.03
33.3,45.91,674.87
26.01,65.48,643.71
38.38,56.38,803.89
30.02,19.26,553.48
40.78,81.37,914.83
41.8,41.35,802.83
27.47,103.82,772.05
19.73,36.32,452.72
25.67,96.56,720.43
42.77,28.58,777.08
21.86,7.37,391.86
14.81,112.79,604.52
34.08,110.28,904.56
47.47,57.64,907.81
2.04,79.19,316.77
8.03,43.32,298.48
5.78,48.05,283.93
30.76,83.59,755.61
24.79,103.1,722.85
5.28,119.89,480.56
22.88,110.3,720.86
25.31,72.64,651.82
42.33,16.2,741.67
12.07,10.31,261.57
2.87,26.72,174.88
35.59,97.57,877.44
12.71,48.99,378.89
37.74,116.59,969.87
38.57,113.12,980.98
31.14,73.81,742.88
18.73,65.97,522.69
19.31,50.93,489.1
7.64,61.18,345.37
26.79,15.1,498.52
42.88,52.01,843.74
32.77,59.93,711.57
30.34,73.54,728.77
32.82,23.96,615.35
23.09,26.91,479.02
8.19,94.8,454.49
26.36,53.75,610.49
30.49,62.07,689.4
12.27,97.3,527.8
14.16,13.17,303.67
24.21,35.86,514.04
10.94,118.23,562.01
42.85,14.51,733.09
23.71,41.65,533.1
29.12,56.33,646.15
29.97,26.1,577.31
27.4,54.44,639.55
2.56,78.29,326.97
15.33,44.04,409.46
17.24,12.82,348.95
48.3,31.1,870.07
21.77,71.82,597.7
28.59,73.65,705.28
39.11,117.45,985.76
41.79,46.71,814.05
3.46,50.23,247.64
2.13,24.79,157.98
48.72,23.59,839.85
5.41,111.36,476.6
1.52,42.55,200.32
25.5,34.86,539.42
47.79,85.2,1035.18
8.11,65.09,367.03
16.87,55.3,468.82
43.62,35.43,822.52
3.77,36.92,216.86
5.97,90.68,413.9
11.52,102.0,516.63
12.33,60.21,415.45
25.43,104.29,748.22
44.66,86.09,970.77
32.05,36.09,647.26
16.64,46.17,434.43
35.23,34.4,685.71
7.56,63.71,353.64
32.31,91.25,814.68
42.47,9.79,723.28
15.02,13.55,315.98
18.89,87.27,595.47
46.58,112.56,1090.62
40.84,56.17,834.18
42.64,69.85,900.98
44.18,101.66,1013.68
42.13,92.97,954.43
19.48,65.69,539.18
11.49,83.03,471.76
9.16,16.5,238.36
40.44,60.77,833.74
41.99,103.25,995.31
41.26,18.38,729.15
26.22,55.42,617.24
21.74,41.67,501.75
26.07,21.69,506.82
49.32,100.15,1102.6
27.89,65.89,661.41
3.17,61.29,281.43
45.03,79.71,986.85
16.01,45.19,428.4
37.14,29.0,694.61
37.19,40.26,719.23
21.05,68.2,571.94
42.79,49.46,847.43
29.59,79.83,736.48
3.08,119.25,449.96
20.75,81.85,610.18
34.91,45.27,705.08
18.32,83.33,577.6
16.57,35.7,405.07
38.16,16.99,686.97
15.75,114.37,635.83
21.1,37.21,483.59
21.63,25.85,456.3
31.77,33.6,629.87
49.31,84.66,1028.71
40.61,87.0,927.16
40.53,84.46,909.15
27.3,46.6,588.09
46.05,42.8,864.83
46.91,55.96,916.94
48.28,108.17,1106.14
35.12,110.72,905.82
3.75,59.12,283.02
48.86,50.3,934.22
31.38,7.88,538.65
35.33,13.49,617.26
15.31,106.66,600.67
48.03,11.02,806.5
46.76,49.61,910.96
34.43,14.73,608.57
21.91,94.19,648.77
5.32,11.83,166.08
34.95,43.66,703.57
10.67,88.66,479.97
43.73,75.46,947.36
18.45,89.6,599.12
2.36,54.12,244.38
4.54,115.82,463.43
13.54,41.16,373.5
22.46,35.47,486.34
48.83,38.14,890.17
15.5,47.59,426.57
29.62,118.21,849.64
17.64,110.84,657.31
3.06,5.47,110.79
11.65,9.45,249.34
47.77,24.93,823.47
22.91,40.4,513.51
38.4,56.6,803.41
45.69,85.75,1001.38
4.81,13.75,162.77
27.96,89.1,748.97
13.4,105.96,574.76
48.6,49.66,917.39
10.41,21.22,263.75
38.96,74.73,858.47
49.8,65.56,981.8
45.66,101.08,1035.82
28.21,79.67,705.66
14.93,5.88,293.42
17.85,48.79,455.77
41.92,52.95,835.99
27.42,34.76,563.74
41.0,46.26,797.43
13.89,18.85,314.32
12.02,80.73,471.59
13.74,105.22,571.49
19.21,69.73,549.86
14.3,86.31,523.32
30.02,76.24,725.64
42.28,16.88,737.98
33.4,28.82,632.13
35.62,42.02,712.55
33.42,67.95,756.48
8.37,119.11,524.75
30.02,63.73,689.86
11.8,78.2,463.88
45.42,79.73,977.54
49.09,79.9,1021.96
14.39,30.97,357.87
32.68,40.56,662.63
0.63,77.85,295.57
12.81,110.18,586.99
2.09,17.72,132.47
6.84,118.07,499.1
49.38,93.92,1061.27
44.65,5.86,727.86
8.2,37.09,287.41
5.66,19.24,193.64
14.39,72.58,483.76
9.84,91.42,464.1
20.53,28.96,441.99
26.21,9.2,474.2
15.87,24.91,359.12
49.39,39.5,905.95
37.22,106.8,940.93
3.12,50.25,244.23
44.84,97.15,1004.82
40.82,58.62,840.54
20.17,33.42,458.71
23.85,16.17,457.17
28.08,42.58,593.75
4.18,89.55,381.48
24.69,51.86,561.53
6.67,47.65,297.58
27.29,45.59,598.64
4.54,58.58,293.27
37.52,43.89,741.58
49.33,78.98,1030.4
15.05,13.08,321.59
22.38,112.88,734.16
16.45,71.65,511.32
39.36,90.96,906.43
24.15,103.56,722.28
17.84,77.86,554.54
49.9,9.58,825.9
49.02,99.96,1060.33
15.21,95.03,565.58
2.48,53.8,245.26
38.44,37.97,733.85
4.07,108.65,442.21
21.3,90.05,650.49
27.14,68.03,667.24
43.43,70.13,909.73
48.66,12.15,827.35
19.25,25.53,412.48
25.21,6.53,446.09
29.43,112.98,834.19
13.34,21.73,312.2
41.96,59.37,858.13
48.95,97.52,1068.83
28.04,114.35,811.71
23.78,111.62,751.78
2.74,42.76,216.35
9.29,62.67,376.29
29.52,57.81,677.05
37.18,25.01,677.71
3.71,12.47,142.47
2.08,57.5,253.92
19.48,38.29,455.29
31.93,50.81,677.04
15.95,111.35,627.29
4.51,100.03,416.65
25.83,63.59,638.87
41.0,11.18,705.53
15.99,58.27,470.86
46.56,97.67,1036.25
48.87,65.63,985.72
21.01,14.33,409.58
3.24,111.07,430.45
10.25,20.02,266.65
2.22,79.45,321.63
17.67,28.3,395.69
6.68,78.48,386.65
19.11,40.25,461.83
18.46,47.13,457.54
29.53,17.01,544.98
14.11,87.99,529.68
17.38,56.32,485.09
9.52,116.11,534.59
43.51,51.95,879.52
13.77,62.78,447.14
22.35,80.31,622.3
29.41,72.27,697.73
6.67,11.29,185.19
41.59,50.86,829.78
42.81,32.85,792.17
31.95,39.28,652.52
14.01,37.08,373.29
10.62,37.76,323.56
48.56,109.43,1101.01
7.77,29.27,251.4
34.48,90.92,835.42
37.94,72.11,830.98
24.66,107.24,739.06
14.09,42.53,385.34
43.67,104.54,1031.68
45.04,93.56,1006.77
24.07,58.13,581.34
32.92,91.47,831.37
12.53,78.66,475.17
30.78,43.48,644.0
35.14,56.13,745.51
35.54,49.04,730.4
22.72,114.3,718.97
48.95,42.26,907.09
25.59,51.8,589.9
35.67,63.78,794.52
35.21,79.48,814.31
44.24,18.15,768.79
10.29,52.55,362.9
15.8,87.44,547.91
22.08,28.42,471.38
18.89,77.33,562.88
32.04,70.46,732.49
12.99,115.21,597.6
45.79,51.03,893.2
11.95,78.6,459.91
7.31,99.3,450.4
39.12,78.33,874.78
18.27,76.17,552.08
7.86,21.18,231.58
2.84,90.6,363.62
3.22,47.32,243.39
11.01,84.68,461.02
27.02,43.54,588.95
44.95,64.77,931.15
16.18,5.63,312.33
6.95,117.4,507.24
32.33,33.26,640.41
14.41,57.33,434.2
13.85,87.85,524.59
47.98,21.47,841.0
29.11,113.76,836.15
1.02,113.69,405.99
3.0,11.76,131.63
4.78,111.81,455.17
11.53,10.68,258.15
48.63,32.25,878.3
42.51,21.31,760.67
6.87,74.11,373.75
41.57,28.82,755.3
20.41,91.38,636.39
41.25,39.77,790.5
29.01,15.15,522.84
28.59,78.16,731.37
26.18,60.44,624.19
15.29,47.07,424.26
30.53,97.38,811.43
27.1,39.66,583.43
44.17,61.75,901.98
18.19,102.69,633.96
21.88,118.44,732.93
5.36,44.67,265.54
45.93,110.3,1076.74
10.33,44.24,337.31
35.83,86.99,846.28
22.52,24.41,462.51
18.95,76.21,560.84
27.11,11.46,487.4
5.52,102.14,437.43
29.39,48.06,638.76
13.96,7.25,275.48
21.04,105.75,680.21
23.6,7.44,426.92
48.5,83.33,1017.04
36.55,22.57,663.51
11.47,15.06,264.63
40.88,76.31,898.21
19.78,116.79,701.38
8.08,30.64,261.24
6.85,112.6,496.66
3.28,72.17,315.41
22.8,118.55,757.89
10.79,85.7,468.42
48.53,75.22,994.2
20.39,56.86,527.67
44.03,70.6,902.79
19.51,69.79,556.14
8.59,58.89,362.57
29.94,42.61,627.42
26.77,7.25,468.24
41.72,88.19,947.4
8.41,42.03,304.8
27.15,38.89,579.8
26.36,119.02,807.54
40.24,8.24,661.66
45.89,102.49,1063.64
45.68,86.11,1016.93
38.4,31.42,720.06
5.86,52.75,295.5
31.76,74.6,744.13
12.56,85.13,495.9
9.61,29.79,286.87
14.95,105.26,595.4
41.82,73.96,912.22
4.86,20.74,183.67
20.39,5.71,365.22
35.55,15.39,622.22
22.39,115.7,735.67
48.91,15.57,835.78
12.93,21.17,309.16
32.24,34.68,640.23
6.58,67.63,350.83
28.1,16.17,518.84
45.71,28.69,824.03
8.17,116.87,529.62
26.22,33.24,540.5
28.26,76.32,700.45
29.23,101.79,794.81
20.63,81.66,597.47
9.92,101.67,502.07
1.61,115.88,415.76
14.88,66.25,460.32
9.45,76.22,418.02
28.0,55.61,649.81
43.09,31.39,795.81
38.65,98.8,933.04
29.12,7.52,512.27
34.94,104.14,894.44
6.04,79.31,375.26
3.33,67.96,302.93
9.75,83.02,449.41
42.35,39.79,819.6
19.82,12.76,388.84
41.59,101.34,979.78
36.74,15.68,642.42
42.39,45.74,808.46
26.65,80.67,700.55
35.56,51.28,734.92
41.82,72.83,888.81
22.66,82.06,636.9
36.23,15.36,640.22
11.57,116.01,574.77
26.76,16.53,502.58
7.53,115.16,502.7
48.73,59.79,945.1
1.18,67.8,271.94
32.56,64.28,743.78
11.65,15.16,270.92
6.31,68.79,342.5
12.76,98.76,534.2
11.14,31.95,313.4
40.26,61.21,835.87
20.61,99.7,672.87
41.22,101.77,972.52
35.47,43.86,715.78
44.69,65.81,913.16
5.23,48.86,280.41
25.9,43.13,572.2
6.26,64.08,339.06
23.25,91.59,660.04
23.72,59.67,583.94
9.51,46.12,328.97
31.66,29.27,611.98
17.3,25.65,387.82
10.32,27.68,292.54
11.75,115.24,576.4
49.58,63.64,984.17
4.72,98.28,412.78
24.72,81.18,665.53
22.45,71.33,599.2
22.12,28.81,468.19
11.74,31.57,320.97
19.33,5.09,360.97
41.87,5.01,697.34
6.49,76.34,379.5
1.05,30.71,157.6
6.88,27.06,234.44
41.18,83.05,929.46
23.96,98.83,705.36
11.35,111.86,556.52
31.88,70.0,741.23
21.92,25.55,457.94
23.63,30.96,491.86
5.05,115.3,467.08
37.6,24.45,691.41
29.67,70.23,707.94
28.09,97.23,757.35
45.46,86.34,980.39
15.94,104.32,594.78
24.42,115.23,770.37
45.0,72.81,959.06
41.23,62.36,842.73
43.88,36.97,824.13
48.19,49.35,917.67
19.48,71.13,539.85
32.67,24.8,617.43
37.33,113.1,958.71
40.57,75.96,893.56
3.46,76.39,325.68
21.89,84.8,637.84
39.95,16.92,689.73
34.05,116.57,896.3
4.05,95.87,397.1
41.63,80.38,923.84
9.2,77.61,421.38
25.22,34.56,524.88
7.95,25.14,239.21
33.72,19.64,617.94
6.14,113.57,484.85
48.89,11.18,814.9
23.98,23.21,477.26
21.06,111.64,701.6
48.55,25.36,856.33
3.72,52.74,263.96
32.43,66.84,738.96
44.84,104.97,1038.61
28.29,12.3,513.52
15.77,46.37,421.14
27.03,35.31,561.44
48.5,28.75,864.25
46.32,17.74,787.6
45.93,17.4,788.49
11.9,91.38,501.02
21.52,98.31,665.31
25.02,58.54,588.78
20.21,45.27,487.51
7.02,27.3,239.84
35.12,119.24,929.05
26.4,75.18,673.24
28.82,23.68,548.87
48.2,48.52,926.68
3.94,118.91,470.23
18.09,57.14,502.56
22.57,36.11,499.38
8.96,61.75,368.99
45.29,93.35,989.41
31.4,108.5,863.28
23.63,78.65,642.24
7.18,6.96,175.87
29.0,85.17,735.32
34.36,75.7,787.54
41.17,36.09,768.68
12.78,63.14,433.7
41.77,38.64,796.24
17.51,51.31,460.91
29.73,15.45,546.36
7.33,67.57,356.42
36.03,62.55,768.65
1.98,13.28,119.56
25.72,56.61,602.84
46.65,43.69,891.16
28.03,82.3,722.28
6.72,84.01,407.67
0.55,43.63,184.33
13.53,103.77,560.75
49.66,80.9,1035.66
0.68,47.21,201.38
41.1,32.03,766.88
26.79,113.1,790.2
2.97,82.51,340.65
49.83,11.81,828.93
47.56,49.12,906.13
0.77,33.14,161.05
34.51,84.81,813.66
12.39,101.28,552.55
28.87,44.52,619.19
10.18,65.23,394.7
22.03,28.06,463.59
1.76,62.9,269.06
10.72,119.21,564.26
25.48,50.46,585.15
29.83,80.86,755.59
14.74,9.26,296.79
3.26,103.01,409.81
23.89,101.94,712.99
7.29,103.66,475.36
3.59,38.27,216.53
16.85,86.52,559.68
23.65,39.5,522.24
38.68,64.21,820.19
11.27,24.54,292.26
17.76,9.24,345.23
36.19,14.01,638.71
7.83,37.23,282.5
49.2,94.58,1071.75
8.07,108.31,493.19
17.35,97.42,604.1
43.68,91.07,980.07
0.62,17.17,110.8
23.31,86.56,658.91
12.93,69.43,450.36
16.04,80.17,533.39
27.51,91.43,732.64
24.68,48.68,568.7
22.12,59.68,559.18
26.59,64.77,636.46
41.77,44.6,812.36
8.04,24.73,241.55
41.82,106.08,987.98
35.74,98.36,880.01
47.03,102.69,1078.09
17.23,41.88,433.36
22.73,66.5,596.31
38.45,46.68,756.46
41.99,52.96,820.44
41.72,68.68,896.65
19.47,74.81,573.36
9.31,41.41,312.68
19.75,108.47,678.3
17.37,79.54,561.76
22.01,91.24,658.88
36.11,48.76,739.07
2.17,78.42,316.08
40.81,71.29,876.4
18.27,17.75,369.4
16.21,61.05,474.09
24.19,12.13,448.86
45.63,119.27,1106.33
44.8,102.23,1023.04
28.09,57.11,638.78
48.54,11.97,811.92
9.77,63.35,387.53
1.1,102.78,373.01
46.05,83.05,1001.65
4.11,43.96,247.8
31.77,29.28,614.45
18.03,31.68,414.79
40.47,85.78,916.63
32.9,88.94,810.94
13.27,92.74,538.92
7.43,89.54,436.74
33.48,22.3,620.75
31.13,22.52,583.13
11.18,58.89,394.41
9.46,102.5,504.08
21.16,84.92,624.49
45.96,99.65,1032.99
2.02,72.55,301.74
49.73,112.17,1136.01
5.57,92.49,410.39
46.51,108.98,1082.24
32.19,109.36,867.21
15.97,69.21,504.06
34.18,64.92,764.83
49.25,87.41,1051.01
17.47,108.06,639.77
19.79,74.31,574.03
19.65,24.91,422.51
15.45,63.71,477.62
30.02,97.66,796.78
23.53,95.73,673.98
33.27,90.77,816.14
17.94,73.35,541.36
15.14,80.2,513.18
2.15,31.63,175.13
25.83,77.95,658.21
28.47,12.23,510.06
14.02,49.39,414.14
37.79,59.33,794.12
24.86,85.77,672.67
23.34,74.28,622.97
29.5,19.71,551.18
49.4,99.07,1091.38
12.41,110.6,565.02
21.46,21.24,433.95
2.87,42.37,221.14
21.46,118.93,727.12
6.59,66.12,343.86
7.72,75.69,397.24
29.31,43.59,624.52
47.63,85.48,1016.27
25.29,15.53,475.49
45.08,93.68,997.6
34.79,34.81,672.39
38.36,94.61,903.11
34.48,21.67,634.92
16.39,68.81,500.28
40.47,37.26,765.16
26.39,55.6,606.12
14.19,50.95,417.22
15.93,63.35,486.64
38.38,38.68,743.33
24.25,72.78,623.7
5.99,30.16,232.36
47.31,11.74,793.04
22.17,55.32,545.28
46.77,95.33,1039.65
1.63,26.63,153.54
18.71,79.95,573.96
3.95,82.6,354.3
5.4,22.96,198.8
27.83,112.82,801.73
48.47,32.61,891.58
41.4,23.62,741.15
5.57,38.41,244.96
33.68,58.23,725.36
12.9,93.16,523.44
28.9,5.12,493.84
7.04,111.85,492.52
48.43,65.64,957.28
44.23,65.1,923.52
46.42,30.52,858.15
17.47,20.36,372.61
42.13,21.63,756.43
33.19,82.57,795.63
11.91,65.46,428.83
7.39,114.37,507.47
6.97,53.3,314.25
16.85,42.72,433.04
10.82,116.42,579.03
35.67,51.89,732.26
14.33,38.67,384.53
41.62,32.91,758.7
29.41,91.32,768.69
47.01,10.13,786.75
32.72,79.9,783.93
14.72,32.18,367.99
24.24,39.93,527.39
33.72,89.44,817.49
5.41,96.87,419.1
23.11,75.58,620.91
36.22,74.05,817.35
46.84,33.67,857.11
9.91,119.63,548.07
39.72,66.75,842.61
31.19,11.3,558.64
7.3,90.63,436.04
3.95,15.77,157.4
22.38,23.55,457.05
37.41,72.81,823.23
45.64,95.67,1030.39
23.09,10.15,425.09
40.0,90.17,938.34
37.54,24.72,679.06
39.35,51.65,775.05
43.34,36.63,831.27
22.4,68.06,589.67
39.04,24.58,708.39
31.31,55.76,690.76
30.17,88.37,759.95
16.99,97.56,597.64
28.7,92.23,756.03
17.97,17.82,376.63
13.9,53.48,410.22
42.4,8.23,704.35
38.28,28.97,708.52
27.76,34.18,572.57
20.89,32.39,464.94
34.89,43.5,701.5
42.8,10.91,731.23
19.04,52.45,500.12
19.26,78.72,575.01
11.85,45.76,364.6
43.22,46.08,831.75
16.34,63.41,479.36
45.04,85.07,976.3
1.96,46.61,221.0
35.5,36.73,689.39
10.8,89.29,478.61
25.63,12.72,465.03
12.92,61.94,431.23
23.48,46.38,539.15
22.69,77.24,629.84
35.88,47.74,734.17
44.01,53.0,899.99
23.29,71.21,607.08
48.81,46.16,924.5
24.35,12.85,452.14
15.67,76.39,516.99
0.88,118.94,425.34
45.4,5.05,746.36
21.7,107.32,705.05
27.8,117.26,825.95
5.61,105.07,451.69
33.61,95.17,855.87
9.67,30.38,284.07
28.52,109.77,797.15
13.08,68.64,448.7
16.52,41.97,423.17
33.85,24.68,615.83
7.44,107.17,482.29
31.25,82.46,774.74
46.35,7.85,766.12
22.77,82.21,641.06
49.04,92.2,1067.8
6.69,23.33,217.92
13.34,88.95,506.79
41.73,114.98,1019.95
47.31,60.82,945.87
41.74,95.6,966.49
48.58,65.56,961.19
26.36,77.1,675.51
2.38,25.75,164.04
48.04,35.03,869.77
2.36,43.04,217.56
20.93,31.64,458.49
20.87,8.28,394.59
11.1,90.02,484.22
20.08,36.25,465.9
42.08,98.99,1003.92
12.67,21.58,305.3
16.95,94.31,586.04
44.91,38.86,847.93
19.35,41.57,462.4
17.2,29.78,391.63
26.67,80.21,696.39
25.63,46.81,578.77
13.51,53.49,415.0
1.1,59.47,240.41
37.12,37.13,716.81
39.61,90.25,916.95
20.02,5.2,366.31
46.45,56.07,906.74
38.22,23.09,688.11
6.64,59.11,329.6
25.49,72.96,634.86
32.06,88.5,789.03
20.78,99.65,665.91
9.96,72.17,414.78
46.0,30.09,828.04
4.98,56.51,286.7
49.52,119.2,1152.65
45.6,7.58,748.32
17.54,119.36,670.56
3.9,47.06,257.48
22.76,62.71,577.24
43.45,70.31,912.08
9.05,75.44,404.31
3.48,7.9,127.16
34.68,16.16,627.97
42.95,106.97,1017.95
27.98,32.45,565.66
31.65,104.09,825.28
25.42,85.63,683.27
40.85,54.47,829.1
3.32,70.48,311.87
6.44,96.97,438.89
2.75,71.14,305.42
8.07,107.78,489.83
32.78,55.54,704.63
8.11,104.09,485.84
22.66,34.28,497.12
21.07,37.88,481.56
14.19,83.49,515.89
1.54,20.77,135.75
29.68,38.77,616.23
5.28,79.55,367.52
40.31,18.85,718.57
10.73,20.51,273.73
3.72,88.82,372.19
5.4,18.32,181.03
33.86,52.43,718.33
39.39,103.98,957.75
42.45,67.45,893.65
12.21,27.06,308.89
25.55,76.63,672.19
29.42,117.46,841.84
8.92,40.9,306.5
2.97,79.89,331.61
12.86,91.85,517.92
46.59,12.92,785.32
43.83,43.02,821.95
34.6,58.88,731.59
38.96,70.26,854.24
4.83,61.6,302.93
17.37,51.28,460.07
2.2,105.64,401.84
42.69,110.69,1028.99
16.49,22.23,365.31
34.9,45.54,714.64
7.67,73.17,378.54
43.74,84.17,930.59
16.26,92.31,583.6
46.78,59.56,911.63
42.2,83.44,937.18
31.15,19.42,581.06
10.49,85.43,459.24
45.08,105.04,1035.69
26.77,52.21,597.61
31.63,101.01,818.84
45.99,84.87,1002.25
7.25,88.93,425.96
46.27,71.11,953.87
15.69,118.65,637.43
4.08,116.1,462.89
2.25,82.79,331.66
12.17,14.43,277.89
30.26,84.98,767.84
31.25,63.99,722.38
11.1,74.64,438.12
28.47,102.25,771.22
3.52,31.08,195.07
44.69,106.93,1043.02
5.38,52.78,295.38
27.33,5.15,476.12
6.91,100.73,450.52
47.24,108.16,1064.26
19.83,96.84,623.77
1.46,96.25,355.34
40.48,92.9,931.61
31.26,50.29,677.34
28.8,36.99,594.42
23.53,36.87,517.79
15.18,85.04,540.46
49.38,41.34,896.5
20.77,41.99,490.63
1.69,100.82,383.14
4.05,19.8,169.0
31.93,94.31,813.68
23.18,78.42,641.07
49.35,44.13,915.66
30.66,116.73,863.14
9.28,41.09,309.0
21.97,11.2,409.05
21.77,119.77,730.45
49.9,26.07,881.83
26.25,90.08,716.29
21.03,73.88,576.1
7.78,38.54,281.29
44.1,108.68,1033.13
44.74,23.36,797.03
42.98,36.6,814.48
4.33,38.26,231.47
31.61,74.06,748.65
10.61,94.92,497.9
47.93,79.82,1022.24
23.1,22.41,463.03
4.55,50.7,273.09
26.82,55.33,625.04
33.24,115.4,899.29
42.33,34.86,775.77
13.33,106.45,569.61
32.4,65.55,733.65
39.17,116.03,970.85
48.68,63.22,961.68
9.12,106.32,505.98
38.06,106.11,930.16
4.56,83.0,369.15
13.17,83.27,503.27
45.33,111.84,1055.23
11.43,46.88,364.79
9.87,32.05,293.4
26.69,36.96,560.17
49.73,53.22,960.16
39.87,98.56,945.09
46.89,102.37,1047.29
41.66,101.84,980.2
29.25,94.68,773.32
26.67,109.09,784.02
27.44,99.13,755.12
49.88,101.57,1113.18
36.83,49.4,747.09
4.93,104.62,433.46
38.36,32.6,718.52
21.16,61.2,546.77
4.61,13.79,162.53
34.33,83.03,802.24
26.33,115.1,789.6
23.56,67.12,614.61
17.42,108.35,650.31
11.28,35.67,327.09
46.61,11.11,782.03
17.01,47.26,437.37
49.91,71.89,987.57
38.97,88.11,904.65
32.39,25.1,611.0
40.06,13.03,682.81
44.93,102.72,1027.96
3.56,10.31,132.53
21.11,42.58,491.32
39.16,40.11,764.07
27.87,103.24,774.25
36.39,29.1,676.26
3.96,117.59,466.02
11.42,65.95,417.73
43.46,12.13,734.2
11.79,45.86,365.82
15.14,47.95,416.51
30.85,73.42,738.9
12.5,14.17,282.14
13.1,29.48,330.71
46.88,115.24,1113.93
4.05,109.04,435.7
17.62,93.09,587.29
4.3,75.79,347.68
4.06,115.33,449.07
10.81,13.56,251.36
35.56,118.92,957.4
24.48,51.54,569.72
18.45,107.92,654.16
5.28,46.65,270.25
10.83,24.69,281.96
48.75,17.63,838.1
38.95,42.83,772.57
2.29,58.89,259.93
20.79,35.17,467.35
22.01,84.28,636.48
37.3,35.19,695.4
40.33,12.98,686.94
15.92,88.06,549.98
23.75,113.65,747.13
42.18,10.28,713.12
5.98,47.56,281.4
35.06,43.61,701.98
45.25,100.02,1026.59
19.15,69.06,536.25
11.91,62.43,415.79
21.47,51.68,528.62
14.56,64.98,466.92
22.59,25.36,464.86
5.82,100.18,435.26
2.14,10.87,114.28
28.39,76.85,708.46
49.76,34.25,895.84
2.99,52.08,250.66
33.11,81.14,791.78
39.77,25.74,734.69
31.89,94.5,825.31
7.51,55.95,332.24
42.64,41.56,822.54
38.26,12.75,648.81
39.19,23.8,710.6
4.32,13.41,153.84
31.07,85.36,789.06
39.02,111.16,965.38
1.59,30.08,161.52
26.08,83.1,691.48
38.6,101.13,920.17
15.45,15.59,325.38
33.32,6.22,574.07
23.72,52.49,558.95
39.41,51.27,788.47
25.55,16.68,467.27
26.64,49.51,600.85
1.25,84.45,322.15
1.98,104.19,394.23
45.87,20.66,796.3
5.37,101.21,431.3
33.89,59.28,731.57
38.4,32.12,715.33
23.87,62.43,595.21
45.62,114.1,1077.87
4.72,95.96,405.78
0.61,49.15,203.0
25.51,105.76,751.61
30.7,68.6,715.93
44.16,79.38,952.69
38.87,40.88,763.75
31.47,82.74,772.88
25.8,19.61,499.96
25.05,51.36,586.01
33.51,85.51,796.85
48.51,117.24,1118.93
19.02,115.49,680.2
5.99,30.32,230.9
40.79,89.34,930.62
28.31,10.22,511.89
11.08,57.96,392.26
31.25,107.76,851.7
30.29,36.5,625.11
41.66,66.07,872.15
40.6,118.81,1016.38
46.39,62.52,931.75
19.36,68.44,549.41
36.36,48.25,741.31
12.28,77.57,470.36
30.92,15.36,566.43
30.09,6.21,518.32
48.52,112.4,1110.07
4.06,14.7,155.96
38.21,84.18,876.69
20.46,86.05,623.1
46.01,89.93,1014.6
12.28,60.01,417.66
11.46,69.28,432.24
47.0,82.21,1020.26
28.33,38.41,592.45
20.65,100.64,651.47
6.09,18.23,199.72
7.98,111.51,504.84
31.4,118.24,871.02
12.35,88.16,495.04
4.3,11.88,149.57
4.86,117.65,476.99
41.03,92.2,936.32
0.96,54.99,231.31
34.87,42.92,705.99
13.91,100.34,550.48
43.43,98.92,1001.1
24.93,98.19,721.3
42.83,39.13,814.4
47.77,100.79,1083.47
21.59,42.91,500.5
7.73,111.68,501.32
26.66,8.9,469.09
39.93,84.75,906.38
49.58,82.49,1039.39
37.56,11.85,646.33
36.09,100.55,892.51
6.39,15.79,193.28
42.4,50.51,848.58
9.13,47.66,330.18
44.59,46.12,841.73
36.89,78.48,832.88
10.72,92.2,482.19
6.85,71.53,365.67
0.76,55.69,227.34
40.56,15.13,705.35
11.99,105.42,547.33
41.41,80.25,901.29
39.19,91.45,903.12
44.6,38.18,830.35
49.51,52.27,949.26
28.12,66.23,661.32
37.43,48.25,751.91
33.79,88.99,820.58
48.74,92.35,1060.4
30.07,38.17,617.97
20.02,109.85,676.7
47.05,11.4,775.34
20.72,75.86,595.9
38.98,68.21,828.23
33.83,9.54,573.64
6.31,22.31,214.3
15.64,71.11,509.3
48.23,104.13,1090.76
18.06,70.95,533.0
34.47,75.03,793.89
19.04,67.74,545.11
46.76,86.68,1000.69
25.43,33.26,532.9
44.92,19.94,787.11
36.4,30.86,705.4
21.71,5.51,387.41
47.95,57.76,953.36
34.84,25.05,643.92
19.89,23.51,418.35
23.65,118.8,770.57
22.6,91.37,659.28
27.72,90.67,753.04
23.26,32.09,495.96
37.98,62.37,792.6
44.81,94.23,995.76
1.52,89.62,345.93
39.17,35.12,728.32
46.97,58.07,927.55
45.4,103.95,1053.67
17.52,15.05,357.76
2.52,76.52,315.06
40.5,104.71,964.4
4.59,82.33,367.85
27.88,109.42,805.01
32.81,51.1,705.32
36.23,107.84,910.68
22.88,51.43,549.35
24.48,38.52,540.0
17.1,110.88,640.8
14.17,62.66,455.28
33.55,106.34,876.72
41.64,28.45,757.69
14.73,6.73,290.9
34.5,86.65,823.5
16.56,77.26,532.18
42.74,102.65,982.2
23.48,23.36,467.74
11.9,7.08,250.27
19.68,14.08,381.95
0.74,43.89,196.31
48.98,52.55,937.03
26.27,89.28,724.57
18.73,118.9,677.26
11.51,91.11,494.75
35.09,40.26,694.03
15.7,28.74,370.84
5.21,118.36,479.97
15.44,66.01,475.29
36.07,46.65,725.44
8.68,28.05,264.82
33.22,15.04,599.46
29.13,26.41,565.95
29.96,46.72,632.82
34.63,100.19,881.27
42.49,118.83,1049.44
29.33,17.8,551.63
43.63,29.12,787.54
30.32,88.96,765.09
47.18,70.54,970.36
18.4,46.24,464.22
40.01,110.32,980.91
32.3,117.91,880.69
48.36,39.21,893.68
35.92,62.82,774.18
20.47,91.83,625.17
14.31,119.16,624.73
26.34,90.38,724.33
47.7,119.75,1111.63
6.74,57.68,325.47
36.21,90.82,877.45
29.13,54.53,651.95
18.62,38.22,441.63
45.03,40.45,851.87
21.61,22.1,444.44
35.26,102.74,897.05
10.61,34.74,315.78
40.4,114.2,999.45
37.07,35.1,707.19
8.42,33.47,280.59
15.0,16.84,327.52
10.13,117.48,553.64
24.58,92.22,688.18
25.19,83.08,678.56
20.93,42.33,492.55
22.24,90.26,642.02
47.47,25.67,814.72
20.33,90.95,643.24
23.13,15.81,451.69
47.95,18.11,823.69
31.88,45.62,668.39
20.03,13.35,385.07
44.84,54.8,896.76
32.16,99.73,834.72
26.13,18.05,493.53
34.79,18.13,633.48
14.45,52.67,425.13
34.81,94.43,857.99
24.89,22.87,486.71
44.89,88.76,981.57
27.85,33.01,568.47
6.87,57.07,320.61
29.28,45.93,632.66
9.25,77.23,419.7
29.27,109.01,805.92
7.27,93.6,441.23
21.25,33.51,474.59
45.5,10.02,767.83
5.77,83.16,383.8
44.35,97.32,998.06
17.07,76.95,535.7
47.33,66.2,952.16
39.28,31.47,737.83
33.81,101.04,857.58
11.1,32.74,317.42
11.26,82.06,462.53
16.54,75.2,515.38
33.3,84.83,800.2
37.97,99.57,911.7
32.77,82.75,778.18
49.61,28.86,872.16
6.71,54.31,314.22
28.09,28.85,557.0
11.35,15.2,264.65
41.35,72.25,895.29
7.95,35.96,279.33
3.25,107.19,417.47
15.85,72.29,509.08
30.03,105.11,815.95
6.23,76.35,376.61
31.21,15.27,564.99
27.36,71.5,679.06
26.66,15.56,495.14
15.79,47.31,429.92
22.27,58.72,556.1
37.81,17.94,685.19
15.99,33.32,385.91
43.6,61.51,882.99
31.37,91.65,801.35
22.74,78.39,623.87
1.82,53.54,240.31
44.68,70.57,927.78
49.17,111.2,1109.22
6.49,80.91,392.44
20.66,10.62,392.6
21.56,83.1,631.66
24.44,73.03,647.35
49.56,38.71,922.6
15.72,46.64,426.23
46.44,92.12,1032.22
12.94,70.63,456.51
9.95,52.3,353.27
29.03,27.12,566.04
43.74,40.65,841.67
38.42,7.79,657.34
41.63,70.08,886.27
31.24,93.16,809.21
30.29,22.37,572.59
38.47,46.17,763.5
12.53,39.84,360.69
9.53,56.57,365.51
43.64,7.36,735.54
38.11,74.98,852.43
43.83,99.84,1002.78
26.52,102.69,747.63
32.58,8.14,555.63
32.73,41.86,665.22
37.56,36.35,728.92
16.8,26.33,379.4
31.04,101.63,818.23
14.55,39.73,388.05
12.91,66.07,440.81
23.16,68.83,602.6
32.2,30.74,620.62
7.94,55.48,334.01
34.84,115.63,925.55
34.14,75.29,790.57
38.5,24.69,698.0
20.23,70.3,564.24
49.36,27.43,861.64
37.01,63.69,782.08
28.1,93.19,738.6
16.64,119.52,658.04
26.97,88.27,725.89
15.08,62.37,459.18
40.2,63.27,827.16
41.82,27.15,765.39
9.74,60.15,378.04
45.32,114.44,1080.78
9.09,117.27,544.59
1.28,67.07,272.61
21.92,89.87,650.66
35.36,104.11,893.17
37.85,118.1,966.29
35.5,73.76,787.73
7.23,111.09,492.51
9.64,87.64,459.56
16.3,106.86,617.29
25.57,25.28,516.02
23.28,25.61,480.24
47.47,52.92,919.88
30.37,59.64,683.33
25.43,36.32,541.12
8.67,26.53,261.33
45.86,29.71,831.43
39.17,42.88,763.36
48.87,112.45,1108.96
3.03,110.86,424.97
44.13,83.7,960.75
5.7,94.77,421.78
48.84,34.25,876.71
28.25,59.92,659.96
36.83,53.78,772.14
35.5,87.73,843.23
13.96,57.39,425.05
49.66,56.58,970.36
18.77,102.91,645.08
47.17,87.85,1014.71
25.14,19.26,489.02
21.03,93.01,647.78
27.23,94.25,737.67
33.69,17.22,608.0
30.43,46.59,642.06
17.99,94.72,604.23
38.88,81.01,877.47
17.59,82.63,563.94
18.13,74.53,542.7
49.18,16.35,853.33
25.59,108.03,773.54
20.82,115.01,699.56
48.84,26.61,862.63
28.91,113.52,830.42
36.96,77.43,839.57
4.28,85.04,372.36
47.15,66.21,939.07
28.35,112.85,816.29
14.52,116.33,610.88
35.37,53.71,746.95
29.54,104.03,803.05
22.19,84.32,626.56
3.88,26.46,190.69
2.65,55.99,252.03
31.23,20.61,589.77
4.94,76.3,351.59
19.47,56.83,509.03
30.12,53.87,661.88
42.08,89.22,934.81
24.53,94.44,704.42
6.31,18.65,201.29
25.69,117.25,785.12
44.34,31.52,809.61
43.58,59.72,885.84
47.34,90.51,1051.1
11.73,103.32,537.32
14.02,73.26,482.61
32.02,88.29,787.83
1.46,83.49,321.92
24.76,85.55,682.24
44.08,91.65,991.81
25.65,110.61,764.2
3.75,79.44,348.25
21.26,55.96,532.06
15.12,101.99,579.25
5.36,105.34,446.55
30.05,25.77,591.18
42.94,80.93,943.68
24.44,74.35,637.19
26.7,29.59,536.3
49.28,68.1,983.25
26.7,41.34,563.6
36.23,67.8,806.2
32.59,26.47,610.06
44.69,64.12,925.27
6.19,65.26,339.93
34.92,28.5,651.21
16.17,38.02,405.07
49.97,117.19,1149.03
39.1,77.81,867.43
4.38,10.73,147.53
43.33,47.81,833.18
14.56,39.46,381.24
23.07,51.9,559.49
19.53,23.91,412.04
9.47,42.64,320.39
10.22,49.13,354.3
27.7,39.89,593.07
42.33,103.75,991.14
36.5,88.12,855.77
12.19,64.68,427.17
46.28,25.31,816.78
1.22,94.75,352.33
44.47,57.38,890.31
39.68,39.68,761.56
0.72,39.2,179.84
40.65,16.03,714.23
15.8,55.41,455.13
1.11,29.98,157.33
44.66,66.89,916.65
29.32,12.67,519.24
19.4,58.88,519.55
29.4,64.07,682.98
14.23,105.67,574.27
8.51,80.13,411.62
9.66,32.41,293.1
17.14,101.31,613.7
31.86,73.07,742.92
10.94,86.17,476.49
11.19,104.61,531.65
37.27,15.9,669.16
4.49,47.18,259.65
38.07,55.85,784.69
41.48,12.69,707.3
6.52,101.21,446.28
8.72,17.89,236.2
2.89,29.28,182.24
36.08,116.98,954.88
21.61,111.44,719.11
0.59,28.39,145.91
47.71,79.88,988.81
48.43,93.11,1058.85
48.31,8.79,801.85
8.36,82.35,422.16
46.27,6.37,780.84
38.85,94.15,922.12
27.73,106.88,782.07
33.34,97.63,829.89
17.18,44.72,433.85
17.15,77.32,537.6
11.36,64.23,407.09
49.56,29.97,877.25
41.05,114.9,1028.73
20.16,32.07,445.01
15.56,14.75,325.46
23.38,117.56,749.12
34.09,26.8,655.94
18.41,96.68,618.73
7.16,65.53,345.52
9.41,48.7,334.79
8.81,55.72,355.89
14.16,27.8,341.4
35.87,95.38,874.48
24.26,55.38,576.25
1.63,67.4,279.69
38.94,29.81,726.96
46.65,14.27,780.76
34.26,98.54,861.86
40.78,35.72,755.38
5.01,96.93,411.12
17.66,53.27,479.68
41.92,55.65,858.26
44.5,118.67,1062.58
8.8,49.49,329.0
20.96,115.65,707.83
17.19,103.96,620.23
27.1,76.33,687.57
26.95,85.52,711.34
5.31,56.35,299.67
23.86,89.53,680.37
6.69,97.55,445.59
27.63,9.21,495.22
40.61,10.86,692.42
1.3,17.24,121.61
31.79,119.75,895.33
43.49,104.19,1030.33
31.77,39.49,638.94
5.57,84.85,390.31
21.5,91.57,653.57
24.31,33.27,514.65
16.43,108.26,615.46
17.87,8.78,346.47
32.26,47.85,688.13
30.23,59.08,677.75
5.68,77.39,368.33
29.34,67.37,692.42
47.07,60.14,932.29
14.9,63.34,457.69
44.2,5.93,749.37
14.44,67.02,472.55
44.78,104.34,1035.8
36.71,114.46,930.67
37.66,81.02,858.34
20.16,51.43,498.4
12.98,43.41,372.63
3.62,10.71,138.44
10.52,30.79,300.52
40.08,16.15,704.18
6.54,13.43,190.48
19.55,13.89,392.1
22.01,49.84,528.21
41.95,108.0,995.78
12.86,37.75,359.17
19.02,82.04,573.05
0.84,75.91,294.79
45.84,115.68,1069.61
27.77,25.33,542.34
18.38,21.42,393.06
45.73,116.05,1083.65
42.67,85.8,952.54
23.68,100.41,716.85
47.71,81.2,1007.68
46.78,66.42,954.3
27.55,35.21,560.44
34.45,22.86,624.88
49.01,28.13,868.77
47.48,111.87,1089.83
32.09,27.9,618.05
1.58,9.05,101.92
43.55,76.21,936.12
17.24,70.79,526.58
12.22,75.27,466.16
21.01,57.04,541.87
10.4,5.15,224.32
42.82,85.43,945.64
49.34,54.78,959.49
45.86,78.88,965.68
31.87,83.15,767.93
27.76,114.02,800.35
3.15,100.15,399.53
14.95,117.33,620.53
47.61,11.96,808.31
25.26,23.77,503.44
14.24,88.85,532.36
4.83,23.34,193.63
14.98,64.36,466.29
15.21,87.11,541.19
27.33,76.29,698.12
41.18,86.42,922.43
20.39,108.33,680.87
29.08,49.0,637.7
29.86,24.13,563.7
10.88,113.12,572.45
6.75,116.98,502.49
15.63,55.48,452.51
15.15,12.31,316.3
7.2,49.93,304.81
3.76,9.56,131.36
31.36,23.63,585.71
27.68,36.53,577.21
10.47,30.4,302.15
41.33,88.62,913.9
10.99,54.99,380.08
35.34,90.38,847.31
6.65,62.5,336.84
4.08,34.86,216.1
5.65,11.77,169.03
37.31,13.5,641.92
48.73,6.36,800.65
21.98,44.25,512.22
33.02,93.23,823.66
15.83,39.72,406.9
16.41,17.23,345.97
48.99,76.18,1014.78
26.76,59.85,632.79
25.03,7.29,445.71
8.05,37.92,284.27
47.06,36.61,873.1
49.22,114.85,1144.0
1.7,31.44,171.2
10.15,115.33,557.54
13.85,34.28,355.1
21.24,41.53,496.48
34.84,67.08,784.45
45.19,12.42,758.8
31.35,111.46,861.4
15.88,115.85,635.1
35.07,102.1,879.94
8.77,112.44,520.6
44.6,14.56,766.79
46.31,58.33,913.34
1.11,53.02,225.96
3.51,102.35,410.03
26.65,69.59,654.67
7.04,106.44,480.49
42.46,107.88,1016.93
36.27,88.54,857.41
37.8,30.28,705.87
27.87,36.23,574.84
8.68,102.29,479.11
7.83,94.53,444.52
17.45,54.05,473.18
14.29,98.12,557.93
1.92,30.9,167.71
4.54,109.49,444.67
24.65,42.34,550.6
38.95,31.7,725.86
14.93,107.19,598.3
14.65,109.74,601.02
14.29,41.89,386.32
41.76,70.87,897.55
45.64,53.11,891.78
20.97,68.57,567.37
3.85,33.81,209.51
21.88,80.31,615.31
20.68,37.14,467.08
19.57,19.67,406.06
37.71,88.52,875.2
48.04,52.08,934.56
43.07,118.08,1046.53
49.22,119.06,1143.06
22.35,116.61,737.77
20.24,110.6,689.16
37.99,48.9,769.49
14.0,85.88,521.1
38.19,83.88,871.7
39.95,78.37,889.39
22.43,50.57,535.92
14.53,115.37,610.37
17.75,46.48,457.91
11.59,19.69,283.13
18.08,12.0,361.65
12.99,88.35,515.67
7.79,37.71,277.14
26.04,94.22,721.75
33.95,91.56,823.82
25.49,11.56,468.79
44.6,105.69,1039.31
37.81,52.8,773.73
35.57,94.53,865.37
32.78,70.87,749.2
14.48,24.6,341.48
23.0,13.91,440.23
5.36,70.01,339.2
13.48,47.66,393.78
3.92,59.02,285.4
42.42,112.23,1026.16
2.88,101.6,397.15
27.71,14.93,510.77
31.01,101.45,818.33
24.56,72.07,635.04
16.1,56.9,456.84
41.92,82.25,922.97
23.74,79.55,634.04
42.32,37.47,789.4
38.12,78.17,850.1
10.89,56.39,386.09
41.15,107.64,966.91
11.26,74.35,440.33
17.4,23.55,382.82
19.16,9.81,367.44
43.82,63.51,897.81
29.56,93.33,775.59
24.42,49.21,555.29
23.06,93.49,681.18
44.95,116.98,1073.01
3.68,74.83,332.18
15.08,50.82,428.76
34.29,105.64,883.09
12.33,94.35,513.48
13.64,88.66,514.12
39.76,90.94,919.03
42.62,69.24,899.44
1.3,81.81,315.22
23.29,52.28,562.08
6.2,31.36,234.84
16.4,28.31,380.75
6.35,40.29,263.0
45.42,67.82,947.6
34.7,46.81,711.54
7.15,91.53,430.4
38.99,86.04,887.01
42.33,74.56,908.05
15.59,61.02,477.88
6.39,119.31,508.39
45.59,8.11,755.13
30.03,103.2,804.51
19.45,36.68,451.35
44.41,81.61,968.59
25.68,105.67,747.53
40.16,81.5,899.11
31.01,98.82,804.12
9.6,75.14,424.43
22.81,26.98,475.11
39.31,15.33,684.24
23.84,108.13,732.09
46.55,23.76,814.99
34.19,93.19,843.68
23.17,53.92,549.25
24.32,105.12,733.29
6.02,68.25,348.84
17.16,96.51,592.33
20.14,76.16,574.48
21.26,101.95,682.68
22.37,58.86,569.98
3.99,73.81,332.67
43.3,43.77,821.48
5.86,24.8,214.11
36.23,72.9,816.51
22.85,28.72,483.1
48.3,48.41,920.78
47.22,19.24,824.21
49.55,28.31,879.4
34.18,48.58,702.27
35.04,113.8,919.38
44.94,39.4,843.98
35.5,90.94,854.95
32.97,38.4,652.8
32.13,11.0,560.01
34.28,80.5,807.3
31.35,34.58,618.43
27.04,83.67,719.04
18.82,119.4,691.19
12.4,117.91,588.61
26.77,95.27,739.54
48.24,66.98,972.29
42.63,82.02,937.73
39.07,107.5,957.16
18.46,57.17,493.58
13.42,88.63,510.73
19.26,89.14,609.99
33.75,68.67,776.84
36.12,42.55,714.37
48.96,49.42,941.86
1.14,58.53,243.0
5.56,17.42,186.47
22.72,30.94,486.79
48.32,110.94,1109.37
15.16,117.31,635.42
44.58,80.75,946.78
49.83,45.17,930.32
9.61,108.91,518.88
23.56,64.31,593.38
40.08,83.53,896.69
16.8,96.48,592.97
30.0,104.1,808.04
48.45,44.22,917.88
12.04,15.99,279.47
49.15,108.44,1120.71
18.32,70.42,530.57
3.25,68.1,311.69
45.09,118.69,1057.26
5.88,41.31,264.32
4.5,11.76,154.69
21.03,62.13,562.39
24.35,87.57,684.72
6.3,90.31,406.5
13.05,11.34,278.62
48.88,37.17,886.68
39.95,7.73,671.82
29.7,36.81,608.01
23.71,52.25,550.44
31.51,68.07,719.36
8.22,9.22,199.84
22.53,25.1,462.33
31.51,40.85,651.51
13.34,98.87,542.52
16.51,18.69,352.84
23.43,38.65,515.29
49.0,92.52,1064.17
22.85,100.31,686.87
33.76,111.06,874.18
46.01,32.16,843.63
5.64,26.36,214.34
39.42,69.66,850.73
46.11,26.03,814.16
3.89,113.84,455.74
30.52,26.54,584.09
10.48,90.41,482.46
26.86,8.22,477.51
24.72,10.2,458.95
6.99,44.22,286.55
10.35,50.26,354.39
7.16,52.43,312.46
23.84,72.51,622.61
43.53,85.46,961.84
5.84,48.65,287.75
7.92,12.07,203.2
1.74,104.75,389.51
46.88,17.47,806.04
37.56,103.29,917.88
28.55,57.08,650.81
38.07,35.91,721.68
35.58,35.17,693.62
49.35,111.47,1146.07
40.83,83.52,913.67
40.77,40.49,779.46
41.03,11.74,715.83
27.5,23.26,526.83
12.29,5.93,255.15
25.83,74.35,673.25
29.81,84.16,755.86
46.13,116.08,1109.37
41.57,6.82,705.22
10.05,25.15,275.64
37.73,73.48,831.24
13.75,107.55,580.31
2.63,101.71,386.86
48.88,107.49,1093.17
15.48,110.37,611.46
48.71,11.89,817.98
9.01,49.48,332.81
2.31,28.86,171.99
3.46,73.53,321.03
29.42,114.15,836.0
38.12,5.94,634.74
32.56,18.2,584.57
5.92,57.42,313.76
31.35,41.45,630.1
47.0,73.53,980.18
16.58,29.97,389.87
24.22,109.85,743.24
26.75,97.47,755.74
21.36,83.99,633.08
24.95,102.17,730.64
13.52,56.72,426.43
35.36,62.81,766.15
9.59,101.7,498.57
38.33,14.63,666.07
48.65,116.9,1145.26
49.89,48.68,964.39
41.01,27.34,750.61
16.7,46.1,438.43
29.15,94.94,781.81
32.05,110.09,860.17
19.7,98.83,634.27
24.38,110.94,741.37
29.53,10.71,520.74
33.17,93.17,820.5
33.43,69.1,748.78
31.57,69.42,728.16
18.93,74.44,557.26
40.07,104.2,977.12
4.58,46.65,256.14
8.38,59.05,354.72
42.3,23.89,757.44
38.27,71.46,837.62
10.48,13.91,252.25
13.68,27.33,342.59
22.37,57.32,564.3
43.37,21.58,776.83
33.65,15.14,599.39
25.46,9.71,459.69
21.71,47.12,515.08
34.21,92.49,842.39
13.36,63.71,445.07
32.14,26.13,599.85
32.46,15.59,578.98
41.13,16.0,713.5
38.84,104.59,948.13
29.12,109.07,805.94
19.1,115.68,675.01
4.0,5.91,127.71
11.41,61.02,401.54
26.84,60.72,621.06
16.49,42.16,419.4
10.94,50.68,368.69
36.39,109.73,925.75
11.31,33.57,324.57
40.78,106.83,983.3
10.69,64.53,405.45
42.77,112.8,1056.34
11.45,11.66,256.91
46.97,86.57,1031.82
15.96,66.09,480.3
5.76,24.75,210.27
22.39,87.41,651.45
15.58,76.97,509.8
24.57,105.39,733.34
18.79,75.48,562.15
15.02,72.37,489.11
39.66,17.73,680.5
7.86,18.21,224.67
45.15,65.16,925.66
32.59,84.39,808.53
18.01,77.16,548.69
25.07,23.5,494.17
5.66,100.54,439.6
43.31,10.54,734.61
39.49,100.72,959.4
21.41,22.51,442.75
37.17,42.69,757.23
49.68,70.33,997.95
45.46,57.67,900.58
21.22,91.75,640.0
2.84,21.36,157.86
43.08,52.93,860.43
49.99,21.17,858.25
34.17,100.92,863.36
4.4,9.41,144.9
18.21,22.53,393.82
12.01,72.03,445.03
48.87,48.68,923.32
6.9,71.8,369.31
24.43,56.53,573.7
41.77,113.81,1025.37
16.09,83.04,534.72
10.88,32.84,310.55
24.88,35.14,523.75
31.32,10.46,542.5
46.19,40.72,881.79
18.74,77.44,563.14
24.93,59.55,600.14
10.74,95.94,492.92
7.07,9.89,185.39
18.21,94.75,607.16
40.07,48.63,808.65
21.96,67.13,589.3
31.38,55.68,691.64
34.73,100.46,887.7
6.26,17.75,198.25
7.24,63.97,349.97
11.67,22.66,294.12
32.41,70.74,753.81
36.11,92.66,858.08
10.24,104.22,507.94
7.17,68.12,361.94
43.01,111.62,1024.91
42.25,92.83,965.33
6.54,14.29,188.82
1.05,30.85,158.08
8.7,33.54,285.88
13.7,99.59,549.29
21.5,106.68,687.77
37.46,81.95,854.03
5.27,48.83,275.1
18.1,101.9,620.69
18.84,7.78,362.02
43.53,108.75,1023.28
31.14,38.86,626.4
18.01,57.99,490.08
36.53,23.36,666.12
42.92,42.32,827.86
38.74,40.84,746.06
45.14,81.38,978.03
46.81,93.96,1026.99
1.72,22.06,145.52
42.0,46.55,827.72
43.14,23.33,762.33
12.62,95.07,519.86
17.36,17.91,360.21
41.27,43.22,799.12
24.97,106.64,738.25
43.33,20.8,760.79
37.71,55.74,780.25
37.28,74.93,835.89
11.64,54.9,389.78
7.11,91.91,437.28
6.63,45.48,285.24
42.89,94.49,968.32
45.54,67.09,945.84
2.97,74.71,323.27
23.82,46.45,539.68
37.59,93.86,895.68
14.77,76.0,492.19
27.82,45.21,610.68
4.51,35.15,223.54
1.55,117.07,432.14
48.14,107.32,1085.37
16.08,89.75,558.2
24.16,110.45,727.08
47.8,84.25,1020.92
38.34,97.95,918.99
47.85,38.94,894.69
39.64,19.61,697.28
27.93,13.67,499.45
20.08,40.86,481.95
7.99,83.49,419.12
18.17,40.24,447.98
3.83,71.06,319.69
36.87,76.78,852.12
18.03,53.85,485.14
19.71,71.7,560.35
20.55,82.92,613.18
10.31,107.62,523.67
10.81,78.55,453.37
47.98,105.57,1084.25
34.52,67.41,767.12
10.14,104.6,515.4
29.89,45.73,638.1
10.73,108.29,533.63
16.49,50.57,448.76
8.91,89.55,453.32
30.56,96.1,795.12
34.22,92.73,856.32
19.39,87.79,594.76
15.87,43.5,416.82
20.25,70.92,568.91
7.11,75.47,378.25
3.33,69.78,307.58
48.58,93.92,1047.37
37.66,104.33,924.06
17.58,12.15,347.45
9.09,5.51,203.34
13.41,92.61,526.31
26.41,72.49,667.37
6.81,55.08,320.76
4.44,36.72,224.91
5.63,58.25,312.15
10.47,19.05,265.36
33.19,9.98,573.28
46.02,45.37,867.23
26.86,93.89,740.54
43.98,93.05,996.9
6.9,39.59,269.67
6.48,95.68,433.42
8.93,109.09,510.98
10.98,113.23,546.15
27.34,69.35,667.01
29.81,84.75,753.57
46.37,29.17,828.3
28.19,28.05,559.85
15.24,66.15,481.94
10.24,19.98,264.7
14.37,98.66,558.01
37.28,97.1,893.8
27.6,21.58,530.28
46.64,28.75,845.75
7.73,30.96,260.18
5.21,98.35,420.95
32.47,110.45,853.36
45.16,5.83,743.0
45.94,76.85,964.78
29.71,16.16,539.66
3.34,64.67,295.42
41.37,12.31,708.94
10.5,28.06,296.74
23.41,31.12,483.88
45.8,9.25,772.27
15.31,70.08,485.64
43.34,26.57,786.52
48.7,26.95,866.52
25.31,38.8,542.13
44.75,41.89,846.02
49.45,55.65,959.29
7.42,102.33,457.9
40.49,99.68,939.14
47.96,70.3,969.64
44.5,34.86,838.18
5.36,106.64,452.58
22.36,96.63,679.48
19.3,69.57,553.82
40.41,16.8,702.47
19.21,37.59,454.8
49.12,87.0,1053.86
33.75,45.91,688.85
9.67,46.34,330.39
40.39,71.23,880.43
33.47,9.36,574.9
32.37,53.2,701.55
16.37,45.32,433.0
14.39,115.39,607.37
41.12,44.7,812.88
7.74,26.0,244.3
19.25,65.08,533.48
10.21,106.09,515.83
46.79,89.59,1024.83
27.2,102.69,759.96
19.38,117.77,690.03
33.65,64.65,753.04
36.9,48.19,747.94
33.08,20.43,607.05
46.96,43.72,877.39
1.73,65.2,272.13
23.89,119.74,771.78
32.2,113.67,881.67
44.71,16.4,761.84
33.66,103.21,858.7
47.44,119.51,1115.78
10.48,36.38,319.13
35.06,79.47,810.26
28.45,109.26,810.38
3.96,46.46,249.16
3.22,113.79,438.54
41.82,11.56,719.53
48.22,57.57,956.33
37.69,70.1,825.67
47.07,51.81,915.12
9.82,48.38,349.27
31.04,26.44,590.91
6.76,64.67,345.95
30.88,27.96,593.58
47.27,71.03,964.3
26.17,17.07,497.97
7.93,41.61,295.54
9.4,20.04,252.41
47.38,87.95,1015.47
35.68,25.9,661.17
24.91,47.13,568.8
21.27,60.02,550.15
43.34,77.74,932.09
23.16,119.12,761.13
25.98,116.93,800.43
3.75,6.65,127.01
36.16,63.27,778.07
40.9,81.43,912.26
13.08,109.71,575.09
22.84,70.71,607.66
35.92,85.62,852.72
8.57,27.89,262.39
36.22,90.28,850.59
2.78,49.48,238.15
12.76,100.92,559.45
37.28,39.29,723.77
44.47,50.36,879.62
12.62,54.24,406.33
20.18,77.2,596.2
5.03,38.21,239.77
3.1,68.63,303.74
15.56,36.79,393.47
18.02,60.23,493.08
33.65,87.78,828.35
37.22,102.22,919.22
15.14,88.55,539.2
1.97,29.56,172.49
47.37,33.36,856.27
26.53,61.64,626.13
46.45,119.4,1113.79
44.29,86.04,983.74
28.18,32.14,573.69
44.54,80.53,959.64
22.67,15.91,434.15
18.6,28.9,413.71
42.19,117.21,1031.8
23.46,72.84,603.44
37.46,42.04,740.54
37.62,13.29,645.42
36.86,116.52,953.05
32.93,88.35,810.47
39.05,103.63,935.02
48.79,90.86,1068.0
13.27,105.37,566.86
39.18,24.19,712.1
46.28,108.61,1072.96
16.76,63.81,495.78
40.46,31.78,757.34
39.78,16.68,691.95
22.93,33.21,493.46
26.19,87.0,701.59
29.31,12.36,524.85
35.45,31.8,682.95
36.1,88.54,863.04
9.42,111.53,527.6
8.73,94.24,469.9
45.47,59.27,914.14
49.22,38.56,899.23
5.42,98.24,426.23
36.66,78.71,829.62
28.51,33.79,572.83
32.95,83.18,782.76
9.17,7.62,210.86
5.2,40.93,249.53
27.76,68.43,677.22
22.46,24.09,459.51
3.2,64.09,294.24
10.0,9.91,234.02
43.9,56.17,879.67
32.81,75.48,762.86
12.0,102.76,542.72
41.21,109.53,994.37
35.18,76.49,802.04
6.01,112.0,479.01
41.96,53.47,840.27
1.31,6.74,91.24
23.91,72.42,628.03
29.86,119.62,867.21
0.58,45.08,193.59
12.4,55.41,404.87
38.5,92.72,898.59
48.24,31.5,865.14
46.4,51.37,909.16
20.6,21.96,427.13
5.32,30.96,224.87
34.94,78.1,819.05
2.27,71.25,294.39
33.47,54.21,712.6
13.21,89.2,514.88
14.26,19.01,319.15
6.94,29.77,243.55
25.8,103.55,745.49
39.88,117.45,1000.56
8.84,58.99,358.02
9.6,13.44,233.72
34.41,17.85,627.32
28.99,100.27,783.09
45.62,61.05,923.4
12.71,68.33,443.24
34.83,92.08,850.75
21.83,108.04,697.09
31.51,57.86,692.24
21.17,77.08,601.25
45.12,40.66,847.75
10.02,25.43,277.99
27.28,80.45,709.99
37.05,30.99,696.13
30.59,76.31,737.96
33.92,73.51,761.26
0.69,70.42,269.79
24.66,113.89,770.39
31.7,95.88,803.66
39.87,5.42,665.3
43.58,110.56,1018.65
22.94,72.91,604.48
23.8,103.79,723.05
15.89,21.7,355.01
8.66,10.17,209.23
42.78,112.4,1041.81
30.29,50.97,652.08
4.34,114.48,455.45
48.2,12.65,815.09
9.59,93.86,478.44
23.85,11.53,440.49
27.24,88.01,729.35
37.77,19.26,674.88
2.78,46.6,233.28
43.1,12.81,738.15
40.36,38.1,769.64
7.99,119.17,531.81
10.62,36.48,317.28
41.4,56.98,842.17
17.88,55.6,484.96
37.77,6.75,640.01
37.9,15.91,661.06
40.5,95.24,934.48
39.75,97.92,943.94
44.97,19.69,782.5
2.59,110.57,423.49
33.28,88.36,807.56
31.08,37.93,635.14
15.66,45.03,430.1
32.54,101.11,830.11
6.57,7.08,173.24
4.84,12.83,160.52
30.83,66.97,710.47
41.9,31.42,765.11
29.57,74.26,716.03
42.46,42.98,817.27
22.78,38.26,506.08
30.5,21.47,567.29
44.23,88.57,957.21
19.86,58.5,521.76
23.42,28.21,481.81
6.88,41.52,278.63
48.78,105.72,1100.07
35.68,13.61,625.5
1.42,45.86,206.93
47.62,69.52,970.71
49.09,24.2,880.24
48.79,58.71,959.97
10.52,96.55,500.58
7.09,98.36,448.86
41.01,56.92,834.37
31.14,16.64,568.35
32.21,97.63,823.94
30.32,49.74,669.59
9.33,78.5,433.93
9.16,67.29,393.24
27.4,75.67,691.89
36.5,46.73,737.23
6.36,92.41,422.04
40.79,116.4,1005.29
47.08,110.75,1114.99
32.27,93.99,816.59
17.36,99.71,600.87
44.56,51.15,858.21
43.96,20.96,771.33
45.9,75.97,962.13
5.53,73.36,347.63
40.44,79.98,898.26
41.48,103.98,972.01
37.38,47.01,753.32
36.74,62.99,791.69
22.58,92.53,672.56
11.8,94.64,510.75
12.34,58.96,411.95
26.6,25.74,521.67
16.58,29.39,394.34
7.53,50.38,311.01
27.56,96.74,762.17
3.96,26.41,189.44
46.31,81.18,970.6
37.51,107.02,923.03
26.91,20.25,513.03
44.64,93.43,1009.99
16.59,17.84,349.42
41.48,11.5,706.84
47.16,62.17,955.48
27.58,53.58,624.06
10.59,88.91,495.56
13.11,21.51,311.44
16.16,97.61,576.6
15.14,5.43,297.1
2.02,60.24,263.38
10.55,19.14,266.01
41.74,75.08,905.34
18.2,38.18,445.33
5.22,14.17,167.75
29.16,86.5,743.68
32.9,106.56,857.4
18.35,11.94,366.44
27.8,83.03,722.37
18.4,46.08,462.1
16.21,15.83,340.61
47.01,71.11,970.67
43.49,74.27,929.19
38.22,25.49,700.77
33.07,44.01,684.96
42.73,45.63,825.71
45.42,59.48,919.38
24.29,29.77,499.85
24.11,109.53,747.82
7.07,105.43,466.99
25.69,37.79,543.03
43.63,55.36,866.52
15.04,103.43,592.62
41.77,63.05,884.11
5.06,116.83,486.42
3.07,97.12,390.26
45.24,38.33,835.89
27.49,7.46,481.55
6.84,75.37,385.09
37.25,54.97,772.87
33.94,103.9,874.39
49.69,64.02,988.25
13.39,95.62,540.48
22.46,94.55,666.43
15.25,57.28,448.48
20.65,71.15,578.82
32.27,26.71,611.75
39.64,80.02,905.93
25.22,103.85,734.35
10.16,28.7,295.38
7.85,99.54,462.02
40.68,105.7,979.44
18.72,46.77,470.87
25.85,107.47,769.34
6.9,106.77,468.34
28.45,79.63,722.55
29.39,83.09,752.15
27.08,28.35,543.36
10.35,79.81,434.72
28.58,118.51,835.35
31.71,84.78,789.58
10.17,20.08,265.59
39.12,32.66,722.13
5.13,33.87,227.95
4.48,66.65,320.77
39.6,10.9,683.42
37.32,90.8,904.44
34.0,62.16,747.91
49.58,10.6,822.72
28.84,111.15,811.33
48.19,115.59,1142.05
1.65,8.28,99.97
43.66,47.19,836.46
13.37,86.61,507.93
43.19,48.27,853.02
26.04,50.9,598.45
30.32,69.81,706.06
10.36,70.32,411.12
46.92,44.16,895.03
48.27,97.52,1072.2
5.24,13.42,170.53
44.02,95.76,1006.85
29.76,85.61,759.38
22.83,25.82,470.99
9.69,7.35,218.12
23.47,90.5,682.0
16.14,88.86,560.53
48.57,89.45,1057.53
22.21,76.87,607.34
42.75,12.04,740.18
26.82,90.44,727.25
13.35,60.1,428.91
49.4,73.68,1033.0
9.39,84.15,449.97
1.66,42.16,200.41
17.12,74.31,528.58
19.16,7.39,354.27
49.92,108.46,1134.9
24.63,47.35,561.29
16.27,70.53,512.89
15.64,49.09,431.42
7.54,54.52,324.16
38.88,32.1,735.0
27.08,53.33,610.23
2.92,59.08,267.92
46.56,51.77,900.89
0.54,116.38,416.43
19.56,95.11,624.83
15.84,57.13,451.34
31.58,95.57,794.93
19.88,77.26,578.59
9.31,60.03,368.46
13.71,84.05,505.4
44.29,72.31,944.04
43.89,58.52,888.02
19.57,41.67,458.83
5.78,59.27,318.22
43.49,24.53,780.25
19.61,75.3,575.27
26.15,67.67,647.43
18.28,115.06,674.04
26.39,35.69,548.04
10.31,72.38,414.1
11.89,93.13,510.64
3.19,94.58,376.11
28.7,106.86,811.1
47.42,112.44,1127.14
9.54,110.71,527.46
3.68,60.62,286.18
34.58,53.63,719.33
46.31,78.62,962.93
17.73,107.9,651.55
21.21,71.71,597.92
11.12,118.0,569.72
19.41,35.67,442.22
18.93,59.73,518.22
21.27,53.88,536.17
19.17,25.72,416.23
2.02,56.6,248.47
4.86,22.68,189.68
22.7,83.81,653.11
38.74,81.0,870.57
1.73,68.41,283.17
45.28,53.39,885.72
37.63,48.65,763.23
9.05,74.53,409.29
32.08,102.11,856.13
9.95,51.34,355.44
39.37,39.72,761.57
30.07,49.54,639.69
13.73,12.08,291.53
12.74,100.61,544.24
17.02,78.52,548.27
32.58,49.4,689.62
42.3,78.94,901.95
30.53,7.24,525.55
37.65,89.54,862.84
40.23,23.03,718.07
37.15,8.09,637.51
18.63,105.98,652.91
15.54,70.24,496.52
24.93,31.31,525.91
32.97,92.09,831.33
30.16,91.03,777.64
46.67,36.3,866.51
24.55,5.82,435.22
2.69,16.56,137.61
31.12,29.34,596.65
21.33,84.38,623.0
0.64,75.95,288.24
26.24,45.57,587.44
16.46,116.94,641.91
5.24,15.0,173.36
24.32,16.17,466.87
18.27,69.91,535.19
32.58,71.71,749.72
19.03,48.66,478.05
38.7,61.14,818.72
18.36,37.75,446.81
27.88,78.55,702.86
46.8,76.48,963.9
16.55,65.85,502.02
1.16,71.26,284.37
7.29,88.11,420.77
22.59,53.41,548.37
46.65,6.41,766.1
7.6,95.37,445.22
9.09,18.72,241.81
2.68,119.05,439.56
26.2,47.53,585.05
40.83,74.02,879.99
27.29,35.28,568.8
12.98,25.78,327.26
25.63,116.84,778.61
13.65,84.39,500.35
21.89,32.61,470.31
46.69,48.57,901.26
8.61,88.95,439.09
20.62,65.09,553.27
29.57,8.91,521.43
20.23,103.18,668.87
21.29,59.86,552.77
42.09,63.21,880.82
40.87,33.03,764.48
29.58,28.66,585.44
24.13,19.51,470.11
7.55,76.37,390.71
27.72,107.62,795.27
7.06,23.0,223.06
11.86,68.2,423.15
44.96,106.73,1046.15
11.15,81.37,458.45
28.64,30.73,571.55
19.9,96.03,641.06
15.23,73.06,491.38
18.35,59.76,504.5
0.79,45.06,200.5
42.09,42.55,791.5
46.15,43.68,866.42
20.41,94.43,640.21
15.2,6.29,298.25
7.31,103.84,469.9
47.82,76.66,984.94
7.36,108.7,481.24
39.8,30.67,745.96
7.49,32.4,264.0
7.19,66.99,362.25
16.66,46.12,434.05
15.9,17.46,338.25
22.33,94.08,660.15
43.88,93.3,982.44
37.25,19.55,658.71
11.87,117.94,575.97
5.07,115.67,475.52
25.19,53.41,591.68
28.12,31.32,571.83
27.99,67.14,671.29
30.32,89.06,764.63
27.99,69.42,666.92
43.85,76.04,940.37
34.3,62.81,751.48
23.28,105.18,713.31
6.5,62.82,333.26
8.63,41.08,298.79
19.95,23.38,423.44
43.43,79.52,929.27
48.16,33.27,859.93
26.74,86.99,703.95
10.99,99.8,511.82
41.88,42.7,789.77
33.68,58.32,727.29
38.08,81.83,851.91
37.86,41.07,737.44
27.08,106.04,785.21
36.03,87.27,875.35
37.85,5.47,634.05
20.96,39.43,486.14
24.1,10.74,441.36
48.81,21.86,864.45
28.43,55.05,635.22
15.58,70.44,492.94
3.62,46.14,244.11
37.49,119.0,970.66
4.3,44.24,252.62
3.3,53.33,254.86
3.96,54.11,271.53
48.56,42.02,896.82
28.02,66.64,667.23
19.62,107.81,660.76
28.4,83.18,723.7
14.33,101.26,570.78
11.58,57.24,398.46
13.77,59.46,438.12
25.82,113.6,774.57
29.72,88.03,770.76
13.79,43.22,389.24
30.36,103.95,808.32
43.66,111.69,1038.34
41.23,55.03,832.18
4.88,44.52,257.87
18.6,97.13,625.51
10.03,96.99,498.61
2.08,30.21,169.57
34.68,96.2,881.75
43.32,115.96,1070.07
28.25,108.07,809.26
38.73,62.19,808.14
8.73,10.44,214.57
21.03,47.83,509.05
8.97,16.28,237.18
4.44,7.05,137.89
38.79,45.82,768.03
2.13,19.81,141.99
6.56,22.75,216.66
20.54,75.79,594.8
3.73,25.58,180.19
4.01,105.63,424.27
37.83,98.25,919.77
42.63,54.8,860.24
47.3,57.23,944.06
29.63,70.4,702.14
14.15,42.17,384.52
4.17,22.59,186.06
5.3,74.64,361.35
48.92,50.08,918.94
43.93,19.52,768.78
9.69,92.07,470.89
3.99,76.85,343.26
38.35,65.53,835.01
23.89,94.89,686.29
0.81,74.97,288.39
28.61,30.68,576.22
27.77,98.73,765.56
49.23,18.65,852.51
34.34,10.0,597.48
40.83,46.56,806.22
11.1,29.44,304.97
9.92,14.12,243.32
21.14,20.67,425.19
27.33,12.48,495.58
3.53,98.9,392.88
13.97,81.46,507.16
43.22,64.95,880.81
6.0,84.47,400.7
42.67,7.02,707.05
47.16,52.67,917.18
9.67,28.26,280.56
43.99,48.81,850.5
26.78,34.77,559.61
49.91,102.89,1120.59
7.47,102.07,462.62
14.62,86.66,526.92
28.26,50.88,624.89
24.71,18.47,480.55
37.99,119.43,972.94
46.53,72.21,968.37
43.37,53.54,855.04
28.75,99.95,788.18
17.82,54.69,480.2
41.37,106.2,978.31
31.87,58.79,702.88
40.43,40.61,767.16
40.17,5.41,670.44
24.87,86.48,687.23
49.05,8.48,823.38
37.82,50.45,773.87
47.08,23.92,829.79
14.74,60.1,457.44
26.89,46.82,590.68
41.91,86.93,922.31
4.53,93.14,400.44
8.79,50.95,334.12
25.58,26.02,507.68
6.84,65.6,355.32
14.69,113.22,612.62
32.31,16.14,585.63
22.56,79.53,624.38
24.35,100.93,708.81
19.34,45.17,471.39
5.39,95.39,422.26
18.79,118.47,682.17
38.27,48.43,769.43
6.59,69.06,353.5
38.62,58.37,817.9
46.07,86.88,996.3
17.29,32.84,411.18
41.95,108.55,1008.42
48.25,66.1,969.22
12.51,112.1,573.73
22.39,68.65,592.32
16.86,12.43,343.4
26.79,54.49,619.99
36.5,119.36,956.59
40.96,30.32,760.85
18.95,115.48,691.78
12.44,61.68,431.37
8.81,89.28,451.48
6.64,69.6,360.01
18.63,42.36,456.09
42.47,51.65,854.11
27.45,41.83,596.82
14.53,119.72,621.53
40.89,18.86,725.11
9.14,5.73,201.99
32.62,31.91,638.38
20.71,113.31,693.84
13.69,33.32,354.24
5.24,74.8,363.05
37.14,27.55,689.25
9.85,49.22,345.27
33.64,63.37,743.86
25.01,114.92,769.19
16.09,23.01,358.43
5.8,118.91,497.83
11.07,44.98,355.0
5.57,82.3,383.74
26.26,59.87,637.97
4.62,72.55,337.44
24.55,47.47,549.03
7.38,12.52,199.82
6.57,80.4,392.91
0.88,65.98,264.18
1.14,12.42,104.29
47.78,69.46,992.52
48.49,39.54,913.38
31.23,5.34,529.27
25.34,55.83,601.72
39.34,75.29,858.58
20.83,44.71,498.45
38.59,19.73,681.34
19.2,53.64,496.43
12.99,79.36,484.2
48.22,91.81,1039.33
16.69,37.79,416.82
37.44,8.24,645.46
7.63,113.44,502.58
45.49,116.63,1069.78
38.29,101.99,931.65
4.4,56.03,288.73
24.76,10.7,458.19
29.76,15.55,543.82
31.07,89.4,786.87
12.47,41.13,361.44
41.73,113.77,1024.45
22.79,71.87,612.76
22.98,87.63,654.3
28.51,66.05,679.11
3.09,94.55,377.15
46.14,96.95,1026.76
10.91,31.63,305.6
40.8,12.26,715.65
47.49,80.01,994.6
35.38,67.67,772.34
35.32,47.46,712.91
33.69,67.89,744.51
10.41,8.82,234.02
13.67,70.13,467.53
38.41,25.05,704.75
34.22,31.51,665.64
15.35,77.09,507.24
33.98,116.06,904.66
23.24,65.48,592.81
19.57,78.2,588.02
45.16,21.93,801.21
40.87,74.38,881.97
47.53,41.69,892.86
36.06,98.27,882.26
3.42,52.68,259.6
34.84,80.25,832.6
31.18,101.51,816.26
44.43,48.92,863.75
3.45,58.76,277.79
27.31,100.4,766.85
29.24,59.19,676.89
45.0,25.42,802.05
12.27,89.15,503.72
19.0,16.59,385.25
32.34,42.86,658.33
34.8,35.97,671.82
31.89,61.31,707.44
7.93,116.96,520.82
5.26,55.22,295.35
26.2,113.63,794.91
27.91,98.13,754.27
6.0,99.95,436.39
37.37,43.31,742.75
4.45,55.59,281.95
49.9,22.39,858.84
19.35,81.17,583.36
11.03,51.71,371.53
8.42,118.45,542.78
18.2,34.86,426.19
5.11,94.82,405.34
33.6,33.19,655.56
11.0,105.32,548.26
38.59,60.12,804.65
12.33,89.12,504.25
40.2,8.31,684.74
24.63,52.9,588.69
19.65,88.14,605.0
33.88,115.58,898.34
14.15,98.67,548.47
24.02,82.35,656.44
24.37,12.74,455.91
30.17,41.4,617.02
5.9,40.27,261.57
41.12,25.99,747.91
13.28,43.2,377.2
27.25,53.73,621.81
35.89,86.48,858.4
4.31,117.05,463.57
34.19,26.53,643.43
47.08,80.33,996.15
8.95,42.13,314.2
29.65,90.79,764.49
18.19,59.29,492.57
16.86,23.19,374.89
5.77,101.09,439.73
36.88,42.87,723.89
16.33,102.52,590.46
11.74,92.38,499.43
46.28,76.0,960.4
34.76,77.0,806.58
27.18,100.15,750.48
49.42,76.68,1030.36
42.32,103.37,990.84
18.24,52.52,479.14
24.75,6.12,446.04
44.55,59.68,886.65
22.29,5.91,405.35
21.69,116.67,727.45
26.88,102.69,756.54
32.75,5.02,561.87
36.72,89.09,872.79
44.17,74.78,940.91
47.32,82.37,1027.22
14.47,102.11,578.42
8.97,26.83,263.99
26.48,47.31,589.39
24.72,116.33,770.49
47.09,30.16,852.87
21.9,22.32,442.75
46.0,90.15,1013.45
26.39,44.52,593.15
16.39,116.65,643.28
46.42,14.4,794.78
14.75,110.42,595.98
8.52,52.59,333.92
35.2,79.3,809.96
13.12,51.83,395.05
10.1,92.3,470.78
31.43,35.21,619.43
20.94,14.74,408.61
49.92,69.25,995.18
23.11,31.67,497.61
23.44,84.21,650.65
16.92,27.77,378.78
6.02,44.6,275.33
20.97,89.45,637.89
31.94,106.11,846.19
10.3,99.49,504.05
16.97,39.45,421.26
33.22,12.87,590.2
20.69,87.84,630.02
18.23,81.75,569.0
13.54,48.8,394.75
16.99,117.86,658.53
10.59,29.51,294.8
41.06,32.15,771.32
49.47,61.54,964.6
33.28,62.61,735.37
31.64,12.42,554.59
8.88,98.78,480.31
10.63,15.95,261.04
28.87,74.81,715.04
48.63,101.31,1091.27
12.26,14.15,278.88
41.02,80.35,914.46
27.18,39.25,568.1
1.33,57.58,242.07
49.77,116.97,1138.21
39.46,77.76,882.54
16.76,10.21,340.73
30.72,39.72,627.79
36.02,83.56,850.03
37.5,101.25,908.03
21.6,112.55,719.09
7.27,94.31,444.23
22.1,110.19,713.99
29.67,110.67,826.4
46.93,8.88,773.34
20.07,5.75,371.86
34.79,102.56,881.68
13.17,118.14,597.14
3.19,65.6,296.13
27.67,103.83,782.03
49.03,16.8,840.08
17.63,29.46,401.44
16.46,109.46,615.53
14.21,13.18,302.48
33.16,66.35,738.01
43.25,66.07,910.29
48.05,100.79,1077.55
11.85,71.91,443.66
35.05,14.25,610.34
34.12,22.4,629.38
39.4,74.27,867.03
0.91,9.24,90.37
11.33,48.49,366.82
6.04,10.15,170.25
0.86,69.88,269.03
13.57,94.66,539.18
44.72,42.66,842.56
42.34,80.56,925.78
4.42,72.83,335.71
7.02,58.71,329.93
35.58,25.95,663.13
36.96,43.82,733.11
11.04,110.88,551.0
13.99,47.0,409.43
17.23,114.61,651.0
2.66,64.78,281.14
42.24,116.32,1022.58
31.19,40.47,635.45
5.42,28.68,220.13
32.93,27.23,622.07
20.08,56.23,522.98
9.92,51.41,353.77
10.51,99.8,510.88
38.78,8.12,659.65
13.66,45.65,393.48
23.79,118.42,764.83
26.75,63.55,652.74
19.14,109.25,666.57
27.7,54.46,624.52
33.16,116.99,886.5
29.31,66.72,693.19
30.9,102.59,819.38
3.78,93.05,380.84
49.31,76.83,1009.75
39.08,21.3,705.7
18.95,6.56,352.58
46.96,26.53,842.66
10.38,58.68,387.22
34.17,70.81,771.48
19.84,11.63,388.91
44.69,106.17,1051.79
31.43,34.05,621.98
9.28,10.92,219.16
44.92,103.2,1043.03
36.11,75.82,811.85
1.58,61.43,255.74
23.05,33.75,497.23
8.01,102.05,478.73
22.48,91.84,658.56
49.57,100.6,1093.13
11.47,101.08,528.08
12.78,23.09,312.66
25.91,86.13,678.94
23.41,114.81,740.08
46.26,113.0,1082.9
29.15,14.64,534.94
46.05,22.39,806.44
9.71,22.11,262.58
8.3,82.04,418.14
41.65,85.2,945.16
48.57,80.69,1012.26
44.65,76.86,952.86
23.93,6.09,438.61
35.72,24.49,659.53
5.25,70.72,342.34
38.4,46.35,772.82
10.39,35.42,312.52
32.32,106.47,860.47
16.16,35.49,397.53
42.61,46.44,832.98
21.68,79.35,613.56
30.51,108.66,838.5
11.91,60.25,407.75
17.93,82.98,571.35
33.31,85.99,809.16
24.28,97.61,701.47
8.12,85.88,423.27
42.42,96.6,982.67
2.29,92.09,356.76
29.69,65.51,697.31
13.66,58.39,428.19
47.0,71.0,964.19
40.65,43.93,791.57
42.85,114.14,1013.15
2.86,58.74,269.48
22.81,22.39,464.13
22.45,90.06,652.74
38.47,73.3,862.77
14.09,20.94,320.94
10.97,37.04,327.34
47.45,83.2,1010.64
30.99,82.43,763.03
47.55,58.69,947.45
7.52,109.74,493.63
16.76,54.36,472.95
8.3,83.82,426.12
5.21,49.04,272.51
33.56,114.75,900.62
47.85,72.38,958.1
23.07,70.27,611.66
22.02,54.03,547.76
43.72,8.88,723.8
48.21,88.3,1040.08
3.5,43.82,235.12
44.27,103.41,1020.97
37.75,83.95,856.79
5.43,73.47,351.65
26.13,9.94,470.82
42.29,52.53,834.27
24.01,14.98,454.09
8.01,101.01,477.33
25.61,59.38,622.48
47.59,118.98,1120.26
45.55,41.83,858.64
46.23,66.31,942.52
21.83,111.06,714.48
36.12,101.84,898.99
33.56,20.31,610.06
15.35,107.5,607.1
1.75,25.86,152.75
3.05,51.81,249.54
25.55,64.61,622.01
11.04,102.85,518.26
44.86,54.5,872.9
11.19,14.88,259.73
39.94,107.74,977.82
25.68,72.17,653.13
45.71,5.09,746.55
11.19,42.95,342.14
45.67,29.08,820.29
15.92,68.53,493.71
16.02,104.95,600.36
39.87,111.56,990.95
41.16,18.31,718.07
25.26,116.87,783.23
25.93,86.61,705.82
40.14,61.8,831.82
20.0,11.46,386.21
38.43,29.32,712.79
26.97,24.08,520.37
18.46,71.66,540.41
13.43,87.89,511.99
8.71,61.8,370.43
48.16,104.48,1075.74
26.08,103.45,744.82
34.73,72.24,792.46
10.6,116.89,562.81
48.87,118.65,1146.51
24.09,63.17,603.17
4.4,84.48,373.16
23.91,11.81,443.49
47.65,62.75,954.97
32.41,35.28,650.13
42.78,41.42,802.28
6.92,110.35,486.89
16.27,69.11,495.61
39.08,74.48,859.41
3.34,107.22,425.16
6.14,82.22,386.56
42.23,54.14,843.24
31.18,86.16,787.65
25.26,52.84,589.05
37.71,29.09,701.92
2.42,67.4,289.4
15.43,23.22,352.65
29.83,64.33,699.93
32.43,111.06,879.54
39.27,28.37,713.82
36.85,48.89,745.74
34.8,63.72,769.41
37.6,98.43,906.05
13.23,10.2,277.46
47.93,69.15,979.72
41.53,23.35,732.22
32.6,22.18,602.88
30.46,7.04,531.14
0.56,83.38,309.08
13.46,82.22,501.19
49.67,55.14,990.43
8.45,66.37,379.25
31.69,61.32,698.7
29.26,68.05,691.6
46.51,47.21,898.04
39.7,70.03,861.56
31.42,97.16,826.96
9.43,104.94,507.23
25.91,48.53,585.41
39.52,41.0,756.91
25.07,25.34,506.44
48.34,75.43,990.45
31.76,106.3,849.27
43.0,84.77,944.78
2.25,111.48,412.4
24.59,70.35,632.81
4.46,73.19,340.65
46.16,58.15,921.48
14.34,83.13,516.85
40.78,107.26,987.0
14.21,77.21,492.35
1.76,105.71,394.0
1.38,88.95,335.78
42.62,49.81,838.06
36.9,62.61,791.38
37.88,74.0,849.45
39.18,17.54,681.35
6.04,108.02,458.04
13.67,94.47,543.88
36.62,92.13,875.38
24.6,49.76,562.35
3.42,17.23,148.21
14.83,52.56,429.98
29.25,115.49,828.9
5.67,98.12,433.33
42.35,116.03,1042.22
32.21,106.69,850.29
19.19,13.89,377.66
11.41,117.67,579.21
26.97,30.97,552.76
6.54,65.26,346.49
23.29,7.86,431.08
30.11,64.9,702.59
34.78,116.82,916.11
25.3,12.81,467.58
49.71,62.83,991.72
21.24,13.76,411.89
49.3,54.93,975.08
8.37,37.53,289.62
6.34,118.32,502.44
17.94,46.19,462.04
46.92,87.02,1007.06
5.16,93.88,411.67
9.98,62.48,391.76
2.13,34.35,182.91
8.44,17.33,231.83
38.34,37.48,727.64
7.49,87.33,419.01
24.97,99.65,717.0
24.19,86.26,663.19
43.12,114.72,1040.02
49.95,33.55,897.93
42.85,100.94,995.88
4.3,20.65,173.39
18.29,109.18,658.79
47.62,94.55,1065.15
49.72,57.87,966.28
21.53,94.3,647.22
13.69,65.84,447.89
5.45,69.9,333.77
31.88,10.62,551.46
37.09,111.85,936.71
26.62,46.17,581.13
40.38,67.73,860.51
1.78,62.2,260.61
19.5,36.77,454.42
24.57,59.35,602.16
7.1,47.43,296.18
18.78,102.25,638.64
21.99,73.57,595.79
43.56,13.19,738.92
47.15,43.17,899.24
38.8,99.49,940.68
7.7,18.03,221.31
28.2,44.18,603.24
33.5,33.05,654.89
8.87,27.25,267.06
49.86,64.77,986.67
6.56,96.48,436.38
47.67,29.7,849.89
28.67,109.06,815.02
12.86,101.31,550.95
15.56,63.45,466.58
40.7,53.38,795.0
41.83,109.91,1013.61
22.62,97.63,677.39
19.77,74.04,568.86
14.46,60.77,444.65
39.46,37.78,759.33
43.12,15.1,745.99
0.73,78.21,295.24
45.18,34.68,826.77
13.73,72.07,472.69
38.04,25.46,699.57
30.16,22.83,555.47
37.72,47.39,753.92
4.2,113.6,452.27
26.26,107.08,757.3
5.26,82.82,382.68
43.61,29.34,789.47
30.9,65.24,717.04
15.15,39.39,396.37
36.0,63.19,790.2
18.95,41.54,461.17
21.0,7.96,387.28
21.15,95.38,661.09
10.62,22.21,274.66
41.44,112.47,1012.94
42.75,51.1,842.66
0.71,64.73,252.86
1.06,69.34,268.42
15.36,100.39,577.81
25.8,38.05,556.11
16.25,118.65,660.39
38.99,84.48,895.49
23.65,21.19,469.02
27.05,113.37,805.15
43.04,28.74,783.68
27.1,13.1,494.43
3.86,19.43,164.45
11.59,87.33,487.14
28.19,118.14,824.19
4.32,96.98,403.33
41.81,64.75,871.07
21.36,79.45,604.68
16.39,36.89,397.08
22.71,54.72,553.22
7.92,41.82,292.73
25.69,70.24,645.75
10.21,57.99,381.95
47.77,103.9,1070.11
14.37,57.5,445.06
33.49,106.8,867.53
31.96,91.2,804.46
42.26,55.03,861.83
25.61,79.69,666.61
28.74,113.05,825.09
34.95,14.44,620.9
49.02,13.08,833.85
15.93,77.61,519.02
44.81,98.83,1025.58
10.97,73.39,446.81
34.8,75.03,801.39
27.08,16.23,502.93
7.83,103.74,481.45
23.64,64.22,586.42
35.54,92.71,870.51
29.38,66.65,681.4
0.98,97.89,357.87
3.82,25.59,184.56
49.85,78.59,1018.91
49.42,26.59,864.31
9.94,54.9,359.91
36.43,117.69,945.52
12.46,74.21,459.3
40.3,61.2,824.85
41.63,70.89,887.36
36.95,29.72,695.94
11.49,46.11,360.51
33.6,68.87,749.16
9.89,19.91,259.38
12.52,64.87,434.98
33.82,84.83,801.87
24.37,70.12,608.39
23.61,60.65,583.12
23.4,84.22,657.26
27.64,39.15,583.74
35.71,12.34,618.32
36.3,99.76,896.15
27.66,82.52,712.81
34.56,89.87,840.97
38.56,34.1,741.59
26.05,25.3,506.68
1.84,37.31,187.14
35.32,57.07,749.77
23.23,94.3,686.36
4.75,111.31,463.02
35.52,40.27,703.33
49.98,9.46,833.28
11.1,12.32,252.7
36.33,38.08,701.32
34.02,89.37,810.45
17.04,108.96,636.81
36.32,65.1,784.14
48.59,58.82,942.56
42.92,54.24,852.45
26.61,81.52,681.73
17.17,93.65,581.56
49.35,42.45,924.74
49.2,71.5,1006.09
9.56,67.53,394.86
15.73,40.97,417.59
40.14,116.08,995.82
16.27,23.6,371.76
15.28,7.02,297.21
1.76,18.72,131.87
45.13,36.34,822.36
32.88,23.42,614.97
22.7,30.7,478.16
29.56,89.03,761.27
22.71,114.26,731.99
4.75,43.33,250.89
7.68,6.06,182.03
6.75,49.55,297.64
47.96,110.34,1102.68
23.62,118.08,747.04
30.31,77.47,729.25
5.94,86.85,399.58
30.28,17.86,561.46
7.38,24.03,232.86
33.62,31.13,649.02
0.89,41.96,189.47
29.32,64.22,695.31
40.44,37.23,771.75
37.62,13.8,661.26
46.64,78.89,991.33
16.11,80.13,534.96
43.89,114.66,1042.87
9.66,76.06,423.22
47.17,55.45,925.07
39.65,14.72,686.73
3.29,56.03,266.8
42.75,37.05,808.57
13.54,75.05,474.5
8.42,51.47,330.96
42.83,6.6,712.3
31.98,79.13,763.67
14.34,28.35,350.32
2.24,106.8,397.78
44.26,102.73,1027.86
11.81,31.87,321.23
36.76,32.58,695.74
41.59,116.27,1023.11
2.25,42.94,211.12
46.79,47.11,896.52
29.57,119.35,867.93
41.11,110.73,989.1
19.27,116.47,700.06
15.24,26.4,358.26
35.49,61.3,758.0
45.14,89.85,986.41
22.23,57.72,559.32
31.75,114.72,882.44
19.74,108.73,660.29
47.89,90.12,1046.01
13.01,71.05,451.79
19.78,92.86,623.98
36.31,30.79,689.47
17.56,75.63,537.79
24.18,18.64,465.85
7.17,81.99,410.05
31.33,5.71,537.03
45.16,95.27,998.89
33.49,80.16,780.32
33.83,7.77,586.35
13.48,25.29,326.58
46.21,31.25,819.5
4.77,31.13,214.29
31.59,14.53,573.24
24.61,62.29,599.89
18.93,95.41,620.8
47.97,70.72,976.59
37.03,22.04,659.64
35.55,25.71,665.12
29.04,64.08,683.87
37.23,111.17,953.37
28.88,50.93,648.4
12.27,27.03,315.1
4.9,51.15,277.64
47.66,47.19,915.07
18.4,103.42,646.61
28.18,98.32,782.49
33.86,26.74,640.6
6.35,41.51,274.73
38.32,111.82,977.75
2.92,64.2,285.74
25.5,119.46,790.82
8.49,63.59,368.65
34.08,90.08,836.2
47.62,24.78,832.64
24.13,104.42,722.28
48.7,87.71,1041.73
7.9,57.51,343.67
14.91,99.16,572.06
0.56,105.84,377.44
39.91,21.46,712.38
11.97,97.5,530.29
23.14,76.82,626.0
17.23,59.47,486.84
34.56,28.65,662.25
34.57,16.99,624.91
21.25,100.11,684.0
29.22,34.16,599.28
43.02,40.61,817.56
4.42,34.2,219.59
48.14,9.75,807.38
17.88,51.98,468.5
23.17,82.95,641.16
9.5,95.95,477.09
29.46,49.04,645.97
49.9,59.93,988.88
15.43,49.21,435.17
25.4,33.53,526.67
41.15,95.14,940.44
8.2,23.54,244.23
41.21,89.67,925.65
19.62,71.97,563.08
37.07,115.9,959.31
0.9,99.83,368.81
2.0,11.76,115.05
6.73,26.28,228.87
15.79,29.85,373.02
8.08,82.6,421.64
41.3,91.48,943.62
4.74,109.55,448.51
16.27,82.92,549.19
16.13,17.7,348.58
39.53,69.48,862.45
40.01,5.84,665.35
28.82,107.3,816.28
38.89,79.85,869.05
17.74,112.38,649.13
38.82,62.56,813.4
7.92,72.49,389.66
21.53,57.77,543.84
48.76,14.07,814.77
49.2,74.82,995.15
12.18,103.61,532.19
19.09,17.78,391.41
3.06,13.43,137.51
48.75,104.77,1095.38
36.68,89.69,871.39
49.51,94.68,1088.91
24.44,55.86,576.65
24.01,108.57,745.14
48.64,43.11,897.54
35.03,20.97,639.66
10.9,16.35,263.12
6.78,108.09,483.9
24.61,105.31,734.29
23.55,104.76,716.04
14.7,75.93,497.74
43.22,36.23,805.98
46.56,54.95,906.09
16.4,84.72,559.48
6.44,57.62,317.21
4.5,85.21,371.02
3.65,51.94,261.64
41.79,31.26,760.71
32.82,27.23,625.93
18.37,88.22,585.05
17.93,107.44,653.85
7.8,59.77,339.05
43.19,6.04,715.69
42.09,33.24,781.17
13.83,56.32,424.93
16.0,40.26,413.84
36.73,65.96,803.51
31.58,117.11,870.58
36.9,42.98,730.51
17.48,113.28,650.68
11.25,91.74,500.25
7.87,20.51,226.25
13.72,66.63,454.66
22.76,37.4,507.42
2.23,78.37,319.25
42.59,9.81,724.95
3.84,10.56,140.26
24.48,86.56,684.92
41.52,23.4,740.18
4.01,40.78,233.77
26.88,80.88,691.95
38.02,104.52,951.4
33.93,76.87,800.87
44.88,13.72,764.23
41.46,72.3,898.58
6.04,13.88,182.47
15.77,46.08,425.7
29.07,105.76,806.87
1.26,117.34,422.19
12.57,42.46,369.9
17.39,84.67,567.64
46.27,67.13,962.45
6.85,86.96,415.52
8.41,115.5,521.72
39.83,41.54,761.94
26.42,12.85,482.45
36.56,18.98,657.28
7.02,88.6,416.05
14.92,72.58,486.56
25.56,14.07,481.55
8.32,31.45,271.13
39.83,59.26,815.36
48.44,52.4,922.72
36.42,32.39,699.02
3.99,15.19,155.34
33.48,11.66,574.69
12.09,70.93,435.78
30.96,14.91,564.08
20.21,6.33,373.57
25.75,7.43,458.0
1.4,59.76,252.47
29.03,109.27,816.39
26.91,17.37,498.41
48.1,40.38,900.6
34.65,18.58,629.87
19.22,100.31,635.73
27.14,99.35,760.38
30.83,29.54,604.08
45.99,101.28,1048.4
31.88,58.5,715.08
17.14,27.26,388.37
45.51,9.81,767.27
36.27,106.46,917.82
14.1,95.33,543.14
16.76,48.98,449.34
4.07,76.41,340.66
43.0,111.27,1031.34
49.07,98.3,1072.57
3.12,92.73,375.1
13.04,51.87,403.09
40.06,68.45,866.74
10.6,94.89,493.91
28.06,11.45,514.79
35.67,90.84,852.21
1.74,79.54,320.87
37.97,47.99,754.44
32.4,94.26,816.1
30.17,79.02,732.66
6.24,101.21,449.49
32.73,30.08,624.59
19.56,28.0,427.47
36.58,5.6,612.6
2.95,16.0,142.07
14.09,95.07,540.43
19.83,109.89,678.07
21.33,114.05,710.8
32.6,95.59,831.92
9.42,65.98,389.27
6.85,94.09,430.84
30.98,79.46,757.63
37.57,40.7,725.24
47.38,48.28,894.04
45.2,40.32,835.72
30.88,35.35,622.49
37.94,48.9,774.25
17.71,54.9,480.71
33.13,15.14,597.27
41.49,15.29,725.78
49.46,105.79,1125.0
19.51,109.16,668.8
46.56,66.05,943.06
15.53,26.45,364.9
46.62,76.19,976.37
4.91,54.27,291.13
45.67,119.54,1097.98
20.86,106.65,684.96
28.65,117.87,843.47
19.11,55.24,511.56
26.44,74.03,668.83
19.45,12.24,384.45
15.73,76.19,521.85
31.09,46.43,659.62
5.53,59.03,314.89
43.97,92.97,980.87
10.68,88.84,470.77
28.15,70.76,689.85
17.36,111.36,655.33
29.07,88.9,749.72
38.89,43.78,756.99
36.43,61.49,785.98
13.01,22.24,314.38
18.75,35.22,434.41
22.97,81.77,638.62
17.72,83.62,563.57
40.82,17.54,716.46
25.58,107.35,754.35
0.5,70.54,271.18
49.82,82.0,1045.34
28.14,91.98,737.19
42.44,102.19,979.18
23.43,86.51,651.18
1.62,50.83,227.33
15.53,12.4,318.11
5.89,108.09,464.7
14.31,62.25,454.22
47.11,105.22,1082.75
1.55,88.77,341.77
24.28,26.73,492.9
11.5,80.12,468.11
25.23,82.67,681.42
47.95,96.32,1056.61
15.32,23.63,344.27
41.31,7.41,678.48
4.99,43.9,255.81
10.98,117.97,563.39
26.22,77.48,676.08
22.71,72.49,616.21
8.16,98.36,470.2
37.58,38.32,729.99
41.2,16.22,716.19
37.4,91.0,887.15
14.35,16.58,313.96
47.87,48.97,904.69
44.95,97.78,1007.54
36.25,84.78,848.9
23.43,59.68,579.75
21.73,25.14,449.46
10.48,35.9,312.39
24.74,46.28,560.04
26.0,68.53,642.81
41.57,15.45,727.67
1.79,26.0,157.07
48.21,35.89,883.39
16.88,34.11,401.9
30.94,68.94,709.38
3.37,65.58,299.34
32.86,15.66,596.74
26.12,35.26,542.1
25.84,9.17,466.5
25.61,80.41,678.61
21.74,39.95,495.12
40.68,28.95,749.92
13.8,83.16,508.09
22.54,70.19,590.74
42.9,118.2,1052.01
26.09,19.8,497.12
2.53,59.05,266.45
34.13,62.24,748.03
8.67,109.93,502.73
21.87,41.45,503.63
7.31,17.79,216.12
13.75,92.95,527.95
2.43,47.72,229.14
12.14,114.12,578.14
11.84,12.42,262.36
1.03,35.67,172.14
27.86,32.78,567.86
35.82,93.26,866.85
20.5,16.76,403.28
6.25,69.23,352.64
44.48,39.6,830.73
25.15,49.95,575.75
21.42,78.25,599.62
37.71,95.4,905.24
11.93,94.08,505.51
24.95,46.07,563.19
33.95,54.39,727.85
45.09,61.01,915.73
21.82,101.44,684.92
44.4,6.21,738.82
3.22,55.68,265.13
40.78,60.59,849.14
10.55,29.31,297.45
37.44,46.08,756.29
48.38,25.97,840.51
35.88,82.13,836.53
38.7,5.72,658.04
29.14,20.29,555.6
22.31,82.66,636.79
48.35,114.62,1108.43
32.45,60.43,713.38
5.22,17.03,178.24
17.88,29.76,406.45
18.1,63.66,511.47
42.58,70.39,891.81
32.38,10.53,564.49
8.89,9.98,215.34
43.28,52.41,858.31
28.96,115.62,844.42
33.51,73.06,784.03
48.2,44.58,928.06
2.11,17.11,132.58
20.43,65.17,547.02
39.48,72.01,865.33
28.85,53.28,647.52
8.93,114.03,524.04
16.45,12.11,334.94
37.39,80.73,851.04
5.89,102.84,447.63
34.54,39.56,672.17
24.44,48.26,553.41
47.85,45.16,912.88
0.99,94.85,348.21
12.08,72.46,451.22
46.27,26.03,819.03
44.22,20.41,771.9
19.93,14.42,392.04
33.06,82.42,794.76
11.39,39.49,338.45
6.05,101.07,449.16
21.55,50.06,523.4
23.23,60.88,576.8
24.28,118.94,753.62
31.72,103.42,857.99
2.17,37.89,195.53
40.18,43.82,786.15
35.85,85.44,844.32
24.38,37.48,530.5
35.86,23.78,642.09
18.78,103.53,635.27
3.35,51.39,254.68
20.88,32.0,451.95
3.28,56.54,266.81
24.46,85.58,679.72
17.88,30.52,410.22
3.87,49.48,256.42
44.77,66.76,915.77
32.96,106.18,864.26
18.34,72.36,536.26
6.91,46.33,294.41
37.28,56.46,791.98
8.88,31.44,275.65
20.67,100.7,670.24
11.33,98.63,521.43
36.36,92.87,869.73
9.82,117.34,551.87
37.75,81.03,840.56
44.43,73.89,937.59
38.7,60.54,805.75
6.81,85.47,412.26
17.55,83.73,568.92
36.98,49.5,751.41
30.73,39.8,613.57
8.57,33.35,283.2
43.75,108.15,1033.1
28.92,104.41,793.83
11.4,20.74,278.58
33.57,32.06,644.85
8.68,40.25,301.29
20.06,34.3,452.75
28.01,8.16,495.21
45.31,77.43,973.0
27.08,17.86,515.14
21.27,91.14,650.99
29.76,54.86,663.12
33.97,104.24,875.68
47.6,90.71,1039.17
42.0,35.27,782.96
15.86,52.62,440.94
7.5,53.36,320.58
29.24,55.06,644.25
2.17,78.37,315.67
1.19,68.71,274.93
43.41,91.09,953.02
1.75,95.09,361.62
11.74,118.62,584.22
22.09,31.57,474.9
5.8,19.39,194.95
48.62,100.67,1083.74
37.08,87.61,866.86
45.23,56.62,901.5
37.79,95.81,902.64
13.01,104.79,566.36
3.6,71.18,319.01
6.46,58.55,323.61
34.77,109.39,887.93
7.29,51.99,317.39
8.94,85.72,434.09
31.11,15.88,565.26
31.7,81.78,768.43
21.56,46.26,511.55
35.27,84.82,849.42
42.86,11.63,721.9
7.91,58.77,345.04
9.55,113.93,541.65
11.59,100.23,524.51
34.13,20.94,616.04
48.85,115.09,1143.3
49.53,81.9,1038.91
29.59,74.97,725.29
7.36,60.35,341.7
1.25,107.45,389.99
32.12,18.99,577.28
37.73,63.37,794.56
45.5,81.49,996.09
29.95,88.27,742.5
48.94,108.41,1132.18
9.35,28.43,278.03
46.83,19.42,803.22
49.75,42.28,927.21
5.28,111.17,453.04
1.46,5.81,89.26
12.77,36.77,353.23
24.93,107.9,742.32
17.44,53.79,475.52
49.46,94.58,1057.88
8.23,24.68,247.33
16.99,65.68,504.57
46.81,65.64,941.96
18.59,85.38,590.51
46.69,44.32,888.33
6.94,109.15,479.13
21.37,103.87,674.72
29.42,73.75,703.62
49.61,41.28,933.13
47.44,45.93,902.58
44.01,113.98,1041.76
41.05,50.68,820.22
14.56,82.45,509.15
34.56,75.84,787.72
11.27,6.22,240.38
33.04,72.32,753.42
10.97,44.57,343.69
15.48,116.78,649.55
1.54,100.15,373.77
37.88,64.04,805.69
22.66,32.59,489.97
29.81,76.58,730.36
48.47,70.53,987.14
28.58,53.76,630.02
27.9,44.94,596.26
21.8,74.6,597.24
21.16,14.22,407.81
45.15,53.73,888.25
48.52,99.42,1060.49
2.62,116.37,444.17
41.43,39.92,802.42
24.44,103.28,723.19
42.67,60.48,884.76
26.76,72.39,658.96
34.1,23.07,625.29
25.29,41.63,550.24
10.57,61.3,383.66
36.88,31.99,697.7
37.39,83.2,870.19
20.66,98.32,653.18
30.73,116.58,851.79
49.99,105.05,1102.8
18.37,104.51,639.8
47.87,80.6,1015.43
48.16,98.01,1072.46
18.49,59.83,503.64
17.98,82.4,564.25
29.9,91.49,779.12
46.19,112.67,1073.18
9.65,16.72,242.37
14.29,36.44,379.89
18.27,46.7,464.78
47.11,78.54,1005.6
20.71,66.24,560.54
31.81,33.24,629.55
17.98,11.67,361.39
37.66,103.44,934.67
15.12,25.37,353.31
13.74,27.64,335.58
28.05,74.15,693.73
5.15,95.61,409.35
29.55,73.64,707.6
9.76,40.96,321.52
29.19,99.84,808.86
14.52,30.64,358.77
7.54,64.57,355.32
11.7,30.35,312.84
12.72,106.76,559.71
20.04,37.27,459.75
19.35,77.34,570.17
7.34,88.99,423.03
43.19,68.82,903.53
21.27,96.84,655.07
3.29,116.91,452.69
39.69,93.23,920.25
6.86,14.51,199.67
34.21,94.22,842.71
6.38,54.05,302.91
29.04,9.7,513.54
38.89,29.83,721.06
25.11,30.48,518.81
19.83,106.78,656.44
15.52,78.01,514.78
37.04,9.71,617.5
19.68,51.98,500.79
35.53,119.87,941.56
14.35,53.39,431.94
37.43,10.37,627.29
10.74,107.86,535.68
36.23,91.75,858.77
1.94,73.73,303.6
16.88,36.73,408.78
48.77,109.17,1124.21
2.72,16.99,141.14
22.56,51.53,543.26
32.9,55.65,708.27
19.42,33.44,440.14
42.14,120.0,1035.42
23.51,57.05,580.07
46.03,74.08,953.24
2.73,30.38,184.16
7.79,57.07,333.66
20.45,64.79,552.43
14.55,52.75,426.34
31.87,59.79,706.13
28.53,94.22,753.08
43.52,107.68,1016.68
17.19,79.47,547.56
30.07,46.27,652.32
35.49,107.44,906.93
8.21,92.83,452.95
8.66,96.78,466.32
36.52,58.46,770.03
27.76,103.91,767.3
20.19,77.72,581.08
11.62,96.41,516.63
7.23,69.4,367.24
22.65,117.71,741.43
8.6,45.76,313.74
43.61,30.92,785.35
48.97,13.8,825.71
42.53,112.2,1018.46
20.16,8.46,382.56
10.16,111.98,540.38
49.52,92.5,1088.54
30.89,64.57,715.21
24.39,55.12,580.56
11.93,78.32,454.92
25.94,32.21,537.12
43.02,17.83,747.31
22.22,82.24,620.56
35.48,80.51,817.47
22.6,15.21,443.66
0.63,103.26,370.32
46.58,48.88,882.7
40.34,71.53,859.36
8.93,40.8,305.6
44.82,26.23,798.57
40.75,12.97,701.69
11.52,31.53,318.43
32.07,99.22,838.82
38.24,6.94,637.02
40.07,6.12,662.85
1.37,27.97,153.51
4.75,80.98,362.4
8.32,78.16,413.9
13.82,118.36,611.58
27.98,116.07,807.81
15.37,23.21,352.65
21.62,42.83,498.94
41.89,101.49,976.54
27.33,74.74,696.87
39.5,61.33,816.75
39.67,107.64,974.02
18.17,85.48,570.79
10.39,36.84,316.64
10.41,50.24,358.22
18.21,31.69,421.41
20.51,86.57,604.11
37.46,108.49,932.07
25.37,44.19,566.17
25.87,40.7,564.68
26.05,68.23,639.9
21.52,109.85,699.28
3.89,95.04,398.34
22.81,76.22,617.88
18.6,84.63,585.4
17.46,47.49,458.3
30.23,52.34,666.12
19.72,38.68,455.02
31.99,85.1,790.89
39.35,15.48,686.12
15.74,110.59,618.79
39.7,32.36,729.7
22.4,86.0,648.96
12.83,13.55,283.05
36.64,119.73,959.83
2.39,56.04,254.85
8.48,44.66,313.82
49.01,41.31,919.79
48.7,38.27,896.26
6.28,14.5,184.71
19.53,22.88,415.72
4.74,41.76,248.24
34.78,98.85,881.29
31.28,60.12,702.75
35.16,54.79,750.29
22.78,56.45,565.63
22.28,10.45,409.39
35.14,62.86,766.05
3.72,75.83,328.66
13.95,115.97,605.44
35.83,100.62,891.19
43.44,67.86,908.7
28.53,53.55,642.02
0.6,75.7,283.84
7.56,83.6,411.14
34.1,52.99,731.96
8.1,31.43,265.28
47.15,119.84,1082.97
4.58,82.24,369.04
23.68,66.92,615.4
7.33,113.14,493.86
29.01,73.61,697.53
41.05,10.73,702.13
9.01,94.7,473.67
10.6,96.06,502.57
21.27,85.5,623.94
0.75,118.75,417.42
10.55,103.61,517.69
49.22,20.42,836.66
27.91,46.57,613.9
6.95,70.28,374.61
18.43,34.62,432.05
36.07,99.01,880.34
40.99,119.44,1027.16
28.76,66.65,670.9
18.0,25.49,392.01
1.09,81.03,310.19
22.24,115.51,738.75
27.35,27.18,549.53
5.2,11.88,164.32
41.13,22.24,735.86
39.1,117.77,974.87
5.15,39.79,250.28
29.51,53.1,664.95
21.88,27.3,460.75
4.33,53.15,275.37
12.13,62.52,422.67
11.26,20.86,280.43
3.27,99.06,401.91
46.84,44.44,900.3
2.32,110.43,415.98
49.91,63.1,1003.4
41.3,65.35,889.7
32.89,79.8,788.96
42.71,13.19,730.64
20.72,72.33,574.35
30.95,55.25,688.21
6.63,119.42,501.74
32.98,36.48,660.84
36.12,32.13,688.51
40.34,86.22,918.16
43.48,101.11,1004.05
28.11,100.77,771.52
43.87,50.97,867.28
45.88,104.67,1065.8
12.71,44.46,374.56
3.83,46.53,242.65
46.26,93.07,1016.29
35.69,112.23,904.37
38.71,117.68,982.57
3.7,24.56,180.91
6.24,25.43,220.23
31.13,110.48,849.81
4.92,34.41,224.47
31.51,100.83,824.64
42.54,39.62,810.32
18.05,80.19,558.38
4.42,61.25,303.18
30.76,57.15,674.79
46.67,67.71,953.34
3.53,115.52,448.03
37.22,5.87,630.25
40.02,36.4,759.36
34.0,93.29,846.29
12.09,90.85,505.35
30.38,116.09,848.33
6.25,78.21,385.27
47.93,43.19,908.8
43.83,93.03,992.75
21.03,5.96,388.21
21.43,77.85,618.09
2.58,109.54,414.34
10.23,73.72,423.05
39.02,22.98,698.12
36.01,84.32,846.92
43.08,81.75,930.63
47.02,106.09,1080.11
21.49,73.02,596.86
18.07,82.97,572.55
35.65,47.43,714.23
20.61,67.02,550.43
2.73,119.66,451.73
14.67,112.65,596.54
48.75,117.68,1157.13
41.17,22.49,725.91
19.41,40.28,468.64
31.59,18.37,578.62
10.58,20.24,273.5
50.0,71.91,1018.87
30.89,104.35,821.1
17.61,87.56,577.08
35.37,119.32,936.38
47.76,8.58,793.15
32.39,34.47,641.92
1.93,37.26,187.78
12.08,51.6,385.57
9.34,28.76,275.58
41.58,119.31,1022.46
38.92,100.95,935.39
15.02,56.97,447.1
42.36,36.36,793.99
33.6,76.57,798.0
41.5,113.8,1012.39
23.72,79.97,646.14
41.36,7.09,703.56
35.01,25.45,659.24
40.34,57.49,824.52
2.04,48.35,223.16
6.98,41.43,277.36
20.85,88.65,639.83
42.46,108.67,1032.18
20.27,101.98,656.45
2.97,111.01,430.26
49.26,73.73,1022.98
3.08,91.45,365.93
10.75,16.04,259.71
24.76,75.96,655.19
49.74,27.14,883.48
41.39,112.72,999.42
40.08,65.27,849.41
32.97,13.9,596.84
32.46,41.6,654.38
27.67,81.48,710.32
10.41,16.28,252.94
32.14,25.4,595.1
23.77,110.39,728.79
42.16,53.69,840.84
31.7,106.34,853.46
32.71,98.67,839.82
23.1,117.69,764.04
10.01,52.4,358.96
23.57,100.03,705.3
40.35,98.27,964.49
33.16,113.4,884.22
17.58,19.54,374.11
21.49,44.08,507.75
23.12,63.63,591.12
43.83,65.94,911.84
39.32,115.08,984.26
10.84,84.43,470.47
24.23,14.35,455.38
11.31,45.21,354.5
35.34,102.66,890.55
25.89,75.8,676.26
26.38,113.41,787.81
43.33,91.25,983.55
6.87,50.59,299.81
27.31,44.86,592.62
46.16,75.08,961.91
10.22,96.53,493.52
21.92,46.41,522.59
8.66,11.36,213.79
3.06,117.6,441.96
34.91,44.51,708.73
18.0,22.68,387.92
22.03,27.85,455.75
13.58,38.68,374.57
48.13,48.37,917.82
28.36,14.68,523.09
48.88,65.32,983.56
24.61,84.41,678.01
5.94,11.66,172.13
44.32,39.53,829.02
33.25,109.79,879.42
1.02,103.78,375.47
49.25,31.59,883.48
47.6,39.44,871.31
16.22,76.32,524.09
11.57,108.81,559.78
26.37,113.83,778.19
18.66,67.48,531.96
10.08,51.69,356.07
44.79,25.39,802.63
3.92,42.64,234.89
39.03,98.7,924.42
28.38,88.04,747.11
37.85,113.53,948.01
4.82,102.41,428.46
0.81,114.61,401.16
48.19,115.1,1115.18
20.26,117.55,702.5
39.41,79.43,882.06
35.73,64.83,779.88
26.07,13.79,477.67
37.04,105.82,920.02
46.58,117.39,1101.68
36.89,79.16,828.25
49.98,34.27,888.27
33.73,38.39,675.16
36.36,78.42,826.4
24.34,85.81,668.44
8.29,37.84,283.69
14.91,77.31,503.72
34.03,8.91,579.95
43.92,56.8,867.05
17.48,25.28,387.91
36.31,74.11,829.79
37.67,86.2,859.87
32.82,104.54,833.95
22.93,48.19,536.07
45.83,67.1,945.92
18.45,51.1,470.75
38.88,117.85,991.59
41.15,19.03,725.6
44.21,58.3,869.74
16.4,94.2,574.9
8.63,63.4,371.22
42.97,37.14,797.66
1.67,59.07,257.12
31.97,104.6,849.17
46.35,74.22,952.25
45.41,73.18,965.05
37.63,63.44,810.91
32.57,85.08,789.95
44.76,32.58,812.23
32.06,11.16,566.33
25.49,90.25,711.63
38.25,33.32,719.02
19.07,95.12,614.67
17.03,81.95,555.7
31.22,31.13,623.38
8.04,43.65,310.8
9.1,85.57,438.41
5.31,118.49,485.8
23.43,114.69,746.27
49.22,59.6,971.73
10.53,51.35,365.42
35.97,23.03,650.96
21.09,5.03,376.83
15.45,29.1,365.77
47.36,50.01,910.95
38.59,30.97,714.88
25.6,28.23,529.18
43.69,84.14,940.93
3.34,50.38,248.24
11.74,101.78,535.05
32.58,75.36,751.9
31.22,95.55,795.43
24.99,6.65,443.92
36.49,16.04,639.66
42.79,93.46,959.31
43.33,119.28,1045.94
25.13,102.91,737.25
15.2,71.27,490.71
30.32,113.65,843.86
13.34,83.55,497.23
12.42,97.5,533.17
4.01,42.44,233.33
5.55,108.21,458.7
22.88,23.83,461.51
22.17,69.98,590.69
3.46,117.47,464.18
13.61,73.94,475.79
24.21,103.42,719.52
22.25,48.31,525.37
14.1,38.36,380.25
19.07,74.53,561.54
31.49,18.87,575.06
6.02,81.25,381.58
23.32,47.94,550.27
45.76,40.71,858.23
1.58,88.43,337.46
20.01,36.74,448.92
42.96,63.52,879.43
15.52,97.11,580.52
45.46,88.78,1003.02
37.46,75.43,836.72
26.2,77.95,677.66
14.75,51.79,425.08
29.18,39.55,602.8
48.56,22.59,841.0
37.46,112.57,950.51
18.86,59.8,517.22
1.56,82.22,315.94
48.77,24.92,872.91
29.3,69.24,696.77
2.88,53.86,252.29
1.39,22.21,139.74
25.56,66.04,629.87
19.3,74.5,574.53
6.85,50.79,305.06
29.35,28.03,568.43
13.93,13.4,302.95
34.28,29.95,651.7
36.61,37.53,706.78
1.99,74.97,307.92
8.69,114.08,523.77
2.98,70.34,307.86
33.04,115.72,899.43
21.73,80.67,615.93
6.32,70.32,352.7
44.22,46.17,842.76
28.04,21.64,540.01
1.0,118.93,423.5
13.67,90.67,532.61
5.55,77.75,368.67
38.18,13.51,670.12
2.47,54.63,249.27
37.07,13.25,652.08
32.94,111.24,871.81
36.19,106.63,912.18
18.46,47.78,466.85
15.66,53.82,444.97
21.21,28.71,461.83
19.4,112.51,693.97
48.29,83.15,1026.65
36.2,55.68,759.0
44.01,22.73,768.73
27.79,38.39,587.36
29.19,54.45,646.31
0.66,95.09,345.68
14.12,84.95,517.17
35.93,86.45,845.86
42.61,104.27,1005.48
1.52,15.19,116.79
21.24,9.42,401.85
40.86,55.07,816.61
24.53,5.7,427.02
9.21,88.35,451.12
20.86,43.91,500.88
35.58,98.28,881.77
26.79,71.22,665.27
40.26,76.38,880.79
34.73,22.11,638.49
44.92,38.17,840.96
29.43,97.42,769.72
20.55,78.25,587.43
18.78,30.3,419.36
45.29,112.28,1066.32
49.22,92.04,1069.34
9.08,28.62,273.18
41.09,52.96,821.54
2.92,50.7,246.8
13.94,98.35,555.46
5.72,6.75,157.05
39.04,105.22,951.8
2.08,60.06,261.69
24.76,9.92,451.91
10.66,80.0,451.06
40.73,103.22,973.8
31.15,14.91,564.37
13.43,66.28,456.65
6.36,113.49,481.56
17.28,64.52,508.2
8.12,45.78,307.29
30.95,10.28,553.57
47.55,117.16,1124.51
13.43,81.92,498.34
16.99,29.45,391.52
1.39,65.47,268.09
25.8,76.15,657.14
12.59,18.57,290.32
43.36,25.03,763.57
17.61,37.06,425.86
31.53,106.03,832.13
32.6,10.79,566.54
38.91,10.67,660.08
30.7,73.59,728.11
41.35,48.45,815.69
22.69,82.07,628.66
1.07,97.62,362.17
37.94,78.73,857.13
31.6,52.89,668.59
4.84,59.4,295.08
8.36,64.57,370.88
14.25,32.49,362.85
37.29,56.52,792.12
4.33,61.64,304.02
29.35,96.51,783.5
25.88,75.38,667.76
22.52,107.61,705.52
15.57,116.78,638.34
47.07,67.08,971.13
18.49,84.93,582.98
44.77,55.63,873.99
21.51,43.78,497.64
40.47,77.66,897.57
47.92,111.1,1112.61
3.12,42.41,222.83
38.69,13.45,680.39
35.53,94.17,870.12
8.61,41.51,305.19
4.8,111.2,462.32
8.94,73.07,405.59
29.31,52.25,643.04
36.87,45.29,749.11
37.07,42.66,737.02
24.06,13.75,451.06
7.92,12.79,206.37
13.35,66.5,446.68
41.26,91.37,934.49
2.02,14.23,122.74
1.66,49.88,225.93
38.34,108.77,941.32
49.35,22.46,865.66
18.74,45.95,464.14
30.87,78.39,748.06
22.93,16.3,437.36
47.71,20.97,822.81
24.24,84.82,675.94
10.88,36.02,323.87
49.76,46.35,935.06
19.35,106.68,659.38
14.26,96.25,552.8
20.65,42.57,482.62
38.92,74.24,855.3
6.55,32.24,246.1
34.32,80.49,817.65
5.75,38.17,252.87
28.94,55.13,639.82
30.69,43.6,641.4
40.08,72.52,870.6
40.7,72.46,884.02
42.94,77.12,944.15
42.42,107.95,1002.03
41.13,17.19,713.25
42.94,99.91,1006.2
32.71,110.29,857.69
32.82,27.01,624.94
38.22,106.13,940.55
47.63,95.85,1074.06
23.29,68.22,601.15
20.46,104.78,682.79
18.38,119.16,691.48
25.69,11.75,466.95
40.05,100.72,955.51
3.58,40.55,225.71
49.32,63.02,971.05
47.15,88.05,1007.46
6.5,34.21,250.56
49.07,80.99,1028.53
34.65,61.77,741.25
46.34,50.92,886.37
48.23,95.1,1051.36
7.82,22.96,233.38
27.95,36.93,579.15
2.82,18.65,149.01
18.72,65.53,527.2
37.11,16.72,656.09
6.08,41.22,264.21
36.14,118.06,938.47
2.74,71.5,304.66
49.69,119.22,1135.84
30.54,24.09,587.69
28.89,87.53,745.95
38.67,57.37,795.74
19.44,63.64,534.45
36.52,58.32,769.02
18.86,66.07,528.37
15.96,104.75,597.3
38.31,71.27,846.03
34.43,113.39,908.73
35.33,29.02,666.07
45.48,55.65,893.12
36.54,113.46,930.57
12.29,110.45,572.15
28.9,10.15,504.78
2.29,80.78,323.52
1.98,119.85,427.03
29.65,110.13,832.68
21.56,18.76,421.03
22.04,32.1,481.1
17.4,90.45,577.53
49.16,42.47,921.89
28.95,96.55,767.64
8.34,80.33,413.27
8.12,113.11,513.22
9.9,83.98,456.19
2.99,6.66,115.03
37.64,106.01,920.12
22.38,94.37,679.08
26.02,84.01,693.7
34.94,60.58,754.37
28.65,109.61,804.75
6.71,53.82,310.67
39.13,67.22,849.08
17.87,63.37,498.4
23.82,110.33,753.6
15.17,46.66,419.35
48.85,75.06,1003.66
30.56,14.57,551.02
8.51,29.85,264.07
36.68,30.41,703.24
44.27,29.42,801.89
6.63,53.96,309.77
48.52,97.1,1087.57
21.56,5.12,387.62
40.14,92.7,934.87
18.5,51.27,483.75
21.31,45.76,509.31
29.01,74.06,726.0
34.84,38.92,690.25
21.86,86.98,630.09
28.67,84.67,730.22
36.11,7.91,606.86
41.42,71.6,887.11
1.84,61.74,265.52
44.89,34.73,823.81
26.92,29.77,540.22
11.0,51.25,367.18
44.0,88.17,975.08
4.85,71.14,337.5
10.13,32.05,295.75
42.26,40.79,810.29
16.32,84.31,551.27
0.9,70.97,277.3
31.16,45.53,656.01
48.62,118.82,1129.71
23.93,117.4,762.6
43.39,19.53,750.83
7.98,19.47,228.42
5.31,28.52,214.72
42.72,9.39,723.82
29.58,71.7,714.17
26.45,31.01,543.42
17.48,66.56,521.67
13.18,39.09,364.67
45.29,90.27,1013.53
1.78,45.73,212.02
7.56,38.4,284.05
48.24,75.01,1007.39
15.12,95.14,556.99
30.54,67.69,709.23
1.94,27.09,160.04
49.75,91.86,1059.91
15.86,114.34,638.57
49.24,98.05,1083.94
41.5,114.28,1020.43
9.0,68.91,390.14
5.78,43.52,267.89
30.71,27.75,592.43
42.82,78.87,926.81
7.03,15.55,201.05
34.2,19.98,625.45
46.16,35.26,843.87
47.46,37.23,885.92
37.18,118.55,951.11
38.61,55.64,798.22
42.16,100.7,976.24
36.0,92.0,860.15
9.51,89.36,461.28
1.73,23.59,146.8
44.29,97.71,990.71
42.78,42.08,826.35
26.26,104.98,751.56
37.31,45.18,745.94
28.71,11.86,510.96
1.22,25.71,146.07
9.43,74.83,420.28
31.58,58.75,713.46
45.1,103.6,1039.93
35.58,103.44,906.12
44.23,106.07,1038.76
40.68,68.05,868.02
38.05,93.76,898.54
6.71,103.49,459.07
24.21,114.76,767.14
2.67,20.23,151.38
3.17,85.36,357.83
19.71,57.63,515.35
21.65,72.17,588.18
11.18,57.25,387.51
23.67,38.19,533.04
6.06,114.26,475.63
16.82,74.1,526.32
35.89,79.08,833.78
31.08,51.51,672.82
4.73,39.85,242.49
16.88,19.24,360.19
40.59,58.96,837.54
5.44,8.64,159.32
8.39,41.89,304.65
44.03,57.49,880.64
32.98,19.96,603.75
32.59,68.54,747.3
38.43,119.13,966.54
5.5,96.08,418.38
15.93,56.06,454.23
22.7,109.48,721.17
25.45,118.17,789.34
9.87,96.54,481.59
45.92,12.09,771.11
3.91,47.33,250.44
29.36,102.95,794.78
1.47,66.54,270.44
26.8,14.82,496.28
4.4,11.47,150.19
24.95,98.43,712.94
33.21,45.32,687.17
4.76,47.52,263.14
24.83,45.29,560.47
40.08,73.87,860.33
45.22,34.01,813.78
4.63,103.13,426.12
45.29,77.19,960.61
12.97,85.33,497.04
17.99,90.75,583.35
5.76,37.4,251.12
47.36,100.32,1051.38
19.58,76.06,561.88
37.28,117.8,955.79
22.86,68.46,600.65
36.43,62.81,784.45
38.17,22.1,688.93
34.81,16.95,619.73
13.54,117.88,604.51
19.17,119.91,694.83
15.84,28.41,374.68
41.87,87.19,934.5
44.17,108.81,1045.08
38.67,115.32,987.34
35.89,90.08,856.33
48.1,106.99,1069.28
7.91,15.95,213.7
48.05,91.7,1043.93
42.03,80.54,916.04
49.37,73.0,1016.54
17.26,118.49,668.32
15.4,18.26,338.82
38.83,110.96,982.87
20.33,92.68,621.8
43.12,75.27,939.86
21.55,75.97,600.45
25.95,25.44,507.93
14.25,6.64,281.87
41.46,8.25,692.28
46.73,97.6,1049.03
6.22,97.41,438.54
25.67,89.29,701.26
1.61,11.41,109.96
3.07,36.42,205.86
23.3,63.27,586.0
38.49,22.0,694.86
20.97,37.62,470.4
35.86,75.51,814.13
31.67,87.67,790.63
28.12,80.53,703.33
39.17,108.48,975.49
18.59,59.72,501.89
31.28,53.59,681.05
44.32,64.12,899.55
45.46,71.66,935.37
21.17,74.88,598.85
39.85,87.55,914.19
2.72,107.57,414.11
21.69,25.75,453.21
33.83,42.96,703.67
15.95,69.17,500.38
6.94,20.95,216.33
47.74,112.32,1116.83
14.96,86.14,532.47
44.01,96.86,994.15
42.66,48.05,832.13
30.1,6.74,527.51
5.89,70.65,352.17
48.13,109.56,1100.07
8.25,12.61,212.7
22.77,66.83,589.74
15.97,52.84,445.62
36.02,95.03,880.96
9.19,42.12,313.5
7.51,82.33,412.45
2.53,28.84,172.61
24.36,94.27,695.16
30.67,98.88,802.49
28.29,75.78,695.68
44.17,98.16,1006.17
21.65,97.15,660.55
9.2,94.89,475.7
28.23,56.29,651.4
20.47,6.39,373.06
15.97,109.11,614.34
36.63,36.7,708.72
3.4,96.86,394.0
6.05,86.06,394.99
16.19,63.96,483.57
8.11,20.73,236.9
19.54,22.73,416.47
35.72,74.48,823.07
18.27,73.62,547.98
17.41,51.45,466.61
22.34,110.31,717.0
45.32,103.47,1046.74
21.5,85.82,627.72
34.1,55.16,724.66
34.96,96.34,868.42
45.79,16.18,784.58
7.2,20.18,213.5
44.24,47.42,874.31
23.08,106.17,730.17
6.32,8.61,172.54
39.54,38.28,767.1
20.57,112.15,695.04
33.95,11.9,595.99
49.56,24.33,864.56
28.03,54.18,641.4
1.38,83.45,318.48
6.61,50.5,296.01
47.63,79.93,994.23
20.02,18.49,407.01
9.0,83.68,433.36
47.84,90.35,1059.96
7.55,50.69,313.47
26.94,43.21,576.63
39.53,47.38,786.94
11.5,61.9,408.75
3.75,43.24,241.89
11.05,96.89,506.78
46.36,98.16,1041.92
3.2,100.77,396.28
16.41,92.52,578.53
46.55,29.04,841.71
39.38,62.27,834.62
2.33,20.39,148.52
41.6,96.09,956.83
34.94,100.0,882.43
25.35,76.57,662.23
43.71,107.53,1019.03
5.02,37.15,238.85
48.94,63.09,967.33
42.72,40.89,819.82
48.59,71.21,981.31
33.18,67.31,737.89
34.01,54.87,728.41
45.07,36.51,832.01
29.36,89.91,760.28
15.8,27.48,371.02
48.08,11.71,809.23
1.97,12.53,117.42
49.69,61.41,977.97
5.67,117.84,483.24
36.06,27.82,685.74
37.12,39.57,728.88
4.27,106.19,432.94
43.3,67.18,907.84
13.44,80.62,497.75
47.12,55.52,924.67
9.08,95.45,474.7
33.6,102.64,849.37
10.76,101.03,530.51
46.83,48.81,908.7
1.97,35.52,187.17
25.41,58.72,609.94
18.01,100.32,611.76
36.36,64.49,784.9
4.39,83.13,369.23
47.22,116.02,1103.32
49.45,103.46,1087.33
10.54,89.98,474.48
32.21,71.28,757.67
20.58,56.55,525.9
17.11,58.91,485.27
43.35,21.27,776.09
7.17,93.74,444.45
39.91,110.17,973.72
16.2,10.99,323.21
26.03,104.99,755.17
27.02,26.44,537.1
42.35,58.28,857.13
38.23,6.89,642.26
12.23,67.28,436.8
23.46,21.34,469.01
45.42,115.98,1097.77
19.89,49.07,495.17
32.27,20.66,599.57
2.54,106.91,412.38
23.56,76.96,639.45
31.28,118.69,854.6
35.63,83.94,830.43
30.19,49.94,642.33
12.11,104.11,542.08
11.28,102.33,527.12
24.05,92.93,680.54
44.41,34.23,808.08
17.45,33.51,411.51
48.33,55.21,935.75
17.74,108.63,640.07
35.64,21.02,647.81
47.94,37.65,881.13
19.26,99.15,640.64
2.15,83.15,324.32
1.34,47.46,211.84
4.18,52.27,269.66
20.64,35.22,462.85
14.71,84.91,526.41
5.74,86.74,399.02
38.07,100.17,930.72
23.76,47.13,552.7
35.61,98.82,896.51
2.25,73.48,308.8
45.11,31.36,825.04
44.85,91.64,1005.19
33.84,42.61,677.16
19.19,15.05,384.56
3.32,75.16,325.35
1.48,10.11,104.25
30.75,62.72,704.33
38.59,24.59,703.96
38.99,10.39,668.55
28.8,63.39,674.78
16.61,21.44,365.16
13.84,108.28,586.29
19.67,118.75,700.06
14.92,53.19,439.02
8.31,16.27,222.77
44.92,50.67,870.59
40.71,75.5,901.84
36.37,92.7,869.52
16.16,75.78,514.23
3.02,23.38,163.32
8.98,54.23,346.54
12.83,13.53,281.99
45.99,6.71,761.33
27.09,51.17,620.67
1.87,76.52,307.05
41.87,86.03,925.49
35.87,46.67,724.58
40.08,8.06,675.35
6.28,99.9,442.56
4.63,113.96,464.33
14.14,52.0,416.52
10.88,10.64,248.24
36.63,116.61,953.09
45.43,21.03,790.86
9.74,91.48,481.29
24.43,85.33,670.05
9.88,101.33,501.98
23.8,87.29,666.31
41.03,9.91,687.55
16.14,63.76,478.45
46.32,89.79,1017.75
3.66,56.24,265.15
21.36,48.67,516.65
43.01,96.06,988.8
34.11,10.39,589.18
5.68,114.09,477.9
48.3,93.38,1054.7
16.45,27.29,380.01
42.44,101.63,997.95
48.76,85.47,1058.97
34.25,57.67,746.94
34.28,73.25,789.32
13.24,103.82,556.16
14.71,76.16,501.01
34.53,87.76,834.48
47.75,94.84,1046.51
17.13,15.15,350.48
44.19,53.11,855.49
23.94,27.74,485.05
36.64,106.25,909.48
1.91,21.15,143.44
33.94,92.57,832.91
24.51,107.01,738.61
6.53,109.45,476.97
3.61,43.59,235.83
43.19,87.74,949.07
24.45,15.7,463.7
30.95,94.59,796.67
21.75,37.53,498.96
6.26,69.42,347.11
20.99,88.22,635.91
24.08,65.07,607.11
48.6,43.67,899.74
8.82,59.56,361.44
11.09,67.46,418.75
18.98,90.86,609.47
9.9,79.84,440.27
11.99,118.13,572.7
32.49,73.95,772.1
45.9,63.95,921.43
49.8,78.99,1037.58
49.47,65.06,986.9
17.67,22.01,384.94
46.47,65.06,947.29
6.3,10.5,178.28
19.22,5.86,362.01
39.08,113.87,984.71
8.09,71.2,379.0
34.2,28.36,638.65
31.89,46.77,668.79
14.25,114.64,600.62
30.87,78.26,754.9
15.49,70.35,493.9
11.62,27.52,301.42
37.54,9.89,641.83
6.27,76.28,372.06
31.49,29.92,608.94
39.02,115.4,990.83
9.25,15.81,238.1
5.63,62.14,319.69
8.73,74.33,407.23
19.11,117.96,688.15
38.22,112.66,961.47
37.63,37.11,727.57
26.01,26.76,525.85
21.68,84.83,636.33
48.04,86.02,1030.15
43.44,114.23,1055.58
30.91,93.87,791.32
6.06,109.47,464.82
34.1,80.72,810.47
27.85,25.44,556.27
27.78,43.37,598.88
35.3,78.52,810.13
23.85,102.88,706.87
5.67,51.19,289.42
20.7,38.61,473.27
42.32,119.41,1035.83
7.6,54.01,320.58
45.12,35.27,837.6
33.63,73.38,762.6
4.35,106.19,436.0
22.6,117.11,752.28
41.97,34.98,774.19
28.76,89.19,753.64
23.55,39.68,526.94
3.98,109.9,437.68
13.3,75.79,467.38
45.01,100.2,1025.97
27.81,51.85,617.98
47.39,107.26,1086.42
25.8,101.0,733.81
33.41,118.06,899.14
2.1,119.44,441.06
34.12,9.28,584.45
16.99,58.76,482.45
31.57,19.88,586.42
14.85,55.56,436.95
46.04,74.6,947.16
26.16,66.84,650.7
3.87,23.61,175.73
44.6,91.04,987.05
3.58,104.41,410.75
15.41,67.89,483.18
6.18,7.53,166.18
42.05,5.22,698.66
4.7,48.99,268.22
14.2,6.77,281.85
34.13,33.09,643.52
42.4,60.16,863.21
4.53,119.88,487.25
39.04,117.84,987.42
34.67,101.08,884.65
32.36,79.81,773.25
36.86,70.05,811.78
36.76,72.03,820.54
30.93,33.5,610.34
41.47,35.11,778.94
16.64,23.76,369.23
9.22,6.81,206.46
24.35,60.13,589.99
34.13,63.9,755.41
27.82,102.47,776.23
49.52,81.12,1037.69
3.53,94.63,381.54
2.6,60.46,270.01
16.63,13.17,337.2
5.98,69.95,348.58
42.64,67.69,891.72
35.31,85.04,841.02
6.41,69.29,363.95
1.55,95.92,367.57
24.11,90.07,682.96
27.79,66.35,656.4
38.41,86.71,878.67
45.11,95.48,1005.32
32.43,92.89,825.25
7.26,116.1,500.3
12.93,12.92,283.38
21.16,35.43,474.5
1.83,93.85,359.57
2.42,56.41,255.9
47.83,31.52,853.98
42.06,95.12,958.53
31.17,14.83,567.05
24.44,110.79,745.02
35.07,105.35,892.22
10.26,23.16,273.31
14.25,111.38,603.15
10.32,53.7,374.15
38.11,47.71,762.44
41.81,111.15,1006.06
3.14,39.66,216.74
38.77,103.71,933.41
37.46,101.72,914.9
5.91,53.84,304.03
47.55,28.01,853.38
45.51,102.57,1067.43
35.15,108.11,902.25
27.98,30.04,549.52
47.49,16.67,805.89
23.53,118.61,737.1
33.34,30.89,644.08
42.41,59.74,851.62
34.31,80.58,791.63
25.84,73.56,660.06
26.32,112.17,783.83
23.29,40.49,518.47
34.01,71.33,769.8
6.98,59.98,333.62
12.53,61.19,416.85
43.23,39.23,816.13
9.12,81.71,433.98
43.4,60.07,883.42
6.16,103.32,453.99
6.15,49.34,289.87
0.96,54.13,227.38
47.1,53.81,916.2
49.34,28.22,866.69
45.73,18.64,787.73
7.39,69.5,373.08
6.61,82.55,397.05
11.98,41.18,356.86
19.41,115.42,688.39
34.33,16.24,620.56
9.54,68.33,400.73
40.79,118.99,1023.48
44.36,54.1,861.41
11.31,96.05,505.29
32.08,21.13,589.05
20.94,107.6,691.1
3.69,47.73,248.43
34.01,5.06,573.0
32.98,79.57,782.44
8.38,83.43,429.72
19.58,24.95,414.93
8.32,89.36,444.15
34.61,73.89,786.94
4.35,119.11,474.48
26.0,116.45,802.05
15.15,104.76,595.75
19.63,106.03,667.05
39.23,95.17,909.13
39.56,119.55,1004.9
36.5,82.83,826.59
33.88,37.51,663.33
44.07,53.17,865.26
23.66,115.16,748.67
44.46,68.05,925.01
32.89,54.37,712.82
43.48,12.41,725.36
11.34,5.82,237.96
19.03,61.87,514.76
24.53,26.66,495.41
41.99,27.39,769.93
17.48,78.85,542.65
47.08,56.9,920.84
45.92,118.34,1078.13
10.82,63.76,398.57
11.17,33.43,316.64
11.17,39.28,340.59
10.09,32.66,301.21
47.74,118.91,1127.77
20.66,12.68,395.24
35.0,85.93,834.14
7.83,92.65,442.23
3.54,54.58,263.05
15.55,78.39,522.26
15.39,32.09,371.69
37.24,40.46,729.49
4.19,66.11,314.78
2.24,100.6,380.0
38.34,24.0,694.5
34.94,78.52,813.43
39.22,94.41,912.69
30.37,16.07,550.81
46.9,16.02,794.62
27.7,107.62,796.27
16.49,55.87,464.2
30.0,79.88,733.37
30.82,102.92,802.38
18.15,69.34,523.53
12.74,23.85,313.0
44.05,105.33,1006.22
46.16,77.47,970.57
8.56,98.17,476.68
27.01,84.69,706.27
35.72,10.47,611.87
38.28,40.45,751.25
5.13,74.54,352.02
30.36,14.48,545.22
6.25,92.55,419.41
3.27,96.16,386.04
47.09,101.84,1068.05
9.63,93.7,478.65
15.99,118.65,659.57
34.3,24.35,623.15
28.07,93.19,748.23
8.38,38.78,295.48
36.1,76.42,807.83
36.7,91.76,890.27
36.38,96.79,890.07
17.32,36.86,419.35
33.11,115.77,887.11
3.04,59.04,271.08
45.28,108.54,1046.97
24.64,18.32,478.42
29.1,115.67,830.38
33.09,71.09,771.66
33.01,11.75,586.28
49.46,13.17,847.62
18.85,102.47,640.43
4.27,7.83,137.53
36.89,114.32,947.52
22.64,62.85,576.47
35.53,30.89,689.34
9.1,50.09,337.58
23.89,12.86,448.32
2.89,113.0,429.2
48.27,60.03,963.38
11.83,53.12,387.63
44.39,46.19,856.22
37.17,80.38,852.83
37.82,103.54,904.22
21.42,74.59,598.48
35.26,84.01,833.5
27.06,28.34,532.72
20.25,73.25,571.86
13.07,15.79,295.58
30.53,90.47,783.09
48.4,84.2,1015.93
30.21,12.2,539.64
25.34,96.59,722.19
23.48,63.16,588.66
10.1,40.07,323.56
27.37,77.39,688.94
10.99,52.47,376.46
9.09,36.11,292.82
47.21,60.85,930.4
6.74,26.36,231.14
18.53,112.48,663.73
4.6,104.25,435.88
37.34,35.08,714.58
19.78,86.92,611.97
28.63,44.11,605.07
34.61,111.67,904.89
36.41,50.14,753.3
12.07,80.08,466.7
36.72,106.14,910.34
25.9,10.13,473.48
46.91,68.21,966.16
29.17,87.13,738.01
40.77,77.96,895.69
14.5,116.29,613.44
1.26,115.27,418.97
5.71,42.92,261.16
22.92,119.4,745.24
26.32,8.45,473.93
4.34,102.5,431.59
4.85,12.05,158.67
3.21,67.0,304.22
19.97,89.79,618.12
24.69,68.54,623.47
35.43,47.76,721.77
14.47,86.97,520.59
2.87,113.61,432.41
5.71,80.71,380.59
47.51,111.92,1096.63
29.82,100.63,792.31
23.69,59.38,586.87
13.94,79.3,497.46
48.17,57.12,932.69
32.82,59.05,712.22
42.19,34.53,793.98
49.96,119.5,1153.61
16.13,64.61,495.14
4.12,99.51,410.65
10.13,58.22,374.18
3.95,47.57,258.14
22.55,61.31,571.82
30.75,18.4,568.6
11.62,12.3,261.9
46.12,84.01,959.4
11.53,12.62,258.31
27.52,22.26,533.53
44.24,69.08,926.02
26.42,67.55,647.18
20.13,19.38,409.51
35.69,28.53,660.87
8.2,64.84,366.86
28.18,61.19,649.39
45.09,12.59,766.0
8.23,16.96,226.1
41.66,7.96,705.73
46.59,76.11,979.24
48.26,80.87,1015.5
20.43,42.43,481.39
49.94,22.02,862.26
28.82,100.98,783.56
11.57,69.84,432.18
10.69,15.41,254.04
20.93,81.27,610.4
23.5,63.07,607.83
43.92,8.57,742.24
26.34,30.64,536.53
12.17,78.3,469.58
25.63,99.64,736.12
13.07,70.71,460.12
44.43,36.02,827.2
16.51,97.19,587.1
48.27,108.08,1123.0
29.75,46.88,652.67
30.5,85.94,753.52
29.85,105.18,808.26
42.13,52.51,832.22
30.04,72.92,717.41
45.59,11.69,761.18
35.35,62.13,766.5
19.77,78.16,578.34
10.56,46.5,352.94
14.51,87.57,533.23
23.48,64.39,587.74
14.49,95.9,555.96
22.09,46.33,514.5
48.87,25.77,884.42
11.21,84.51,464.24
3.25,79.65,334.93
43.16,117.74,1073.25
10.32,92.92,479.96
16.02,103.22,606.22
26.5,87.34,712.57
11.26,76.94,442.93
46.22,54.16,912.02
35.42,14.95,621.41
27.75,16.69,518.75
39.02,47.85,773.3
49.79,114.53,1133.76
44.06,49.13,857.94
38.41,16.77,675.29
9.82,35.55,303.36
17.67,58.51,487.72
3.05,30.29,189.07
4.95,16.49,173.75
4.3,61.73,298.31
19.82,17.55,395.42
47.73,75.97,1001.79
22.61,114.07,740.12
17.14,113.65,641.92
34.0,100.62,879.56
46.35,75.74,975.41
25.96,105.84,757.82
27.17,101.07,749.68
10.06,41.52,327.02
13.82,51.32,414.44
8.46,70.26,389.31
33.25,67.13,751.54
16.64,32.28,394.14
22.5,87.09,638.22
8.65,45.06,315.93
2.18,106.35,404.3
36.12,113.46,928.99
29.12,92.9,769.39
27.27,59.55,631.44
11.81,84.14,484.99
5.09,12.74,164.66
5.55,41.5,258.44
30.58,68.5,723.74
29.74,6.61,520.85
48.63,82.68,1034.42
26.64,65.67,644.57
2.54,116.4,428.46
5.05,23.77,191.62
43.71,40.13,829.7
36.1,53.67,742.96
40.77,27.68,740.74
0.99,100.49,364.55
10.34,112.89,541.6
33.75,84.41,812.31
43.15,83.21,936.82
4.31,54.81,277.63
18.31,87.02,587.29
41.95,78.35,918.44
46.64,6.56,776.91
17.8,12.42,349.39
12.67,38.16,352.21
14.82,71.84,481.57
7.53,52.93,324.29
15.21,110.71,611.85
5.62,49.04,281.98
42.51,25.15,766.29
14.06,116.22,611.47
41.9,24.35,740.51
23.37,63.64,593.85
33.72,75.72,786.67
4.37,69.37,316.7
48.87,69.96,999.57
39.61,56.49,815.46
13.84,44.79,390.91
35.8,24.96,659.55
41.71,34.24,765.59
16.69,98.31,590.77
36.24,49.48,752.4
34.69,10.3,594.36
11.18,71.95,427.96
3.77,117.67,461.26
6.77,105.3,471.88
31.46,10.69,551.73
45.62,93.61,1039.13
16.76,21.76,363.39
3.35,67.19,300.34
15.46,48.13,421.69
8.92,95.07,472.67
24.62,85.93,680.97
7.16,72.86,375.29
30.84,30.38,606.23
15.28,114.62,623.93
43.8,73.84,926.56
1.34,92.22,351.62
6.85,76.15,379.19
18.96,6.54,362.59
46.34,111.11,1087.2
35.11,48.52,710.54
17.39,14.03,349.92
9.93,86.74,457.06
15.17,106.87,597.23
44.85,91.79,1002.89
0.57,38.63,169.88
14.22,66.5,462.71
16.84,69.07,508.85
18.99,25.03,408.34
28.49,23.34,548.81
40.13,59.28,820.83
4.6,45.39,257.4
21.62,92.07,653.09
46.12,44.04,872.02
11.92,92.96,504.22
39.62,54.4,779.91
25.23,94.09,721.72
47.95,13.05,817.73
12.02,78.05,463.21
30.56,22.16,569.23
18.76,66.56,528.63
3.61,63.56,291.69
41.88,72.1,895.11
27.05,99.53,760.26
48.05,108.0,1079.9
36.09,60.96,765.01
4.89,100.97,418.54
42.82,108.26,1021.41
45.96,82.71,986.41
6.65,60.94,332.6
36.34,10.72,613.83
7.61,53.01,329.64
18.12,99.03,620.57
40.11,16.15,703.4
38.57,28.1,711.1
34.51,93.87,857.13
25.78,53.52,603.43
48.82,86.0,1037.96
23.51,32.07,493.29
44.35,100.8,1017.85
38.95,18.91,672.22
11.86,81.18,477.36
45.51,70.92,939.81
22.98,57.62,566.93
19.21,30.55,436.78
25.82,43.52,567.59
6.98,82.37,401.87
7.04,31.37,252.5
35.62,20.63,642.94
15.26,25.52,355.5
21.99,80.59,630.92
24.03,92.89,681.47
7.25,78.6,395.58
10.29,62.72,393.94
13.96,44.42,392.46
16.71,42.28,423.27
29.12,59.3,667.45
16.89,64.95,498.52
37.24,94.24,895.0
48.98,90.37,1062.26
3.39,88.56,366.72
22.07,70.82,579.79
44.55,25.28,803.15
19.51,63.6,538.05
36.98,66.76,805.7
47.75,86.56,1022.57
44.68,29.31,785.73
32.19,21.55,600.88
22.2,84.94,631.05
27.13,89.56,726.18
33.38,95.51,847.05
30.16,89.99,767.43
23.07,27.32,478.84
48.74,47.83,925.59
4.79,85.18,378.95
27.99,67.79,678.5
7.41,29.51,248.86
26.67,62.66,630.52
14.56,27.24,344.27
5.13,73.62,351.13
39.61,11.48,671.42
34.93,106.39,887.99
9.44,111.67,522.06
48.78,94.45,1058.54
18.12,70.73,528.07
47.02,70.69,968.7
36.88,96.59,876.1
27.27,117.51,818.09
40.25,119.95,1023.67
16.24,55.05,464.49
9.51,48.16,336.46
10.74,35.4,319.26
25.41,59.65,614.95
22.81,18.76,444.4
34.23,6.48,572.91
2.89,19.16,152.43
37.55,33.36,712.63
8.23,116.42,513.45
19.32,56.29,509.19
40.0,53.47,804.23
8.71,7.92,206.27
5.5,114.94,475.49
43.76,9.77,734.92
4.46,114.64,457.05
1.64,113.34,417.29
32.88,19.68,614.72
37.62,35.11,723.95
22.02,57.41,555.35
11.16,72.18,432.9
8.77,107.0,500.15
35.21,91.47,849.05
43.73,79.79,948.43
10.36,112.55,532.25
14.57,78.75,500.39
22.81,24.9,464.12
19.92,70.2,561.98
2.81,85.69,344.87
16.5,51.44,440.49
4.61,76.45,345.74
9.38,9.14,219.6
23.76,84.46,663.27
18.71,49.9,484.78
45.42,36.72,834.81
31.14,90.58,774.66
7.32,51.01,308.28
22.84,89.03,653.5
28.1,63.03,672.77
27.99,86.59,730.75
25.38,84.62,689.51
37.5,31.51,711.14
6.29,110.37,470.48
33.97,104.82,869.42
49.29,67.43,991.2
27.29,70.24,677.1
43.77,32.69,798.22
5.34,117.27,487.76
46.32,63.32,937.89
49.48,58.58,943.49
7.8,81.44,405.95
9.82,110.81,530.84
2.47,76.67,315.35
7.31,110.86,498.33
13.41,25.76,320.98
38.56,65.51,831.59
15.58,49.63,429.11
27.08,104.56,776.77
43.93,107.79,1032.98
25.22,115.14,786.08
38.61,29.43,708.79
38.83,58.61,798.47
36.61,10.06,621.52
11.33,81.35,469.19
5.61,81.38,375.57
15.39,116.35,637.35
5.4,29.27,218.78
45.15,47.69,881.62
15.63,73.17,509.57
13.1,102.25,560.08
23.21,14.47,433.78
29.7,26.33,576.93
41.37,24.86,741.58
32.58,15.71,585.35
36.3,82.09,837.7
41.93,34.45,761.5
32.05,70.97,738.72
44.12,32.14,820.78
40.32,74.29,863.53
2.93,108.81,414.68
6.87,67.05,354.51
18.78,86.03,595.11
49.79,74.19,1008.37
13.54,96.36,544.85
37.63,32.42,719.22
9.34,88.37,455.29
17.71,12.58,351.27
37.36,19.64,658.36
42.95,42.12,817.52
46.42,69.83,946.07
17.83,54.42,482.29
29.74,44.42,634.14
15.38,15.23,325.14
39.37,17.09,689.3
38.41,55.61,793.83
28.12,78.93,711.94
24.94,70.66,641.21
46.13,84.15,999.21
45.92,67.57,934.71
43.24,79.03,924.62
14.3,71.4,483.19
17.32,78.41,545.11
39.72,112.08,993.5
26.45,79.54,684.97
12.46,99.78,534.58
3.4,87.24,362.11
39.47,81.55,891.95
22.53,61.8,574.72
12.62,119.98,603.57
9.69,28.21,277.96
42.83,73.32,906.06
8.99,73.2,398.14
8.22,41.71,298.63
17.7,111.43,652.77
18.81,88.39,590.04
23.93,69.05,609.58
21.77,100.74,684.1
43.41,36.53,792.69
37.57,72.98,819.74
13.86,112.13,597.81
2.51,67.65,287.88
26.87,108.89,784.08
40.61,106.3,995.79
9.69,104.39,501.9
8.02,18.88,225.8
36.96,116.94,965.81
17.42,113.86,658.43
27.99,94.01,746.31
12.42,95.01,518.5
31.28,49.28,669.08
43.74,43.4,842.27
31.1,20.84,588.33
12.3,79.37,470.8
29.45,119.45,851.78
4.85,7.66,145.09
28.12,57.2,629.32
32.57,94.32,820.53
7.75,79.94,403.39
33.76,98.73,853.37
43.13,26.61,774.71
29.02,58.09,656.86
15.43,102.71,582.51
36.8,5.76,616.31
46.16,9.41,771.08
9.59,28.3,278.34
8.78,20.9,247.82
19.12,70.3,551.15
2.47,79.63,328.14
1.3,70.57,281.94
19.48,101.74,645.9
45.78,51.0,895.82
12.65,15.24,285.9
26.13,68.36,650.01
21.37,69.07,577.38
3.42,10.04,132.46
41.21,69.85,879.07
25.32,92.92,708.35
38.82,60.36,805.81
15.41,58.61,452.33
37.88,27.95,698.92
41.65,79.27,909.79
19.76,19.92,407.23
0.52,91.94,333.72
5.9,110.26,469.75
32.97,103.35,853.84
4.25,14.11,159.34
48.69,17.87,825.77
48.56,63.42,977.36
15.65,40.65,405.54
17.82,26.55,396.8
49.24,42.59,919.3
5.56,6.27,151.24
38.94,9.94,674.65
34.26,8.02,584.5
1.88,46.73,215.64
37.25,42.32,735.38
48.79,94.64,1066.97
42.22,50.21,832.61
6.83,65.26,351.06
18.45,19.68,388.6
49.92,7.81,839.64
25.4,63.5,623.42
24.0,72.55,643.04
4.35,50.21,262.62
47.64,67.33,965.67
3.84,7.21,129.62
45.23,38.64,848.28
8.71,55.34,345.71
47.49,78.11,1006.36
49.66,83.01,1031.56
36.32,25.92,676.45
23.59,70.49,620.51
31.37,14.31,563.98
28.09,67.21,675.51
48.95,109.56,1104.55
7.56,119.9,526.9
20.45,90.45,629.69
46.35,115.82,1089.21
20.22,37.75,465.81
41.18,102.03,987.79
48.15,43.67,906.25
24.58,114.27,748.21
16.88,88.46,578.13
19.11,98.49,626.81
47.1,111.53,1098.01
15.71,110.21,624.48
2.86,34.31,194.85
28.4,22.7,542.49
33.19,83.65,809.03
49.73,97.72,1097.53
23.24,38.4,516.55
39.28,17.82,689.61
47.19,66.03,948.59
34.74,44.7,687.33
2.55,81.54,337.3
38.51,8.77,644.61
32.52,100.15,845.53
34.89,100.4,878.77
42.62,96.19,966.99
24.27,70.97,622.09
1.99,109.39,403.67
10.88,40.64,333.78
18.36,110.07,647.49
19.65,25.45,418.25
24.55,111.83,757.33
48.91,49.12,933.83
9.46,80.05,437.1
38.49,28.25,721.83
1.15,62.57,259.94
27.12,8.64,480.58
10.12,54.39,362.86
42.84,101.25,1005.26
31.43,102.24,819.25
1.08,73.56,288.43
10.67,75.19,433.82
21.34,91.13,641.47
12.17,101.46,535.34
13.34,46.01,389.98
35.74,19.12,643.99
30.1,98.64,808.99
5.48,104.58,446.63
38.55,19.75,690.03
26.12,33.61,545.94
19.35,87.0,604.92
26.28,63.98,641.87
8.74,76.57,418.03
21.75,56.81,550.19
36.06,101.24,901.43
10.34,62.43,385.71
22.91,59.23,569.26
49.62,68.59,997.43
30.32,36.86,616.46
13.54,119.42,616.06
23.32,48.84,544.21
7.48,81.24,415.13
41.76,96.49,972.2
5.5,10.46,162.14
48.67,81.57,1025.5
43.85,8.12,717.38
12.55,14.83,276.67
14.29,83.44,514.66
22.43,35.28,489.66
15.22,30.03,366.84
38.88,86.0,910.36
27.83,116.61,825.09
24.11,30.55,501.92
32.05,61.86,723.04
3.8,42.15,232.44
36.67,25.7,661.78
16.78,52.72,459.56
27.22,40.27,588.91
16.9,104.97,610.16
40.25,21.34,715.47
6.24,117.35,497.38
27.73,104.9,781.34
42.19,49.17,838.09
30.3,81.51,752.2
48.95,6.4,811.22
41.82,39.35,793.51
39.92,50.93,799.07
33.34,80.67,795.53
25.62,54.89,586.3
12.74,58.02,416.0
24.87,96.79,710.5
11.38,50.99,373.85
45.68,50.71,894.75
46.48,61.73,932.82
33.56,85.99,799.93
25.96,63.01,627.81
3.34,48.95,246.8
14.32,107.94,597.19
8.03,108.48,496.16
17.8,117.46,673.28
2.17,5.94,100.82
9.76,85.51,458.73
40.07,100.01,955.69
49.72,79.07,1008.59
48.36,79.78,1015.82
35.62,89.31,860.65
11.92,64.97,419.61
7.25,65.63,354.7
22.67,75.83,622.52
49.95,111.07,1135.34
37.44,17.24,663.01
49.24,85.77,1049.09
25.68,26.67,515.68
14.56,72.05,480.99
45.92,51.77,885.93
39.56,57.61,818.84
1.32,13.24,109.6
14.2,63.06,451.7
21.48,79.81,614.14
49.09,35.56,904.45
10.48,28.76,295.28
30.8,94.54,803.45
22.73,60.46,570.25
17.96,31.53,417.36
21.44,37.2,478.24
25.6,8.89,472.43
46.94,84.32,1010.32
23.09,68.75,610.06
19.87,35.92,459.69
15.2,47.51,418.31
38.03,73.68,830.26
37.55,114.45,949.14
16.38,82.66,537.31
20.65,37.23,474.94
15.58,86.21,543.61
20.95,107.31,673.43
40.01,64.62,855.6
33.65,85.25,831.15
45.72,17.4,779.19
12.24,112.64,583.55
27.94,108.44,792.57
5.02,10.91,159.5
30.26,85.55,759.81
44.5,21.72,773.73
39.41,93.27,925.06
4.42,113.53,452.57
12.24,109.19,559.72
24.71,82.63,662.4
32.65,119.86,898.3
26.12,30.47,528.28
47.25,114.53,1093.19
14.64,5.8,288.94
41.04,53.04,809.76
24.46,19.55,484.72
7.34,41.47,287.98
14.61,106.66,599.22
20.85,50.04,515.92
15.93,33.75,389.92
17.51,46.3,453.83
18.47,25.49,405.98
1.21,89.0,331.51
9.04,95.54,468.03
38.16,57.53,791.96
9.14,75.15,419.29
14.25,5.41,283.76
37.82,6.56,630.03
11.96,47.1,366.51
38.48,94.17,912.05
6.79,96.64,440.36
16.46,11.79,332.86
22.26,19.85,445.42
3.33,89.05,360.18
7.55,42.25,289.58
40.75,88.27,928.98
35.13,45.88,706.23
31.58,93.35,796.29
29.23,68.03,697.3
30.6,56.34,665.16
42.48,34.74,802.9
5.15,26.89,205.6
13.34,35.58,360.71
3.95,114.5,458.47
36.49,48.3,732.19
43.77,87.03,962.82
49.51,34.93,885.34
46.66,94.32,1031.35
17.15,12.89,344.05
6.23,83.74,396.46
39.14,74.31,870.39
35.86,88.24,847.61
39.61,62.54,839.82
48.11,23.93,857.38
45.06,92.38,1011.97
5.23,75.95,352.9
33.05,15.51,596.12
7.5,46.61,300.25
11.54,29.41,318.3
29.86,17.37,548.59
22.14,67.29,573.99
19.07,20.21,399.71
30.1,12.93,536.79
11.21,51.01,375.59
29.41,108.43,821.41
40.35,59.8,828.44
17.72,7.45,339.85
37.23,112.11,930.64
13.63,5.0,266.87
15.7,6.92,311.91
18.23,51.33,480.36
16.19,35.64,402.41
28.3,89.61,729.41
7.11,115.27,508.51
3.55,46.52,243.0
36.56,16.17,648.67
24.69,50.57,565.14
8.67,6.32,201.84
17.31,5.01,323.52
25.66,56.62,603.16
26.67,44.4,578.06
18.41,108.45,644.62
25.13,73.99,634.01
19.1,112.08,671.93
48.03,32.69,866.83
42.92,85.8,956.31
21.12,117.55,726.71
0.86,68.17,269.64
46.85,116.04,1080.35
16.13,112.83,630.35
7.05,116.71,507.5
44.89,80.65,964.65
8.14,26.81,251.96
34.49,49.98,714.24
8.41,55.43,335.36
46.84,96.53,1041.34
43.02,33.89,792.63
42.03,72.95,915.03
6.91,103.98,466.56
47.47,42.79,882.62
17.23,14.02,347.62
39.69,42.08,776.13
24.88,48.23,564.89
33.55,104.1,864.2
9.46,56.97,361.35
44.14,108.01,1033.53
27.28,34.01,550.27
8.8,59.64,364.05
42.42,81.33,928.37
14.55,47.78,409.28
49.2,68.37,985.31
40.98,36.53,787.5
3.0,108.35,413.54
42.39,117.83,1029.63
34.17,20.12,621.15
15.84,29.76,382.16
16.91,90.5,582.62
39.23,84.01,881.01
16.71,68.91,497.16
15.42,53.03,440.52
36.28,75.07,835.35
49.08,36.02,898.95
38.78,9.36,649.13
48.3,45.63,916.13
29.79,14.9,546.89
44.82,48.42,867.19
48.37,76.58,1005.83
41.9,62.83,852.55
37.24,108.83,943.43
35.99,59.13,767.22
22.25,81.44,636.0
11.87,59.69,402.74
2.94,51.96,251.5
46.45,119.52,1132.27
17.66,37.43,426.07
46.51,87.73,1003.59
36.08,50.76,737.6
25.0,98.09,721.66
41.58,35.47,781.2
27.89,35.43,580.99
19.56,60.1,519.28
33.7,52.56,699.42
22.97,95.7,676.06
29.93,12.69,533.68
4.06,84.32,361.43
35.12,65.83,780.45
12.04,57.12,403.15
20.79,99.56,654.16
9.99,8.63,222.41
44.61,97.77,1005.87
7.22,74.08,383.64
23.9,33.2,505.45
41.2,112.82,1010.57
37.26,82.32,847.03
11.46,45.12,355.6
23.12,109.52,731.56
12.45,98.55,531.66
32.03,27.64,605.94
47.28,90.5,1022.67
4.73,87.98,388.06
23.05,29.95,482.39
42.07,115.47,1000.86
32.6,33.06,636.14
46.86,78.83,997.71
40.12,90.93,931.01
14.48,81.13,514.4
37.34,69.34,819.7
46.18,104.14,1059.68
23.47,36.6,510.77
8.88,83.74,439.45
41.36,117.99,1041.71
7.05,100.06,454.5
17.61,76.68,553.83
36.28,62.06,787.08
6.84,27.24,232.07
30.18,56.88,681.62
39.86,71.91,867.35
43.31,42.62,845.52
22.53,110.78,723.07
49.1,5.63,799.49
10.85,66.67,408.57
13.42,23.64,324.14
9.49,62.25,376.21
44.79,67.33,920.81
35.27,65.37,764.86
38.43,16.01,667.99
46.88,30.29,840.25
40.02,27.04,726.05
16.55,64.89,490.94
48.54,41.49,909.21
16.67,41.71,419.67
48.03,29.97,872.55
35.04,51.54,739.82
26.26,92.48,736.5
47.43,51.97,929.3
15.76,17.25,337.7
15.98,64.66,479.38
3.26,83.45,351.86
7.94,100.17,467.54
27.97,20.0,529.75
28.69,67.71,690.02
42.63,97.59,984.72
48.56,82.54,1017.48
42.97,29.54,792.66
5.08,49.21,277.09
20.14,90.98,617.3
17.47,9.42,341.06
17.45,8.78,337.87
18.57,117.6,685.18
42.91,84.85,935.95
24.87,32.0,515.44
9.26,41.82,314.34
40.39,114.0,987.79
21.29,115.65,714.26
21.32,115.38,716.9
12.7,15.27,288.5
41.26,60.97,838.51
31.57,107.26,850.06
3.38,81.76,353.8
27.54,100.49,750.77
9.3,83.99,442.4
22.88,80.38,631.1
31.64,111.91,868.52
10.94,103.6,522.36
21.75,74.18,592.18
9.24,61.18,371.52
11.48,10.42,254.61
35.44,62.91,773.65
12.72,101.35,544.99
9.07,57.58,362.19
36.29,76.95,828.64
1.36,69.38,279.45
16.67,16.9,350.43
7.66,84.43,410.9
19.3,115.35,675.43
7.65,101.98,472.61
13.58,76.39,487.28
3.93,112.28,441.86
39.07,40.98,762.13
2.49,31.61,184.57
47.78,48.33,923.51
39.14,60.6,819.03
23.66,49.13,561.55
2.25,102.02,388.48
27.65,27.75,560.48
47.61,35.97,875.98
14.45,52.93,430.29
35.5,83.57,831.8
28.18,55.55,639.26
15.99,87.65,558.4
9.16,21.16,245.3
23.71,21.78,471.28
27.83,84.76,727.5
25.79,77.58,664.27
3.7,57.44,275.85
21.87,108.95,707.17
12.73,97.65,528.73
8.1,13.45,214.32
10.68,37.82,321.68
32.6,45.71,685.08
12.55,56.38,410.75
13.3,88.32,510.46
37.6,95.85,901.71
14.43,77.13,497.09
43.55,115.22,1053.6
24.69,32.23,517.07
45.12,80.43,956.37
38.69,55.82,804.39
15.69,69.12,490.21
28.64,88.68,748.26
33.77,36.94,662.31
38.71,105.3,952.99
38.13,13.84,660.03
34.41,23.29,634.53
36.55,112.94,935.36
14.83,63.06,460.53
15.88,29.89,377.86
0.85,20.82,127.47
49.94,86.37,1064.39
4.97,56.03,292.42
15.96,11.33,330.19
20.56,44.02,489.41
48.33,101.17,1080.99
13.32,9.0,282.76
15.65,6.55,303.02
47.74,44.14,896.75
32.18,72.8,754.68
40.73,109.67,966.61
40.22,20.37,705.48
13.36,18.66,307.61
34.55,36.47,665.15
35.18,52.94,738.36
43.45,102.59,1026.29
21.6,97.74,657.21
6.27,10.44,176.16
12.8,14.55,284.73
8.32,88.85,435.66
1.16,111.56,398.64
0.94,110.57,394.82
23.25,105.17,706.96
32.75,89.72,811.36
26.52,37.19,566.34
20.18,50.98,506.32
14.77,46.76,406.86
4.3,41.75,236.35
47.15,48.6,891.53
17.64,70.86,535.73
6.07,88.96,408.61
14.71,16.19,320.43
33.52,15.18,597.25
13.67,57.81,429.88
47.24,49.85,916.98
48.87,33.13,866.65
43.46,62.02,882.97
22.81,49.73,548.0
25.89,23.48,506.82
16.85,101.41,613.96
11.19,88.66,487.88
26.07,71.68,643.81
29.36,84.11,736.82
38.05,29.04,685.24
39.06,5.97,643.2
31.81,61.22,724.64
39.6,27.77,731.28
12.17,113.66,564.29
43.07,92.43,980.53
36.86,8.86,637.47
29.25,35.18,587.03
28.82,21.38,540.85
16.52,108.3,622.46
6.38,91.55,413.73
4.49,24.32,188.26
20.66,20.59,410.99
9.75,81.71,439.85
18.24,97.13,624.18
34.83,56.56,743.35
49.04,23.36,852.76
47.5,116.63,1111.25
22.04,29.67,465.34
22.32,101.2,686.71
11.46,65.04,419.56
15.11,66.63,482.39
32.81,66.39,745.15
33.86,30.77,651.45
42.38,29.98,779.96
34.26,7.76,586.63
34.14,117.1,922.58
43.8,75.18,926.2
34.26,44.08,692.79
21.53,82.73,622.74
42.94,101.86,1013.32
27.87,14.55,506.67
39.09,13.49,686.97
23.05,52.94,555.81
26.7,60.0,622.09
16.86,110.54,637.74
14.48,115.31,615.72
16.64,16.87,349.26
39.83,6.29,663.7
42.79,39.82,809.7
35.44,21.82,653.1
27.39,42.79,594.3
45.28,77.95,951.93
44.26,48.19,852.47
47.57,86.69,1026.56
26.79,104.7,762.5
28.67,69.35,700.19
33.26,92.72,838.26
14.38,48.65,409.24
18.96,14.35,371.69
19.49,56.31,511.42
23.82,55.39,570.12
29.83,57.16,676.92
23.45,113.32,735.65
19.33,20.12,398.77
41.1,31.93,751.99
3.26,42.05,225.68
49.62,117.09,1119.01
48.78,54.8,941.14
1.33,114.98,416.85
43.36,21.84,772.55
11.84,14.42,270.26
46.49,60.46,933.88
36.28,91.54,865.11
45.1,95.2,993.25
28.53,52.11,637.2
46.28,90.46,1030.27
7.69,95.62,446.92
24.67,78.0,645.67
1.1,114.94,406.45
32.96,83.33,808.55
1.47,16.91,120.23
23.82,29.36,501.91
46.88,45.28,890.53
29.29,71.92,701.35
4.1,93.63,393.79
31.29,82.62,766.21
29.4,57.0,655.64
31.08,119.53,870.83
20.83,33.28,467.74
4.15,97.98,406.31
5.19,74.97,355.24
15.62,11.56,312.86
39.77,18.97,692.78
31.71,54.05,693.97
43.84,88.62,966.91
48.77,14.51,821.1
18.22,77.75,556.51
33.02,7.79,568.76
35.89,110.34,923.63
25.27,73.89,647.07
35.43,86.06,817.47
14.92,23.74,339.62
42.69,100.03,982.61
45.98,26.96,803.91
30.29,84.03,761.45
13.52,73.9,476.81
46.86,108.51,1061.58
26.66,45.86,591.18
34.27,71.83,777.1
47.58,95.93,1040.03
21.11,104.39,668.25
40.93,89.18,902.53
1.1,50.06,216.72
22.45,33.8,487.26
49.35,19.91,848.92
48.64,6.39,806.76
15.31,21.25,345.02
13.86,50.3,406.06
30.36,95.21,797.6
27.02,86.39,710.66
34.83,107.84,897.53
33.84,18.97,615.43
8.21,99.63,470.5
8.4,105.9,494.14
28.41,18.06,535.62
16.77,92.64,572.08
45.49,59.55,908.48
34.14,23.61,636.41
13.07,99.21,544.4
8.24,7.81,197.54
4.62,42.68,246.58
49.33,68.38,993.97
3.02,82.71,342.07
40.09,106.91,977.89
7.29,52.59,316.56
27.72,61.08,649.76
24.53,107.71,745.0
37.0,60.0,785.77
6.75,72.57,369.88
15.39,119.78,640.87
3.57,29.65,192.37
49.34,118.72,1150.62
15.25,59.48,459.7
7.38,23.96,231.43
40.38,94.65,933.83
35.89,50.69,745.0
32.87,28.31,629.05
38.04,55.32,792.59
42.66,49.32,819.5
28.26,99.75,771.89
26.07,65.03,627.36
35.05,100.91,905.89
31.27,41.88,652.03
35.98,116.34,934.81
19.36,78.31,575.58
15.14,18.49,337.42
11.49,11.35,254.93
2.15,47.91,225.19
24.27,72.56,630.33
30.45,29.42,589.69
10.91,8.7,243.47
25.79,112.72,790.41
24.31,97.46,716.35
41.21,9.78,693.11
6.45,106.71,474.67
30.91,72.46,730.1
6.34,7.73,168.67
31.69,89.68,794.77
3.35,109.12,433.29
43.55,81.38,955.28
7.04,70.46,368.63
18.58,16.85,377.5
23.76,61.2,594.19
13.59,111.5,585.0
17.7,100.67,609.72
25.8,48.71,588.1
45.62,113.62,1077.42
24.38,75.34,645.87
42.31,91.41,959.77
20.3,36.85,461.21
18.31,44.87,459.51
48.98,37.22,884.63
10.81,80.74,458.13
31.26,111.08,843.94
12.41,103.6,544.28
15.04,32.73,380.31
22.35,44.4,510.79
11.86,96.81,526.95
22.39,64.41,572.69
17.46,30.23,405.52
32.53,103.53,838.06
37.94,119.73,974.71
10.46,31.53,299.69
37.57,43.1,751.96
37.39,87.76,878.73
4.05,82.47,360.06
22.05,91.06,653.23
10.6,74.93,436.69
7.14,24.78,234.46
24.69,88.81,690.03
28.91,119.8,842.61
28.79,63.86,672.88
5.13,68.03,332.12
32.78,12.65,575.76
23.6,86.78,666.34
19.5,66.42,541.65
15.31,11.33,314.43
26.39,98.26,746.33
7.78,104.93,488.89
31.22,99.65,823.85
39.74,70.76,862.19
25.42,15.84,481.35
43.43,48.17,850.55
4.71,36.31,231.04
41.46,71.99,879.81
21.93,77.23,607.76
17.94,74.15,538.32
4.93,25.67,202.59
12.24,19.9,288.33
19.49,46.42,477.18
12.81,78.68,479.57
9.9,14.91,242.95
15.73,42.06,414.53
9.69,111.1,532.13
18.03,118.54,684.12
15.44,56.64,450.76
10.03,62.16,384.71
34.72,46.13,706.8
26.82,68.72,667.81
36.02,92.33,871.41
40.69,50.44,807.07
21.1,108.77,700.98
33.93,33.71,653.96
13.4,11.46,286.64
34.18,114.04,907.18
0.64,110.38,389.74
35.35,25.13,668.76
13.77,102.88,570.91
25.88,69.91,650.0
29.7,19.48,558.35
27.31,110.1,777.83
41.53,54.95,844.16
4.42,60.57,298.59
33.39,101.45,856.24
37.61,25.95,698.34
7.13,70.32,365.01
31.72,84.06,774.61
6.64,24.69,222.55
41.73,18.08,728.68
38.3,115.08,969.33
15.32,40.06,395.8
30.3,68.28,710.83
20.26,85.6,618.03
36.49,71.74,813.81
16.2,8.31,322.02
44.62,102.86,1021.65
18.79,8.44,357.8
24.24,94.52,700.1
4.93,15.0,168.33
2.93,87.83,358.07
37.2,52.47,756.86
18.77,56.31,490.03
9.68,72.16,420.27
9.54,15.22,239.27
40.4,108.97,979.86
36.4,65.31,782.35
28.56,44.34,606.28
35.88,49.94,746.46
10.15,82.96,446.87
17.03,49.96,454.33
19.66,70.75,566.16
31.34,65.29,712.93
38.22,112.13,966.25
21.82,70.2,584.09
41.17,68.91,870.18
23.92,23.66,474.78
22.71,56.37,556.14
8.42,100.57,475.87
39.87,7.27,665.24
35.19,66.91,788.36
12.67,62.18,423.62
44.11,98.78,995.97
22.18,24.28,457.54
24.99,66.44,617.98
4.25,48.63,256.03
37.9,20.4,674.4
39.52,14.96,688.31
29.1,116.27,825.17
30.5,69.85,721.73
21.47,13.97,416.82
24.31,51.11,570.84
7.49,25.48,242.62
7.85,43.56,295.55
22.72,100.41,685.94
16.01,38.79,398.64
30.71,12.78,547.01
11.79,91.36,499.78
12.27,45.63,374.83
41.29,76.26,907.85
21.16,21.44,428.67
8.37,118.11,530.02
39.73,45.94,783.62
18.12,78.69,552.52
47.9,50.12,916.66
13.67,14.81,292.43
46.95,7.8,787.08
47.73,106.73,1066.68
20.04,40.48,463.59
35.72,86.85,841.73
8.69,100.8,475.42
13.58,80.64,494.07
35.35,78.17,820.52
23.6,96.88,701.21
32.02,30.24,627.22
46.09,45.7,882.71
16.1,108.8,624.43
5.19,73.7,353.45
29.37,26.43,574.99
30.69,87.75,777.11
4.08,71.88,328.97
34.51,116.78,914.32
40.4,73.43,870.31
15.89,83.73,534.92
5.65,72.93,351.5
13.97,80.37,504.63
23.97,24.5,485.77
9.4,45.54,329.79
46.94,33.39,856.64
7.89,103.58,475.48
6.09,48.33,291.27
1.01,106.37,384.88
27.21,20.72,528.59
45.52,32.98,824.12
0.73,94.47,345.83
44.06,80.29,955.94
49.12,117.31,1149.14
42.6,79.91,935.72
47.77,119.35,1129.99
5.54,5.96,151.86
28.72,11.89,518.25
40.07,26.43,713.55
24.95,22.85,491.25
33.81,51.99,704.88
31.21,80.89,757.66
4.48,99.69,420.96
6.5,53.29,302.37
43.01,87.97,970.97
41.61,109.49,1003.17
10.45,31.33,300.76
32.61,109.22,870.66
27.41,22.18,529.56
24.02,119.35,750.0
11.96,92.67,506.96
5.32,70.27,339.57
14.61,76.69,501.42
42.33,55.63,873.89
37.79,54.12,777.76
8.39,65.9,373.92
22.94,115.4,739.09
28.0,67.14,657.99
48.0,118.48,1096.74
36.27,64.65,788.99
36.92,49.07,744.76
33.01,99.31,842.51
9.3,114.41,532.99
4.39,96.48,406.52
23.61,104.51,720.22
2.23,73.1,306.63
38.22,80.31,874.64
26.7,93.0,734.59
11.49,51.8,374.03
38.44,72.36,847.61
36.69,104.0,907.23
24.52,75.33,651.41
12.24,29.42,327.16
47.79,70.3,985.16
29.79,52.65,659.41
9.92,49.21,349.37
7.2,17.55,211.07
44.82,70.96,940.1
13.23,34.97,350.56
10.65,21.16,270.22
45.01,71.03,941.71
12.73,83.56,484.6
44.34,23.85,770.14
41.35,10.55,707.68
34.93,79.17,813.66
22.53,34.25,497.94
43.99,107.77,1042.56
2.49,101.9,393.03
40.38,99.41,962.45
41.75,93.4,974.93
46.88,99.38,1041.78
8.37,103.56,484.09
37.01,118.35,949.09
24.25,8.64,444.07
32.24,31.79,627.58
24.37,55.12,584.39
23.84,109.95,753.25
36.41,95.5,885.4
7.85,10.47,197.8
36.76,103.41,909.09
29.76,44.36,630.45
43.84,22.84,761.28
39.99,30.94,738.05
7.96,13.99,210.2
44.5,17.47,775.61
4.77,26.76,200.44
11.88,79.77,471.26
25.72,119.57,803.54
35.27,36.62,689.76
41.49,5.79,697.58
38.12,74.35,852.27
7.57,99.0,464.99
1.6,57.42,247.58
37.22,110.26,924.72
4.59,71.9,330.24
4.56,31.24,210.51
23.37,5.64,413.72
28.97,48.39,630.95
38.82,55.43,797.3
27.38,89.19,731.27
11.32,6.9,238.83
8.4,73.15,399.24
18.96,35.53,447.72
42.16,60.67,865.69
25.55,87.58,700.73
23.78,103.98,723.65
18.22,74.9,550.06
37.63,52.24,764.16
25.87,6.85,457.53
11.32,118.74,576.75
23.24,105.89,723.47
30.69,26.97,594.67
25.95,101.7,746.3
33.74,77.37,792.31
28.57,107.36,806.74
20.81,58.12,541.56
22.05,119.83,727.49
15.32,6.8,299.56
7.04,72.7,375.07
41.35,33.84,772.76
26.88,27.57,544.26
38.14,93.78,901.63
10.76,53.66,370.12
17.07,74.92,532.46
25.93,13.39,475.12
46.72,36.63,873.1
49.04,105.93,1094.17
33.61,22.71,626.76
30.29,85.21,761.44
36.18,21.54,652.17
45.04,69.74,934.42
47.22,70.42,974.74
11.38,55.76,391.84
26.45,98.57,741.44
41.12,63.36,851.31
7.75,83.55,415.09
47.15,14.5,815.11
40.54,57.55,828.13
0.73,20.1,121.33
36.0,90.62,854.73
16.77,30.81,390.08
43.62,103.68,977.76
8.75,12.99,224.87
46.82,106.41,1056.43
40.71,114.15,994.8
44.42,85.5,977.62
38.54,68.31,828.21
10.09,51.23,361.28
43.13,31.35,801.01
16.77,35.46,410.72
34.69,15.18,622.2
30.38,48.15,651.15
38.66,47.01,768.36
43.5,78.88,937.25
23.93,79.08,645.11
45.28,98.18,1014.58
20.45,15.97,408.71
12.19,112.02,565.68
18.53,103.07,644.22
39.92,41.27,753.55
1.04,25.01,141.28
46.38,115.32,1090.29
44.22,92.44,990.26
48.39,17.78,826.72
36.62,90.38,879.56
32.96,65.16,755.51
29.93,73.1,721.77
14.13,10.62,296.75
20.48,80.23,597.73
48.19,90.57,1047.56
32.98,92.31,829.3
1.64,108.7,402.77
12.5,67.84,439.16
49.36,26.88,878.8
10.94,63.26,401.9
35.68,114.89,948.66
47.18,91.04,1015.71
23.36,103.69,695.41
40.91,86.16,910.17
26.54,44.03,585.41
29.08,110.22,806.29
48.99,24.57,858.54
29.04,88.54,746.75
31.65,118.38,879.71
34.27,75.37,776.23
14.74,88.86,543.83
14.97,109.96,599.09
2.44,100.6,387.88
26.11,27.47,521.66
13.27,14.26,291.05
21.08,59.68,555.91
15.41,105.2,607.06
16.23,71.92,513.92
49.89,24.62,867.63
47.77,13.18,795.39
10.12,99.24,505.32
5.34,60.06,311.9
17.81,65.49,516.06
7.82,71.09,383.98
23.54,78.07,636.89
18.72,37.41,443.08
26.64,50.42,594.33
28.14,72.56,687.31
43.09,60.59,873.08
17.67,13.2,362.6
28.5,95.45,764.9
14.36,10.91,293.78
9.54,79.65,433.91
26.93,103.36,762.01
15.82,117.36,649.08
33.91,118.78,901.58
33.78,109.19,888.24
31.96,58.61,710.33
16.01,55.02,451.0
33.68,60.99,727.71
41.06,22.43,735.46
9.07,11.74,222.09
3.98,25.39,186.2
18.96,37.53,445.17
29.35,68.46,696.43
2.55,48.2,233.2
13.33,5.98,268.64
21.43,73.9,597.35
36.0,44.93,733.15
6.41,20.6,205.86
45.44,48.33,863.58
22.09,54.44,550.52
43.7,90.05,974.15
20.36,33.87,456.83
42.9,45.08,821.33
25.92,42.74,561.09
34.83,10.67,602.75
48.72,49.17,934.03
45.18,106.64,1031.17
46.3,15.83,789.23
20.72,44.0,488.92
20.71,104.8,678.52
34.85,25.05,650.7
46.86,29.06,830.81
4.94,27.55,208.25
11.99,48.76,376.66
40.04,92.91,922.77
41.95,117.64,1001.34
32.28,33.25,655.78
38.74,19.57,685.5
31.88,41.15,661.25
6.42,112.88,475.66
31.41,34.66,625.73
2.5,96.27,377.6
8.52,22.92,247.85
7.91,57.86,351.05
11.72,9.57,252.48
5.49,12.98,170.6
37.65,17.32,668.85
25.04,38.1,534.83
29.64,70.73,709.63
20.45,60.49,539.98
30.44,18.74,560.72
45.92,76.6,963.69
10.6,30.91,299.91
10.88,90.79,478.62
46.63,6.34,772.24
34.44,67.49,788.16
24.59,113.85,771.95
31.13,57.83,693.14
2.61,109.66,424.2
40.97,112.35,1001.09
4.18,76.51,343.98
31.5,66.02,716.77
28.34,41.13,597.23
5.43,26.88,213.36
38.5,13.72,672.44
5.97,31.83,235.49
1.86,61.05,262.41
41.89,12.31,703.93
10.41,65.77,407.38
39.9,94.53,927.57
17.74,99.81,609.12
25.07,48.15,571.31
16.53,118.3,653.57
27.02,12.12,495.12
41.41,86.56,910.96
10.38,53.72,370.16
22.55,21.26,457.86
15.82,27.89,370.8
30.23,113.26,851.06
22.82,72.1,605.14
2.27,17.02,135.25
12.04,16.22,281.68
21.07,81.38,604.8
38.34,42.73,762.44
17.19,88.19,570.57
48.57,40.83,883.85
25.12,30.05,522.07
21.7,79.13,604.96
16.89,40.92,422.05
8.44,109.23,496.53
29.21,38.73,610.21
3.51,22.22,166.52
24.44,109.65,746.69
2.53,98.76,379.57
11.99,118.95,586.43
17.71,12.45,348.45
44.97,45.78,864.99
31.11,102.92,822.75
32.33,19.28,588.23
19.45,114.3,684.56
2.95,78.59,325.45
29.86,101.07,798.67
43.03,117.7,1052.67
44.29,104.32,1046.61
39.52,25.5,725.57
48.89,39.28,927.33
41.91,58.56,861.82
21.02,45.69,492.91
9.86,62.87,380.39
17.31,51.69,466.88
22.09,109.24,700.38
21.6,95.66,666.71
43.06,104.37,1011.09
48.92,17.46,841.27
46.56,86.42,1017.22
3.42,29.94,192.19
43.62,81.33,933.0
9.65,60.31,377.56
30.2,45.87,631.62
8.75,87.51,445.66
19.99,5.89,366.79
27.23,63.71,643.82
34.07,39.37,676.77
2.73,110.19,420.55
7.71,32.77,263.37
12.01,20.96,295.33
2.47,19.25,146.15
39.79,66.18,850.7
37.24,88.56,868.78
4.69,91.64,389.94
23.35,39.33,515.8
43.65,64.36,893.09
16.13,83.76,544.6
14.38,71.11,474.46
11.35,31.34,311.56
37.49,9.05,641.67
16.46,48.61,441.81
39.56,86.06,901.49
8.71,33.72,273.92
39.23,49.69,792.81
18.97,101.6,644.42
31.03,8.35,537.42
0.96,85.31,318.44
36.08,98.91,869.46
33.58,91.56,826.81
38.96,64.77,825.34
25.2,42.63,554.57
46.52,117.91,1122.13
9.44,105.31,507.46
7.88,90.21,446.64
38.51,81.1,880.42
3.11,60.21,278.31
8.03,24.55,247.02
15.99,63.78,476.2
30.74,99.36,804.54
30.86,22.11,579.82
48.94,26.76,859.95
30.62,59.26,674.85
12.59,90.13,506.41
10.57,46.76,349.71
34.03,47.22,704.68
33.21,23.38,610.36
8.7,89.68,452.03
40.92,102.18,968.12
36.48,43.78,734.57
10.86,114.03,558.01
17.14,111.61,633.75
40.85,34.94,775.6
2.49,40.66,204.45
33.13,12.63,590.93
12.09,31.2,320.74
10.46,97.21,502.34
41.19,20.0,734.53
33.99,61.15,736.19
25.62,52.11,581.74
7.93,70.94,378.87
46.95,101.31,1068.65
19.49,108.44,664.64
41.97,99.72,973.86
37.49,95.8,892.71
44.76,20.1,782.6
8.99,96.16,473.27
13.73,44.07,385.61
19.72,25.0,418.18
20.74,13.66,405.64
5.33,73.56,349.29
30.15,103.14,789.7
12.19,9.98,270.16
2.67,20.15,150.3
43.88,6.53,732.5
47.75,31.21,868.13
11.28,66.47,427.54
34.48,11.4,600.13
29.91,83.71,756.52
23.2,94.08,678.78
5.31,113.36,463.28
5.8,62.15,323.23
9.98,32.34,300.45
40.05,91.82,922.22
40.58,7.7,688.03
19.54,64.25,539.39
41.05,111.31,981.78
10.08,31.16,292.16
16.23,8.18,318.49
5.76,99.85,436.57
31.14,38.49,634.54
42.76,62.96,877.75
47.62,71.91,966.81
8.37,30.73,267.43
45.46,32.0,829.62
26.03,49.49,590.86
10.65,79.12,449.86
5.66,95.71,426.45
5.84,62.32,323.21
44.93,110.24,1057.96
31.55,88.06,772.63
39.03,23.45,698.83
28.48,62.65,669.5
32.42,112.29,877.18
21.98,101.94,677.85
48.89,12.32,824.02
28.18,105.0,785.04
25.3,22.87,510.98
21.97,112.61,718.05
32.62,111.46,871.18
6.16,85.39,400.5
0.86,16.7,111.12
2.89,5.3,109.91
23.96,116.69,779.44
27.8,114.36,823.68
5.99,53.4,303.74
42.25,102.39,994.98
23.25,86.13,664.32
18.13,40.4,440.14
8.7,117.19,537.75
26.13,37.45,547.57
14.76,55.85,438.15
9.94,84.68,454.35
41.37,11.2,717.32
34.57,26.42,643.01
26.65,92.05,714.57
11.2,71.3,428.86
45.74,59.01,908.83
9.99,99.83,495.39
3.53,43.46,232.43
42.54,54.65,847.42
6.46,83.08,392.68
9.28,56.01,357.55
15.34,25.78,356.48
35.24,58.61,750.81
8.55,72.67,403.61
44.41,96.02,1015.54
2.18,93.29,361.48
35.06,88.21,830.96
29.8,42.81,618.53
9.17,114.77,524.95
29.3,68.46,702.96
40.25,90.98,926.36
18.27,27.91,401.73
41.32,9.98,703.78
35.51,54.97,744.18
12.22,43.86,368.42
16.53,97.55,596.52
37.37,51.87,763.62
20.19,88.52,619.66
16.55,15.98,347.33
49.66,112.21,1118.56
19.37,26.83,423.93
44.11,34.81,819.66
26.22,22.03,509.31
13.23,119.17,613.98
16.63,66.31,492.09
10.01,114.93,547.04
24.97,40.08,541.87
39.87,37.5,760.2
47.88,98.89,1060.74
9.96,75.22,427.01
6.5,115.44,495.22
8.61,76.46,406.2
43.4,28.73,789.74
5.3,104.88,440.06
44.36,93.3,981.24
11.03,79.3,445.72
4.24,91.9,387.26
15.28,33.34,385.15
34.69,107.91,895.29
10.13,43.49,333.35
19.53,80.77,573.62
18.19,69.06,526.17
37.58,35.86,712.19
49.93,65.92,998.51
11.68,77.92,463.15
11.87,20.08,284.83
12.94,70.16,461.94
13.05,80.71,486.5
19.01,59.09,516.71
6.54,119.73,502.1
44.52,102.45,1013.24
25.1,57.62,602.6
20.98,80.07,599.52
33.27,46.91,696.19
1.36,23.15,141.38
3.57,23.01,173.48
23.28,17.33,449.95
5.8,88.87,403.97
41.44,34.51,793.13
1.6,86.53,329.52
3.46,25.82,180.71
35.69,110.37,921.31
49.36,98.39,1079.62
45.06,38.05,841.26
19.85,64.89,543.42
25.42,106.05,751.19
42.68,44.63,817.95
38.48,77.18,845.64
6.44,41.71,275.01
41.48,21.71,741.11
31.22,20.92,569.58
42.4,22.06,745.7
42.64,45.96,828.95
49.77,107.24,1112.96
46.24,46.61,886.85
2.05,114.03,421.52
18.94,85.43,599.31
17.01,41.46,423.36
18.28,95.7,609.49
15.54,14.52,322.12
36.49,106.48,910.69
44.29,106.88,1021.0
35.92,59.02,768.24
19.52,41.73,462.79
41.5,52.88,809.09
35.33,29.74,671.06
33.1,64.49,740.94
18.64,18.2,390.31
25.99,40.86,560.98
40.02,58.46,829.06
1.14,35.77,173.98
29.56,71.75,712.45
33.16,114.31,894.02
45.7,94.07,1034.26
13.09,32.12,344.67
9.58,103.62,500.01
10.31,36.3,321.11
28.11,58.84,651.69
4.07,72.68,328.43
14.69,20.63,337.58
16.7,111.03,642.29
15.17,18.99,331.96
43.94,29.03,794.61
42.68,16.04,733.02
8.48,87.48,443.34
18.89,117.1,671.49
43.11,93.83,978.47
20.61,5.69,384.06
34.29,69.87,776.23
26.7,43.77,578.29
11.84,78.41,463.02
36.95,96.08,879.98
21.37,51.22,513.44
43.35,80.89,946.4
18.6,25.12,401.24
14.68,44.54,400.11
16.11,6.32,311.81
4.48,116.82,474.48
17.05,103.73,616.27
5.46,70.2,343.85
2.46,39.8,207.23
48.59,8.35,808.04
27.81,17.0,517.0
33.54,55.92,724.28
30.55,53.03,661.77
16.12,31.97,389.86
15.79,24.48,356.86
20.23,104.1,680.15
30.18,67.53,712.73
32.7,77.45,784.58
14.5,86.35,534.63
17.04,65.46,502.27
37.57,44.82,755.46
27.64,29.15,556.49
46.86,59.11,928.98
20.93,60.04,539.91
10.02,112.65,536.76
20.39,31.22,448.78
24.17,70.57,630.59
44.7,73.34,940.86
26.62,49.56,591.89
13.81,68.4,465.5
30.39,87.57,769.58
19.9,15.47,403.86
35.06,89.58,848.89
2.28,22.81,151.31
10.57,116.08,558.78
49.07,23.31,881.2
48.7,31.91,886.53
0.99,89.34,335.29
25.57,64.74,631.63
9.96,48.61,344.27
2.6,55.9,256.3
39.38,9.38,670.52
41.08,41.0,787.77
28.28,111.88,805.98
16.77,48.02,443.84
9.4,10.0,224.55
41.52,93.87,952.49
21.12,109.74,698.53
18.78,36.33,437.17
10.66,106.17,541.65
32.11,35.95,642.48
9.5,77.2,424.68
49.92,61.65,991.34
24.94,53.78,591.22
34.02,73.31,772.09
38.95,96.95,924.56
16.94,40.91,417.74
38.9,115.11,974.39
5.12,21.11,188.54
13.1,108.34,559.28
37.03,105.62,929.87
45.86,110.45,1065.85
0.74,59.45,241.74
11.34,74.2,445.87
23.26,82.03,643.07
2.15,76.31,316.39
49.74,97.02,1095.05
21.06,39.97,480.89
21.05,82.1,609.87
37.16,105.65,925.94
34.71,49.7,718.93
31.44,26.1,606.97
1.28,77.68,304.04
13.52,76.48,478.48
34.78,30.31,652.86
34.5,32.03,668.33
23.35,37.14,514.36
16.73,53.94,471.47
32.89,29.39,643.83
27.05,107.95,774.38
14.64,110.49,594.59
7.76,38.92,286.82
11.73,109.73,566.53
3.84,114.03,450.14
44.33,62.8,903.71
42.96,77.24,932.15
15.52,90.23,547.45
38.75,70.77,833.8
28.72,54.84,651.08
49.33,23.99,851.65
7.21,46.06,299.98
23.87,6.69,431.31
18.78,108.35,651.37
7.6,74.53,387.15
21.03,7.21,387.15
39.35,100.36,953.24
8.83,106.72,497.03
19.18,117.1,685.61
45.76,114.32,1088.63
26.24,43.02,576.43
17.43,66.74,513.45
10.33,25.17,288.19
5.65,110.02,465.85
13.98,92.15,541.71
7.81,98.32,459.42
24.75,75.56,653.51
10.54,43.76,343.21
22.27,31.4,488.65
27.1,47.62,595.41
12.25,48.58,375.79
48.21,112.7,1124.73
19.96,94.11,636.76
42.5,96.87,983.02
40.76,87.06,918.17
42.32,101.81,1008.03
17.67,18.16,372.42
27.05,65.1,647.33
42.54,95.96,981.32
36.54,26.05,670.85
0.52,27.97,139.22
33.36,71.13,760.73
29.32,17.12,541.24
4.91,55.6,288.72
1.89,13.62,116.84
4.06,19.81,167.42
16.53,17.07,342.26
43.07,77.2,914.2
44.68,40.09,848.92
32.69,110.6,875.66
4.09,25.19,188.22
25.77,63.57,625.16
36.02,119.46,962.19
47.57,67.38,958.96
39.19,78.23,882.88
21.82,60.53,570.21
35.33,61.27,758.66
43.17,113.83,1028.52
9.3,119.93,552.46
26.46,81.08,704.78
23.18,105.45,714.72
14.26,119.42,617.42
23.09,50.68,549.59
46.71,39.18,883.5
4.91,26.43,202.39
32.97,16.59,590.47
11.41,42.68,343.46
12.36,94.29,522.2
12.78,12.19,276.37
44.5,88.29,975.69
11.92,89.85,493.38
1.14,115.75,408.38
39.29,41.98,758.76
28.71,51.94,631.39
19.56,108.75,671.35
48.79,18.18,828.2
18.13,7.29,349.87
6.08,31.77,241.27
27.9,54.45,628.97
31.41,54.54,686.1
42.28,16.76,734.07
33.48,119.45,898.57
33.68,26.43,638.06
41.1,65.57,855.74
35.98,18.29,636.29
45.33,18.84,797.91
39.24,16.2,683.91
14.18,45.29,398.26
45.05,103.49,1045.0
2.41,85.32,341.06
24.48,32.07,517.91
26.36,45.64,576.79
25.77,58.88,618.03
20.47,33.81,454.14
45.11,74.97,958.45
49.12,110.55,1122.81
9.21,113.14,524.99
34.3,26.59,647.66
31.1,20.27,573.26
25.37,100.05,728.98
31.79,43.79,656.42
5.69,50.59,282.28
29.36,109.84,826.12
20.4,113.28,687.48
13.1,89.78,522.39
36.59,84.09,851.94
29.97,116.19,844.05
39.11,46.5,782.53
40.79,54.93,829.03
46.31,116.98,1088.61
37.49,51.29,770.27
12.59,18.22,292.89
28.31,82.92,717.13
43.39,21.66,766.71
10.09,80.65,440.94
18.13,34.82,429.8
3.51,88.31,370.73
47.32,59.46,918.79
38.31,92.93,907.15
44.64,88.18,999.74
1.4,49.35,217.62
20.72,100.58,656.72
23.39,31.09,490.68
9.18,59.52,364.04
13.14,90.96,518.09
5.89,15.96,184.08
19.67,110.34,673.96
7.81,87.59,431.38
14.11,31.43,357.85
45.05,8.62,736.39
45.65,24.03,810.85
18.74,16.22,379.07
18.93,12.0,371.74
5.56,112.27,475.94
39.53,77.43,889.07
13.08,110.0,580.24
14.41,34.26,366.88
29.23,20.52,550.47
44.63,49.07,846.29
2.69,99.13,393.73
4.95,25.36,202.33
27.61,28.2,547.94
29.68,27.87,586.5
19.73,71.17,557.46
33.94,108.86,875.91
13.22,92.29,524.01
40.64,104.15,969.49
27.34,24.15,522.66
29.64,36.82,608.37
37.14,24.84,688.02
2.97,119.42,448.38
17.0,85.21,561.36
27.02,35.33,556.74
17.72,102.62,628.37
22.77,63.61,576.2
18.75,95.32,609.91
27.52,84.36,711.78
29.63,61.69,684.15
34.52,81.82,815.99
46.32,115.21,1083.58
1.09,45.82,201.62
36.35,117.19,937.49
2.98,56.02,262.93
36.08,43.56,717.62
6.95,45.84,288.47
24.92,13.47,466.83
20.84,76.51,609.83
46.73,42.44,881.75
12.88,88.32,505.07
14.22,18.21,315.88
45.44,100.12,1046.92
41.59,96.78,958.69
32.78,36.58,668.41
27.17,83.16,708.47
23.92,114.31,749.29
47.5,101.97,1086.08
11.51,38.21,335.37
29.08,89.97,766.82
32.03,41.4,652.61
14.37,95.72,547.29
36.6,12.45,632.0
10.98,102.58,533.23
42.97,98.43,1010.04
39.39,45.86,780.08
27.97,10.33,493.59
21.29,66.79,571.84
10.99,23.1,284.12
44.17,112.66,1061.2
25.11,49.62,575.48
9.41,92.81,461.37
1.94,82.15,329.42
35.22,13.94,608.09
33.03,45.48,689.98
36.54,20.1,664.0
40.68,93.13,927.8
22.73,39.74,502.88
6.21,29.1,225.57
11.17,36.19,320.78
44.17,110.28,1043.4
49.33,24.04,867.29
3.64,99.52,404.6
29.66,39.73,620.45
38.05,28.03,721.57
10.91,14.84,262.29
25.05,68.03,633.62
15.39,56.77,450.93
48.67,14.53,824.01
48.5,84.31,1033.5
39.38,109.95,975.77
46.12,35.12,844.91
18.88,33.73,436.92
44.49,82.53,963.57
5.66,50.82,286.36
43.31,53.3,858.63
35.99,59.97,767.61
37.24,90.63,885.24
33.82,72.38,778.77
4.76,26.86,202.39
26.92,97.62,748.26
14.52,7.7,293.91
2.8,16.93,142.29
18.29,45.3,468.18
2.33,67.61,295.95
6.31,86.09,410.99
26.93,25.37,526.0
23.96,113.43,760.27
29.28,61.19,673.34
3.93,113.3,450.68
15.28,40.95,399.41
25.98,58.5,614.41
19.51,63.67,537.67
11.93,15.4,279.08
0.94,89.57,335.98
49.18,102.54,1093.46
45.53,100.64,1034.5
47.01,118.2,1101.38
19.67,14.83,386.01
48.18,90.85,1046.42
7.18,95.22,442.12
33.11,68.93,762.87
14.75,7.52,290.78
45.82,17.79,786.12
23.04,34.1,504.17
7.3,10.52,191.15
44.87,31.15,814.26
4.34,65.92,318.33
10.25,104.12,516.05
3.83,64.96,298.55
3.11,15.37,143.73
44.07,5.08,719.66
3.31,112.78,436.72
44.07,14.77,768.83
35.18,21.14,649.36
9.3,113.06,521.14
42.76,65.57,899.52
5.96,92.62,416.11
7.66,86.23,421.95
5.0,15.99,172.99
19.68,44.01,477.79
23.19,35.06,502.57
14.29,45.81,404.72
38.19,20.61,696.4
31.86,23.18,598.04
32.77,117.1,880.9
9.46,26.49,272.45
35.32,98.76,866.12
15.39,91.01,562.21
26.41,45.87,585.32
24.61,87.42,675.06
49.16,56.76,969.42
10.62,64.39,403.63
41.01,61.98,845.41
43.55,5.88,721.83
25.83,59.58,615.54
36.47,108.14,919.97
8.82,115.35,530.56
32.75,82.44,779.39
38.07,68.97,828.2
41.73,71.3,885.71
8.26,28.64,257.07
6.87,71.2,366.61
47.67,32.98,846.81
36.86,66.59,799.72
30.07,66.17,696.19
42.63,18.73,749.15
30.41,61.99,696.31
13.4,51.17,395.01
2.27,119.71,448.97
17.43,114.03,648.26
7.79,45.72,302.52
44.29,34.36,817.86
20.84,50.29,517.36
27.64,32.33,555.81
45.29,52.62,863.91
3.9,14.49,149.33
40.74,97.23,960.17
13.33,113.1,592.85
2.79,67.83,289.81
35.89,41.93,727.98
17.12,14.42,347.19
14.59,69.53,477.75
36.52,70.51,813.52
3.53,45.42,241.13
49.91,21.76,866.05
38.33,8.15,642.32
13.42,57.97,420.34
26.58,52.21,612.44
26.34,82.95,687.29
19.14,37.06,451.04
18.03,45.65,461.42
32.98,110.85,875.65
46.4,8.74,760.36
16.9,23.82,373.87
2.03,47.24,222.63
27.27,18.15,514.16
22.01,86.43,630.08
37.3,96.7,897.35
37.69,69.28,835.12
46.13,23.16,820.61
28.6,61.75,659.81
39.85,33.52,755.0
14.37,107.29,575.2
30.3,75.19,745.96
31.67,40.65,646.05
35.94,48.4,731.23
26.55,118.44,806.54
19.38,69.09,549.06
11.19,53.04,377.9
29.39,25.34,557.97
43.36,27.82,774.44
9.78,61.16,379.27
30.57,13.52,547.09
4.43,84.67,367.32
45.19,86.6,993.57
19.68,6.99,366.63
4.63,109.8,454.77
20.17,94.28,630.97
34.07,112.18,903.69
38.64,116.75,952.3
18.38,112.74,668.09
13.83,87.45,521.32
21.52,52.75,528.37
39.93,76.73,872.03
12.6,98.13,532.86
48.09,29.4,864.64
3.12,9.81,127.95
31.57,101.31,836.3
34.19,91.59,824.61
7.17,115.05,504.28
13.06,34.27,349.25
9.28,55.81,356.61
8.14,57.07,344.38
10.41,84.23,458.69
28.18,102.02,805.11
20.62,85.48,610.46
33.0,99.59,831.16
21.06,106.8,684.36
34.07,98.56,866.13
26.75,16.48,503.29
26.17,119.46,795.02
26.99,115.04,798.06
27.18,54.32,617.89
2.74,62.57,274.26
1.91,91.07,348.73
29.82,94.33,781.66
22.35,27.67,466.26
27.88,42.48,598.78
15.59,26.06,365.35
1.12,41.53,192.04
41.12,83.08,913.49
44.81,76.79,943.05
41.19,64.35,858.1
36.09,10.34,621.08
16.12,36.92,403.42
49.56,106.11,1097.51
11.46,14.84,267.98
32.26,66.25,739.69
36.81,64.3,775.9
40.71,22.44,730.55
44.11,79.6,957.4
32.52,29.27,626.74
40.87,113.21,990.51
33.67,112.65,885.24
15.07,44.74,410.77
41.09,31.77,760.02
44.32,61.19,903.68
28.99,43.31,605.29
32.94,96.36,826.16
40.95,81.45,921.67
14.56,104.52,582.32
26.84,82.83,699.68
26.5,115.5,784.02
14.2,61.73,444.12
33.37,14.25,592.0
1.13,111.45,402.84
12.31,81.18,478.67
13.84,27.95,340.08
3.62,107.67,429.44
16.83,20.29,357.97
10.4,97.6,494.85
30.03,70.65,709.52
20.35,63.39,550.15
11.47,72.11,433.68
24.24,20.94,478.31
2.1,97.1,363.53
36.33,34.44,692.66
40.14,108.59,967.08
9.08,5.73,202.55
32.89,105.49,873.65
46.5,51.69,909.34
19.19,16.28,384.24
36.42,90.32,864.15
18.36,106.98,641.6
25.88,106.4,761.67
5.03,99.24,420.47
18.98,82.05,584.77
18.11,80.47,557.83
4.81,5.96,142.59
36.83,92.65,896.13
12.27,97.69,524.63
31.76,90.54,801.83
29.51,40.21,610.19
40.7,39.86,785.66
47.37,97.71,1061.24
34.66,43.58,700.07
13.59,112.3,591.91
16.85,108.68,621.16
49.53,68.63,981.78
20.81,40.15,472.93
5.41,100.41,431.34
11.31,6.74,235.89
26.4,26.59,519.59
29.9,101.14,796.5
3.69,19.8,162.08
42.79,80.77,935.15
38.66,100.55,932.03
22.3,108.37,712.9
37.39,10.63,637.98
38.55,13.31,667.22
18.35,10.05,348.38
42.77,70.6,912.8
33.39,24.59,623.36
40.54,88.88,925.82
9.91,26.74,279.78
32.91,107.19,838.33
42.0,103.42,973.39
40.8,105.35,975.73
23.61,79.45,645.26
34.29,47.18,695.54
31.38,9.04,549.33
2.97,57.44,270.72
30.33,13.99,551.29
38.29,31.46,714.1
39.57,14.41,693.89
47.75,78.41,1016.66
17.77,65.78,519.98
39.94,105.11,972.41
33.22,63.69,725.99
45.9,30.37,825.81
42.55,63.73,882.67
29.79,16.05,541.31
1.24,19.01,125.19
4.74,78.24,363.26
21.52,79.55,611.97
40.1,11.88,682.79
34.28,17.84,623.56
5.88,106.39,460.41
37.28,44.04,744.86
37.93,82.11,844.45
47.26,75.19,1003.13
9.79,85.73,442.41
20.76,101.57,668.67
13.15,81.18,482.9
41.2,52.56,831.43
23.54,29.29,489.57
9.83,27.45,277.7
34.8,59.68,748.11
34.62,41.31,701.77
22.49,14.45,420.88
11.42,65.55,417.07
24.68,29.69,511.42
20.83,17.55,411.72
7.41,17.01,211.35
36.76,56.17,786.09
26.79,49.35,612.37
7.58,51.64,323.26
36.69,86.64,859.08
15.72,107.24,605.55
31.72,83.58,777.28
43.19,104.81,1009.8
20.91,77.1,594.44
21.68,44.51,519.49
38.25,6.62,635.92
31.39,19.48,580.34
20.19,97.54,652.96
36.72,110.33,924.42
43.63,15.86,756.11
40.23,113.12,994.11
45.33,115.9,1081.23
38.85,46.74,764.84
23.53,81.83,643.09
2.65,84.57,339.49
11.75,20.3,283.32
34.28,21.62,634.87
42.22,46.57,825.55
36.89,73.15,817.57
24.79,111.44,749.95
31.63,63.94,709.28
6.66,116.63,501.83
41.94,68.17,865.24
26.94,115.1,795.93
3.75,72.43,325.47
46.5,112.23,1097.12
26.12,90.81,714.03
18.22,17.65,377.27
33.53,21.14,612.11
49.74,81.16,1040.45
3.23,87.46,366.48
40.7,86.15,926.95
8.91,35.73,292.56
20.39,12.27,389.19
24.59,56.59,593.54
40.52,92.28,935.82
10.71,109.32,533.79
2.15,79.91,315.42
47.18,34.77,856.5
15.7,90.61,554.08
42.21,89.2,960.81
30.39,61.34,680.8
26.19,65.41,643.61
15.65,52.36,443.17
17.42,102.78,610.74
25.67,68.61,643.94
42.86,35.44,793.82
7.45,16.74,211.04
1.72,30.6,168.37
13.52,111.44,577.78
2.74,53.97,256.91
45.31,8.77,748.0
40.41,22.39,734.23
14.37,109.65,587.08
27.08,76.86,685.22
0.58,62.95,244.32
25.03,49.79,583.35
3.22,36.56,209.15
7.96,35.24,276.24
3.42,19.35,158.62
30.31,119.25,864.09
20.24,49.49,505.67
43.36,8.92,721.78
10.6,14.12,250.27
13.28,32.75,344.52
11.63,98.99,517.58
36.64,83.8,855.58
37.57,29.2,691.15
21.17,70.87,585.07
29.21,40.11,602.89
18.45,47.04,479.42
24.19,22.45,472.1
33.43,16.96,605.16
22.68,70.59,595.9
14.22,12.85,301.95
23.24,112.43,741.14
49.19,11.36,830.79
44.73,72.24,924.41
49.21,83.41,1038.32
47.8,25.66,841.52
46.82,35.85,861.6
18.71,109.73,664.89
4.85,89.9,385.69
27.03,92.71,743.32
6.3,35.43,254.39
45.14,112.28,1056.12
19.32,57.64,515.94
9.52,97.06,491.38
4.21,19.47,168.36
5.82,85.46,395.54
8.35,117.75,527.76
37.49,97.79,911.6
28.17,98.19,772.23
33.63,24.92,626.86
8.39,95.56,467.06
25.95,40.36,558.99
42.76,110.09,1007.74
45.81,44.18,842.27
31.95,9.96,557.21
2.83,94.22,373.91
22.81,58.52,568.52
22.29,28.14,466.02
24.01,26.56,476.58
14.44,88.22,537.71
7.32,89.83,438.97
34.54,88.96,822.27
34.17,40.44,680.74
9.14,103.83,494.62
3.72,70.77,318.11
30.88,21.98,585.05
10.99,30.43,313.54
11.21,26.89,303.41
37.86,33.36,708.26
25.72,76.37,667.49
48.83,18.5,846.61
11.5,51.67,380.93
35.61,86.84,860.95
27.36,18.37,515.56
38.98,35.12,745.59
19.68,12.97,386.63
20.2,42.39,477.04
33.3,12.3,579.73
15.95,38.73,406.26
42.85,80.28,932.22
40.52,86.47,922.04
48.95,114.56,1092.92
14.76,47.83,414.63
14.89,10.24,302.89
16.5,72.86,508.98
4.2,97.57,403.47
11.43,103.43,535.08
49.61,68.89,998.92
26.83,46.44,589.97
29.76,76.7,730.7
47.29,53.91,913.97
35.18,31.59,663.29
24.98,10.29,455.23
23.57,30.76,508.04
35.52,108.92,906.63
14.58,83.41,515.96
4.93,72.77,339.77
3.46,42.92,229.47
47.28,69.82,973.31
49.77,68.0,1001.33
41.46,18.72,728.19
19.62,47.69,488.56
40.64,112.35,997.42
27.16,39.41,577.78
34.79,21.83,629.97
42.73,75.19,934.5
45.12,46.76,871.74
38.94,56.63,799.24
9.11,10.89,221.83
19.93,104.06,651.79
5.97,30.62,233.41
22.83,111.79,736.65
2.77,15.97,139.57
6.21,102.29,448.59
28.03,24.77,551.55
46.91,22.69,829.82
13.9,14.09,300.99
39.37,22.62,708.02
33.39,19.0,616.05
46.87,87.79,1010.37
11.73,95.08,503.03
11.28,89.74,498.05
21.87,37.58,492.57
30.22,117.35,846.88
35.93,65.41,795.4
16.27,36.07,398.51
40.35,37.68,766.05
27.58,97.06,752.41
11.95,74.03,451.11
6.47,117.91,498.32
21.49,25.76,446.33
1.23,48.89,216.49
31.01,38.54,620.0
44.3,33.22,809.15
6.76,47.85,297.57
37.08,101.94,896.36
32.44,118.91,891.32
8.25,45.72,311.05
16.68,40.01,414.88
17.26,109.78,644.24
47.18,5.31,755.12
24.83,115.2,763.28
36.04,115.04,926.73
32.98,69.64,750.52
42.67,105.56,1017.72
16.35,28.57,379.75
23.37,101.12,687.02
3.29,17.56,149.04
23.08,60.71,583.34
36.73,86.79,880.84
14.55,81.43,511.62
21.42,84.93,626.25
45.57,19.58,797.73
5.04,7.95,148.32
16.66,41.2,416.48
0.93,110.13,393.88
48.88,119.18,1149.5
3.59,106.3,433.53
11.86,90.3,504.05
6.7,55.89,320.8
35.55,6.57,592.51
40.44,64.8,843.97
28.64,14.47,525.74
24.99,23.61,492.25
0.73,46.08,197.06
1.58,110.64,399.36
20.59,89.91,631.57
28.58,24.42,553.47
35.01,113.47,915.77
42.52,92.0,968.85
18.67,51.85,482.92
32.76,69.48,749.04
38.02,43.28,750.67
41.16,101.26,965.11
40.09,69.26,854.12
10.08,116.78,553.51
20.97,51.24,517.77
33.11,90.15,810.6
18.94,114.86,671.72
33.13,19.08,586.1
33.56,46.83,694.68
18.47,85.09,586.22
45.3,41.22,839.98
32.3,95.9,825.19
11.08,68.79,422.12
33.94,8.76,577.65
37.27,45.99,736.66
39.07,90.41,929.26
0.62,21.84,124.92
15.42,18.62,331.73
4.63,49.5,272.27
7.49,49.55,307.92
16.11,60.19,469.71
49.68,113.83,1148.41
11.5,64.23,416.22
43.74,96.95,1001.72
31.21,80.64,754.27
28.78,14.84,523.12
13.03,74.95,471.44
26.89,20.82,511.86
25.2,87.03,695.81
47.46,46.83,903.96
13.37,51.65,400.05
37.24,110.16,937.5
24.05,11.27,442.08
23.25,39.41,510.33
22.15,111.79,707.06
0.86,75.3,291.88
20.32,58.68,530.05
7.41,67.25,366.74
35.41,39.53,694.96
20.05,26.14,423.35
31.94,93.8,811.04
28.87,64.06,691.4
23.46,8.24,423.25
27.56,62.08,650.13
42.8,52.3,848.42
47.44,23.07,835.9
43.79,94.59,990.39
36.37,5.45,601.38
17.74,70.58,535.41
27.36,118.84,821.12
32.76,79.59,768.14
24.88,115.39,751.22
29.25,11.24,517.24
21.2,15.62,416.87
8.21,91.91,446.79
36.32,5.73,611.15
40.42,69.17,859.94
8.92,12.73,223.59
35.14,109.63,913.77
0.79,46.65,204.91
47.16,67.79,955.28
19.92,21.25,411.08
47.93,101.64,1076.76
7.97,23.68,240.56
8.41,21.02,242.93
32.29,53.36,694.15
1.94,44.5,210.67
19.93,84.18,596.87
37.33,26.72,679.39
12.21,119.7,598.25
3.61,103.09,415.94
10.25,119.53,561.55
37.78,69.73,832.53
17.38,112.28,653.27
46.91,36.38,868.2
15.63,110.51,613.37
33.22,115.97,899.72
4.37,62.35,303.7
20.61,94.93,651.5
34.77,40.24,684.12
28.61,85.87,726.36
14.04,40.45,386.29
3.16,78.47,335.51
44.41,38.71,836.56
24.39,78.63,654.03
32.57,67.13,744.47
16.26,87.21,550.25
40.4,82.58,902.7
24.95,106.77,749.05
38.27,104.26,951.75
29.7,105.76,818.51
22.68,21.88,464.42
1.31,30.19,159.28
18.01,58.13,491.29
41.66,47.51,807.39
9.42,35.25,291.95
33.9,72.27,792.58
24.45,114.96,756.03
42.86,92.41,969.52
30.85,15.17,553.0
45.61,29.81,826.65
42.32,54.99,844.53
48.67,64.16,987.15
9.06,27.37,268.39
41.5,10.59,708.75
31.37,80.9,751.78
46.2,20.12,792.6
40.94,28.09,744.57
34.91,119.62,925.5
21.21,67.53,557.16
22.64,88.95,656.34
28.97,8.53,508.79
5.86,48.28,284.47
1.09,98.95,362.36
3.18,101.54,410.26
9.35,96.8,476.4
24.6,10.4,453.11
38.42,59.38,810.89
1.38,105.65,390.88
11.19,84.98,474.15
47.36,119.58,1131.91
20.9,116.3,703.15
18.63,44.47,462.72
15.72,19.82,344.91
2.2,6.8,101.88
14.96,58.38,443.06
46.2,39.15,858.71
17.97,56.17,490.41
14.27,108.37,582.6
37.77,32.03,709.97
14.57,34.66,372.28
16.75,59.86,480.86
26.27,33.38,537.9
23.99,49.18,560.17
17.9,48.23,455.86
12.76,28.66,326.29
33.44,34.39,654.4
24.99,115.09,766.92
31.74,17.17,586.94
41.47,76.84,899.67
44.87,66.32,919.47
2.84,6.12,108.33
30.37,31.3,609.69
19.35,81.38,579.77
21.58,8.41,400.65
30.75,61.93,700.65
5.31,82.39,383.51
18.59,74.55,553.7
3.66,86.89,363.62
22.84,103.68,704.9
18.56,80.36,571.28
26.39,49.47,597.4
45.11,33.98,838.44
11.72,56.87,397.32
39.89,60.6,804.48
23.26,114.32,750.51
39.69,80.17,881.98
38.89,62.65,822.04
49.85,64.67,1001.07
9.69,68.46,402.76
48.93,33.97,882.11
7.17,101.02,462.27
31.75,67.33,728.79
7.65,55.22,332.58
38.14,15.59,668.47
0.62,84.86,314.18
22.35,37.51,489.76
0.82,57.4,235.21
23.81,30.4,505.61
46.8,89.37,1014.53
19.74,49.49,487.53
31.72,73.07,747.89
43.36,57.17,868.42
16.49,21.8,358.36
3.23,36.46,209.11
15.08,96.7,565.2
36.97,55.75,755.91
27.52,63.37,668.81
22.86,97.74,677.41
28.53,36.09,595.32
0.62,103.51,366.34
7.38,22.09,229.16
40.36,112.05,975.62
48.93,41.15,914.42
34.95,110.92,910.51
12.7,44.49,374.77
34.02,61.25,748.31
17.45,108.39,632.35
36.86,43.54,738.77
29.47,91.85,767.43
47.9,94.28,1053.7
18.39,75.76,543.26
46.11,90.03,1006.61
3.81,25.06,180.34
47.16,73.29,970.67
42.89,19.42,747.29
17.73,50.32,466.2
39.34,94.82,917.77
9.96,92.2,480.52
35.4,101.58,877.26
49.4,16.08,845.01
27.46,100.89,753.88
5.52,61.14,314.34
37.41,59.04,786.62
3.87,5.92,125.72
45.36,34.09,830.14
7.09,71.79,378.59
18.88,32.39,429.35
37.59,61.77,797.19
16.77,10.5,330.22
13.92,60.27,435.21
40.43,102.95,973.16
13.29,51.39,403.91
21.51,81.58,619.95
20.05,119.04,712.45
26.97,38.89,574.44
35.61,25.74,666.25
34.92,67.41,770.87
9.0,101.87,491.63
37.57,38.38,724.56
38.72,8.05,653.82
42.01,41.66,810.16
35.49,70.32,795.0
39.98,19.89,709.21
48.81,58.96,950.77
49.38,59.78,973.04
23.29,39.44,524.74
5.11,37.01,236.29
17.47,33.88,411.45
44.85,50.33,879.05
4.44,73.44,328.75
9.5,92.49,478.32
26.18,99.44,740.08
37.91,73.68,856.92
21.47,94.39,650.86
30.67,107.72,841.28
13.35,107.8,570.43
28.21,66.35,667.38
44.16,32.3,810.04
31.64,6.57,547.11
49.82,44.94,926.51
23.94,15.38,455.15
48.33,101.74,1083.66
39.67,24.95,732.78
6.31,7.14,169.36
16.5,7.72,320.68
3.81,22.95,172.24
7.25,98.48,447.05
32.53,58.36,715.04
10.78,97.69,507.24
7.34,21.97,227.11
1.43,63.67,260.3
21.84,25.06,451.75
16.89,116.94,649.88
10.2,61.72,377.54
47.45,47.14,879.54
4.85,14.34,166.15
10.75,103.27,526.96
38.78,48.15,793.64
11.94,79.39,468.52
30.45,48.45,641.88
28.56,71.57,698.59
49.19,17.89,839.81
15.6,116.1,629.72
49.94,87.82,1064.83
43.82,58.3,872.52
27.54,72.74,689.19
25.59,45.47,578.65
19.14,42.77,464.62
5.7,37.7,252.36
9.83,14.75,241.41
17.96,6.15,337.69
31.1,45.25,651.09
1.22,103.32,375.12
13.44,87.36,517.28
29.86,34.42,601.28
23.83,30.23,490.84
25.07,14.89,474.4
13.89,80.71,495.83
34.65,41.78,686.53
1.99,72.24,293.26
7.21,43.38,286.95
7.22,79.56,391.33
39.1,50.56,778.34
19.23,76.07,561.27
4.42,49.18,257.92
6.33,74.82,372.76
5.54,51.44,288.53
25.21,79.43,664.4
22.46,44.1,520.36
39.68,89.58,918.57
5.46,52.68,283.64
32.19,114.29,882.65
39.93,64.44,839.1
5.53,106.58,459.68
22.54,38.3,507.98
24.75,99.67,715.22
30.64,12.19,547.02
3.47,76.66,332.71
36.97,17.29,653.41
26.87,114.91,789.16
22.47,99.31,678.49
33.12,56.22,724.88
0.84,64.49,258.83
5.55,31.29,228.13
24.03,54.48,578.82
14.93,53.71,435.97
23.08,102.45,695.2
13.65,119.06,612.56
33.27,115.29,902.0
15.88,9.15,314.48
39.27,37.56,750.19
7.07,117.43,510.91
32.26,113.32,891.76
5.23,80.93,375.7
22.35,52.32,541.34
46.6,96.77,1037.52
35.64,32.34,671.32
36.37,97.49,894.95
34.65,105.45,891.81
36.22,71.56,806.06
7.2,30.8,256.11
6.72,94.83,425.79
13.09,20.56,305.26
21.51,41.17,493.05
43.65,43.53,829.21
43.72,106.86,1035.72
46.18,30.73,837.01
42.36,116.17,1044.75
30.91,100.57,815.8
11.51,28.69,310.45
44.32,8.11,744.75
31.3,55.58,692.45
16.38,48.64,439.81
12.44,116.88,595.39
49.1,68.32,999.51
23.88,59.42,589.26
38.89,65.4,831.7
13.53,101.46,554.58
34.49,68.8,778.28
11.32,38.52,335.89
27.5,103.28,772.72
48.72,8.35,809.46
25.25,101.04,719.19
27.87,36.74,574.14
7.47,74.79,382.71
12.46,104.59,550.13
46.53,105.0,1067.34
26.09,25.88,526.42
6.66,112.62,489.86
38.02,100.75,908.35
2.0,58.72,257.21
4.47,26.15,199.14
25.58,65.31,612.57
15.09,76.36,503.68
15.68,19.21,335.22
7.17,95.91,444.32
41.29,5.17,685.22
7.26,14.67,200.76
15.06,26.53,354.07
40.15,19.81,709.92
17.28,46.85,447.89
1.94,50.5,231.49
11.12,92.38,485.74
36.41,14.74,635.93
9.91,53.93,355.08
38.74,6.4,640.41
49.41,68.68,1003.64
36.08,107.8,908.35
49.38,38.16,903.4
33.5,18.21,599.19
48.19,16.72,815.83
1.41,73.65,288.99
21.58,7.97,386.07
12.88,104.58,562.06
46.13,46.35,888.03
15.04,101.31,576.47
11.71,111.89,562.5
34.76,58.09,750.92
35.78,54.49,752.39
48.2,86.51,1027.77
32.09,100.28,835.52
31.56,14.4,565.42
29.17,97.47,775.45
37.53,8.23,642.67
20.99,7.74,386.15
38.73,70.37,841.73
3.05,109.07,418.17
12.18,101.03,534.77
8.59,107.59,509.71
10.97,25.95,290.31
19.78,118.93,696.73
33.33,14.48,579.55
43.4,49.41,842.4
21.97,78.06,617.3
36.68,61.45,788.85
46.96,53.18,924.32
17.33,50.07,459.29
11.3,7.03,241.67
30.25,8.47,529.29
34.75,92.92,847.09
15.49,8.89,308.61
16.79,95.88,588.49
45.82,103.75,1057.13
23.13,107.93,735.21
0.84,78.45,298.37
32.98,41.43,665.44
29.14,63.15,681.17
23.5,7.43,424.51
16.97,44.29,436.4
27.22,6.79,476.63
13.2,102.81,554.24
2.6,38.21,200.68
33.01,97.81,843.74
17.06,11.22,338.25
42.85,111.93,1033.06
30.56,99.35,806.18
6.41,105.71,463.56
49.15,23.56,861.39
12.17,87.0,502.53
32.94,52.92,707.9
49.91,112.07,1123.17
24.48,14.7,466.52
39.53,71.22,848.79
16.5,18.29,361.0
48.93,117.16,1134.19
40.95,18.41,718.67
4.69,85.59,380.08
35.96,17.11,633.09
25.93,79.01,681.73
24.01,28.86,494.44
41.9,61.68,864.45
22.72,8.69,413.05
35.99,78.19,827.23
4.1,25.75,189.48
18.74,57.02,503.46
14.21,116.48,609.18
12.29,60.29,414.23
17.6,60.19,488.2
23.44,99.36,707.31
45.28,90.94,1005.94
45.88,91.83,1004.61
4.99,76.46,350.19
18.63,36.1,436.87
41.37,78.64,914.29
8.06,28.8,255.6
5.47,72.92,350.99
10.63,80.39,450.12
31.04,19.91,576.06
27.86,40.87,583.71
3.39,87.12,364.08
8.85,18.15,235.28
41.86,77.42,913.68
44.73,118.12,1060.85
13.63,84.17,505.16
23.82,112.45,747.8
22.19,74.67,619.23
46.83,13.01,777.4
11.62,61.61,410.48
8.02,91.7,438.53
29.55,51.0,650.68
48.7,109.0,1113.06
48.06,87.63,1052.68
16.7,86.05,556.15
12.5,62.65,433.38
33.25,55.16,712.54
10.5,91.43,479.08
23.78,72.81,626.43
45.69,95.11,1028.04
19.42,105.09,654.6
12.66,59.7,418.37
21.82,21.65,453.89
44.4,63.66,907.34
25.12,14.32,475.75
2.64,57.52,262.2
13.33,79.21,483.82
19.5,41.89,468.48
6.46,100.6,450.68
42.97,111.95,1023.64
24.74,54.07,586.5
6.02,118.04,491.74
28.2,65.13,670.66
24.8,62.47,609.92
42.43,96.58,973.73
11.38,47.26,364.77
38.91,99.57,943.34
46.26,18.97,801.59
30.36,24.98,585.76
14.42,48.25,415.81
47.64,89.85,1026.57
43.36,83.99,953.28
20.02,73.74,566.61
35.26,115.66,927.81
20.64,87.39,634.11
17.29,86.97,565.89
15.52,31.96,380.86
40.58,19.51,716.09
18.32,54.59,486.99
34.3,42.95,694.96
20.0,105.46,668.25
38.5,92.55,898.16
6.31,78.59,383.38
29.19,81.29,724.47
40.65,116.49,1008.61
36.93,50.77,750.66
49.38,85.86,1054.32
33.97,51.66,719.04
30.79,117.32,868.98
26.88,47.79,597.24
8.29,69.53,377.98
25.71,89.53,704.26
17.4,11.34,347.05
6.94,41.86,277.66
41.64,23.51,744.92
17.44,37.49,424.47
8.06,24.07,244.86
49.93,60.8,997.15
33.32,14.77,597.25
12.13,65.84,419.34
36.18,41.66,722.87
19.85,116.63,696.84
20.58,29.55,445.74
31.71,38.21,643.27
42.93,74.91,916.82
24.55,45.27,552.7
40.23,29.81,742.93
21.71,107.97,706.65
37.74,14.51,662.59
44.0,33.83,819.85
48.08,39.38,896.87
41.28,71.16,881.42
34.88,26.55,657.85
45.14,117.5,1085.62
3.09,98.78,391.57
23.77,116.51,769.31
24.12,56.7,583.38
11.23,62.49,405.28
37.15,94.18,897.37
29.1,43.39,618.12
41.68,35.52,800.21
10.04,31.23,296.47
28.48,19.75,528.38
48.61,8.82,801.56
5.4,94.7,416.11
25.91,42.86,572.01
22.05,40.89,505.75
36.33,78.54,830.52
3.19,23.87,166.58
12.14,33.21,332.14
16.59,57.38,470.96
30.43,23.06,573.68
33.21,44.1,678.42
26.78,56.86,624.97
12.91,15.49,288.41
19.23,113.21,687.26
39.05,89.21,892.24
29.18,19.98,547.75
11.87,110.02,560.79
12.21,14.62,274.94
45.68,46.24,867.98
2.79,96.07,376.81
22.54,45.62,528.13
38.92,72.7,856.49
29.23,100.6,785.6
44.06,101.83,1014.38
41.99,98.02,971.72
20.42,25.1,430.78
31.87,94.02,805.1
34.21,46.31,707.4
21.51,18.3,424.28
48.8,94.48,1049.94
41.21,32.44,774.15
2.77,49.09,239.58
13.41,13.81,292.99
12.32,90.54,515.98
49.1,63.29,977.96
4.9,105.39,438.63
49.25,46.21,918.73
25.48,117.3,789.49
16.57,16.62,348.55
17.51,107.3,641.59
16.15,119.28,646.12
11.64,7.59,247.17
39.54,70.56,866.94
22.02,65.78,573.69
36.48,21.12,672.75
34.25,77.85,794.05
13.86,83.4,511.99
10.13,112.77,545.69
45.88,69.1,954.88
47.51,36.82,883.61
30.21,69.7,708.05
25.07,76.05,662.03
24.65,21.43,483.83
13.06,109.18,568.04
24.52,77.49,653.8
26.72,118.72,813.28
42.24,73.76,905.11
19.7,119.7,712.93
49.72,41.26,936.57
1.97,91.15,352.02
49.91,46.7,933.44
24.02,40.3,527.93
3.27,8.04,123.42
44.19,13.23,751.22
20.07,38.15,455.6
39.24,111.15,969.6
49.13,77.35,1042.39
8.14,18.7,227.21
39.11,79.81,869.76
27.4,80.39,699.42
36.8,94.18,887.37
48.26,111.18,1109.7
7.83,88.23,433.53
25.52,42.28,564.23
19.53,58.62,511.33
13.13,50.05,386.83
11.0,22.75,280.57
48.45,21.79,838.01
21.53,86.74,632.4
30.59,73.5,726.35
37.56,69.27,810.64
24.78,51.83,577.98
27.42,38.74,587.45
11.41,89.57,491.09
33.44,79.92,793.87
37.34,110.24,928.79
4.77,65.66,318.75
32.74,105.55,860.15
45.45,110.07,1067.73
15.1,48.28,423.79
24.77,82.39,658.83
44.69,52.09,879.5
27.05,107.27,791.1
39.72,48.54,782.49
1.74,53.1,235.2
26.55,67.1,655.23
28.92,100.64,806.77
8.18,48.45,315.79
17.84,48.87,464.59
7.78,114.23,515.16
45.61,59.74,900.42
5.04,58.64,304.09
19.42,102.57,642.38
34.2,109.68,903.6
40.9,11.7,695.05
9.82,89.9,461.78
37.36,97.83,906.67
26.18,116.84,802.21
48.57,14.24,815.09
33.97,26.19,634.54
39.93,84.36,893.95
39.53,5.91,661.7
27.75,74.72,678.81
23.13,55.93,565.98
29.47,12.62,532.71
38.3,95.56,902.16
30.38,83.89,772.96
36.36,41.92,714.66
0.63,111.08,395.48
43.73,81.33,945.97
6.06,82.15,392.54
35.86,104.44,909.13
40.68,19.59,714.84
9.9,32.76,292.99
10.87,30.13,303.47
8.06,12.49,207.14
31.93,12.03,557.04
13.28,50.13,403.3
6.95,20.32,214.6
5.49,54.99,294.68
22.75,56.24,560.64
38.79,105.64,940.13
12.07,48.1,373.95
7.16,21.23,220.48
15.68,81.64,528.35
23.94,69.45,620.53
26.5,71.92,663.59
38.47,78.84,862.25
12.29,104.11,543.86
44.74,56.31,877.72
4.18,35.73,220.03
12.86,72.21,455.61
46.33,10.85,773.89
32.7,42.7,664.25
48.84,24.53,873.27
8.25,38.63,291.97
25.75,55.93,598.56
21.14,72.6,587.36
41.39,66.52,880.0
5.0,52.66,280.46
4.67,35.62,227.99
37.11,80.42,845.58
31.55,71.46,729.5
18.61,29.27,424.96
24.6,82.9,666.09
41.7,8.52,703.78
24.28,43.69,538.27
46.02,79.2,992.24
21.17,117.5,717.61
29.9,16.4,557.69
8.12,90.93,448.64
34.07,12.78,602.78
7.12,62.54,343.95
39.02,17.17,688.31
19.71,17.43,403.19
21.14,76.86,596.47
25.11,89.84,707.52
19.87,17.69,401.32
20.06,90.64,622.75
25.46,116.62,782.95
47.98,20.27,832.65
41.1,43.22,800.89
34.98,51.82,734.45
5.3,91.87,401.49
2.34,101.89,388.36
23.08,62.25,592.68
23.64,101.51,714.04
33.98,93.71,843.78
41.58,92.41,948.08
2.87,103.89,407.7
8.79,14.44,224.88
10.1,7.09,221.79
43.5,77.23,935.33
5.96,14.26,180.32
7.3,24.63,230.62
33.78,60.67,750.6
40.48,31.82,757.45
38.16,16.44,671.81
36.37,116.04,937.3
21.59,52.88,535.98
34.46,97.64,861.1
26.17,83.46,692.15
43.73,23.72,769.13
39.64,111.05,979.59
45.61,35.64,845.0
39.93,65.44,845.56
35.78,68.64,792.82
2.15,66.12,281.41
32.53,33.38,636.55
20.01,41.87,473.53
38.01,72.45,845.42
16.27,111.88,619.51
11.62,79.43,461.12
32.66,113.45,879.15
11.25,49.68,367.22
26.02,57.9,615.44
40.26,102.72,967.28
26.17,76.34,678.94
33.09,66.24,739.38
12.36,106.43,554.65
35.54,25.67,648.23
46.11,18.46,802.03
32.24,14.9,580.9
3.41,90.14,376.84
5.67,32.47,228.71
7.62,74.29,383.77
43.06,38.14,814.99
43.27,80.83,932.07
43.13,76.96,940.65
23.68,27.4,487.63
21.11,98.94,666.61
20.66,54.91,523.03
13.51,113.48,597.18
4.6,19.57,178.58
45.42,96.68,1021.13
34.07,70.63,786.96
10.97,7.63,240.47
12.5,97.05,539.16
7.2,70.98,375.48
3.34,96.48,392.41
1.7,22.83,145.35
10.88,63.87,403.0
25.88,101.92,747.16
18.99,57.58,517.55
16.58,54.52,462.4
37.51,53.57,763.8
45.66,97.39,1036.33
45.83,19.22,787.79
1.75,102.49,383.91
14.42,80.31,511.69
21.95,118.03,735.67
19.8,112.79,674.93
24.39,85.35,671.26
2.34,97.17,376.18
24.18,66.24,604.12
2.57,52.74,245.64
4.02,63.38,297.78
22.01,59.36,552.04
49.93,96.29,1090.82
18.72,87.1,595.76
47.42,119.72,1118.29
12.82,19.97,299.24
24.89,9.21,447.16
27.16,21.89,519.62
29.58,106.53,816.66
14.47,9.92,289.77
23.35,10.19,428.46
18.99,11.32,368.72
47.48,17.83,822.32
18.84,59.51,514.61
12.01,38.1,344.6
2.41,75.02,317.04
43.83,71.57,930.3
8.91,8.4,209.18
35.31,39.43,694.09
39.14,42.73,770.6
10.2,101.24,508.06
0.95,95.02,349.21
5.99,62.66,326.94
40.8,77.0,894.34
33.1,76.57,787.95
8.89,50.27,337.81
10.28,69.47,416.94
5.19,92.22,408.21
6.72,41.44,277.2
15.97,24.37,362.96
29.93,49.24,645.3
18.46,38.91,442.09
28.95,6.92,501.62
8.14,58.74,346.57
17.88,48.18,460.48
13.11,20.27,315.74
17.26,104.47,627.37
42.92,117.47,1067.47
48.87,105.44,1103.85
39.64,102.18,959.78
43.81,73.32,929.61
17.69,61.98,502.7
41.89,24.68,736.87
45.32,24.51,805.98
20.47,46.18,492.59
22.94,54.02,551.45
11.99,103.17,538.44
13.31,111.07,594.93
11.72,7.17,243.79
22.68,77.94,627.72
29.25,11.76,520.16
22.97,20.24,456.22
17.43,34.7,406.31
22.88,75.93,622.32
12.95,112.44,587.55
9.26,33.94,291.46
8.03,18.08,222.74
39.52,86.97,905.36
13.24,89.69,523.04
24.03,59.98,593.98
43.33,52.92,852.35
10.84,21.07,274.81
39.72,110.41,969.29
40.18,48.62,791.03
37.92,81.76,867.09
23.57,91.89,683.12
24.92,98.57,721.66
31.13,86.69,773.77
11.78,18.75,280.34
26.2,22.12,508.87
28.97,33.64,576.95
7.01,92.45,428.68
36.65,30.71,697.35
31.48,85.73,769.47
29.44,9.34,515.3
48.97,11.31,819.81
34.61,97.47,852.7
2.87,47.05,234.99
48.62,79.36,1014.89
31.39,56.99,687.62
21.68,21.45,436.94
19.09,84.07,589.38
27.15,27.17,544.16
40.54,72.45,876.54
29.97,38.47,617.31
30.45,81.66,749.61
34.44,62.46,752.97
19.82,87.53,604.59
3.37,28.71,188.86
46.15,38.82,861.76
32.0,24.0,610.84
28.55,67.45,684.42
2.31,45.84,220.51
32.71,97.01,838.29
18.68,116.05,679.22
11.91,60.27,409.86
32.2,110.75,872.4
47.2,30.55,849.67
42.22,53.24,838.28
24.72,114.87,772.99
39.06,96.16,938.46
38.97,32.28,731.47
2.74,5.19,106.57
49.77,71.77,1021.47
36.42,41.44,719.02
4.67,77.89,353.87
47.77,14.12,811.95
46.78,112.92,1081.28
48.25,105.93,1089.14
47.99,37.67,882.64
29.34,72.45,693.38
10.97,8.33,239.89
6.37,75.92,374.24
9.96,9.63,229.52
24.92,38.43,534.83
37.54,59.77,787.21
6.35,36.11,253.04
13.89,29.32,347.16
24.81,78.02,650.77
23.99,74.45,621.98
10.18,36.84,314.81
43.47,103.96,997.03
27.41,99.58,757.51
2.88,41.45,220.7
20.31,18.4,408.99
2.89,75.49,312.76
47.96,97.21,1057.83
12.21,100.0,530.37
16.99,107.19,631.85
12.81,53.56,403.64
28.44,83.81,725.45
16.19,88.31,559.93
0.71,80.38,301.93
12.03,21.05,287.7
25.94,34.47,549.05
38.72,78.45,880.49
38.05,68.97,833.05
7.23,35.16,264.08
35.56,21.78,643.44
2.78,57.36,264.0
40.69,28.23,747.92
46.39,55.03,912.94
39.98,95.61,918.83
19.46,25.22,415.67
46.48,29.5,829.88
31.49,34.9,630.25
42.63,57.5,869.59
28.94,31.8,585.23
10.91,51.86,365.82
49.43,17.28,849.76
5.88,102.42,441.55
1.72,62.81,261.75
32.37,115.93,880.58
29.66,27.94,580.69
0.89,16.24,113.27
34.73,39.19,683.02
40.11,95.7,925.29
13.47,92.02,523.95
45.56,54.38,891.57
31.51,22.54,591.94
37.81,81.18,856.78
22.63,104.09,705.17
10.53,19.0,264.24
15.55,41.98,405.27
15.5,74.63,508.6
14.63,50.63,420.68
48.3,86.63,1035.29
39.35,60.79,812.56
16.7,20.58,357.04
30.63,93.03,787.41
3.04,46.09,236.41
8.37,67.52,374.67
42.21,90.09,968.57
15.82,12.27,328.73
43.17,72.01,905.35
14.8,32.77,367.65
3.73,51.38,259.99
4.92,107.06,445.93
42.27,51.81,836.34
5.01,17.18,176.95
3.95,75.52,337.62
3.61,60.49,285.71
18.27,30.65,420.25
17.8,107.31,632.68
39.74,9.98,666.41
29.92,8.51,528.34
43.63,30.53,804.43
24.3,118.65,781.91
4.34,98.74,398.33
23.65,40.68,528.96
48.89,58.49,976.55
45.65,61.43,912.47
43.77,109.44,1034.14
0.52,11.8,92.06
17.05,28.02,387.49
37.04,5.53,620.73
28.58,77.28,712.42
16.27,67.68,492.26
22.2,101.04,686.6
47.45,13.54,806.23
19.56,17.95,392.08
4.01,103.0,410.64
35.77,94.59,875.56
24.3,33.16,509.58
26.15,54.44,601.66
21.87,66.29,570.26
19.43,6.89,363.4
40.63,29.26,737.72
0.64,58.33,236.29
25.74,89.92,705.97
37.93,54.84,779.59
23.18,98.29,707.33
38.57,104.05,935.74
36.0,20.01,645.1
12.93,110.83,583.76
46.13,37.51,836.27
6.92,49.56,304.71
34.91,17.57,622.04
5.47,13.47,171.8
20.91,82.84,602.16
36.98,42.1,727.97
3.11,9.96,125.49
16.96,100.57,598.74
20.39,92.46,621.53
24.7,61.3,597.17
47.39,61.32,955.81
16.14,99.92,592.97
16.28,67.92,495.69
16.93,13.71,349.14
46.3,118.35,1113.15
31.26,42.15,647.63
16.91,86.38,570.16
1.24,88.46,334.72
11.66,64.09,420.94
36.98,98.11,904.59
0.85,52.78,221.49
12.61,6.57,257.39
2.71,23.78,163.81
27.52,98.7,743.95
17.18,33.12,405.27
46.26,46.49,896.41
29.54,92.16,765.23
19.7,21.12,408.09
5.44,98.73,422.54
10.59,117.42,555.25
8.17,86.17,431.06
26.89,101.78,749.38
23.17,99.6,690.18
44.12,28.73,792.97
37.56,15.81,656.43
20.59,92.66,634.42
34.64,32.02,647.62
37.42,13.0,660.78
37.23,28.45,688.91
37.26,85.95,869.18
13.83,108.2,596.02
13.65,64.48,445.37
2.54,30.21,178.13
4.9,39.85,242.09
41.43,67.26,856.86
36.3,109.64,941.17
36.91,27.95,685.49
4.7,109.96,454.91
20.26,100.83,650.76
48.74,32.63,871.79
45.21,51.21,880.82
15.27,9.29,301.77
8.32,20.48,232.52
5.92,7.39,160.92
10.21,94.53,479.98
27.95,50.38,626.16
5.7,23.87,209.66
40.27,95.47,951.58
35.43,98.72,867.42
37.76,30.85,709.26
45.63,13.32,773.12
29.7,68.44,692.76
12.65,37.07,346.6
41.51,10.25,690.99
39.97,110.02,983.86
32.69,19.62,601.05
33.54,31.63,655.92
10.17,105.48,521.64
46.36,11.13,784.19
3.78,76.19,342.04
22.83,9.54,424.57
45.41,92.03,1020.11
40.75,20.89,723.34
41.83,115.34,1024.66
13.5,24.24,328.08
45.65,81.01,964.26
10.77,43.49,337.62
35.68,90.68,857.29
26.76,73.82,666.89
8.96,66.12,378.9
18.28,33.28,424.3
4.31,88.31,377.16
29.94,47.22,647.53
25.7,112.46,785.91
48.18,96.41,1059.08
48.08,55.16,946.67
41.89,112.93,1010.91
43.34,18.42,758.45
45.61,116.13,1090.27
4.11,36.02,220.72
33.36,104.15,862.4
15.73,47.14,431.4
20.97,72.42,588.53
34.13,100.5,871.69
49.65,46.25,936.13
2.67,25.75,166.83
48.24,108.31,1110.05
8.88,108.76,507.57
21.5,35.25,475.93
14.54,67.23,472.84
26.53,45.52,576.61
13.3,45.1,386.56
24.19,80.44,660.14
47.72,26.35,825.7
8.65,72.65,400.94
16.53,42.84,423.52
14.01,72.74,474.35
39.92,77.06,888.93
38.72,57.91,800.84
14.52,7.12,291.51
10.75,43.18,339.94
26.96,36.61,565.44
29.78,119.95,851.74
46.33,44.55,883.94
32.84,113.42,881.51
6.36,59.52,327.65
31.84,31.07,622.89
28.93,91.76,768.99
37.55,25.46,696.97
37.84,10.9,641.42
35.58,6.67,601.56
37.11,72.15,799.91
15.5,72.84,495.66
37.35,74.89,835.98
3.64,21.59,169.97
6.53,30.26,235.42
46.09,76.81,957.07
26.21,29.39,533.41
26.51,93.28,716.63
35.18,45.44,720.28
12.46,45.28,379.22
49.27,118.24,1143.52
35.78,12.75,616.62
17.16,66.63,508.44
16.67,95.33,585.43
36.17,117.92,942.02
27.86,102.0,774.35
44.49,78.8,953.74
27.14,111.91,798.33
23.03,56.08,565.48
48.72,101.54,1095.9
4.73,49.54,269.83
16.72,106.44,606.02
5.91,74.64,354.84
23.78,22.74,476.76
47.0,63.21,956.07
31.62,45.3,646.26
5.45,14.19,175.0
17.35,15.62,355.45
37.15,57.62,776.76
3.42,30.73,195.61
41.73,23.26,750.27
34.91,18.23,627.71
2.25,20.59,146.24
41.92,44.23,811.9
48.55,8.77,803.02
35.38,73.61,801.67
8.43,97.13,466.97
16.76,29.98,396.37
13.16,66.63,445.06
34.71,39.4,691.89
27.4,25.33,537.73
32.04,117.58,876.48
18.88,16.26,384.75
25.01,42.45,546.06
49.16,46.88,929.72
25.96,119.95,789.89
40.29,13.52,684.69
13.5,61.45,442.26
37.63,87.75,880.17
19.61,116.82,693.84
17.44,5.31,331.71
19.65,11.19,374.68
16.68,12.03,334.21
38.94,15.14,681.51
24.76,95.26,708.21
47.21,66.93,947.81
42.81,96.07,978.18
36.84,15.79,641.19
24.59,116.66,776.98
5.12,80.41,372.86
29.85,36.69,618.44
36.21,102.6,892.69
47.62,100.31,1059.32
46.72,19.83,792.23
21.47,74.05,587.57
30.51,97.65,797.93
16.1,82.63,538.86
43.12,37.1,804.03
4.78,15.16,169.99
8.96,86.35,445.9
32.47,44.26,667.79
31.02,42.85,641.84
42.35,97.45,993.47
2.29,65.28,282.07
48.89,32.84,879.57
10.84,21.95,278.11
11.66,40.16,348.55
20.54,117.77,711.28
43.33,32.51,805.2
26.59,95.01,734.45
17.81,94.24,592.23
43.06,20.47,761.56
49.93,46.7,949.76
22.11,67.46,583.4
9.83,100.58,506.41
11.27,20.61,285.1
41.57,23.98,731.55
6.29,115.6,489.04
37.11,22.99,685.25
4.68,49.69,267.84
6.39,71.41,362.35
48.12,34.83,890.97
17.9,43.68,450.86
33.37,56.68,718.13
10.05,53.83,361.93
18.78,42.72,460.24
44.52,37.81,827.42
15.45,82.65,523.66
29.28,34.51,585.55
11.1,45.48,351.35
38.52,99.71,923.36
49.27,43.73,911.09
13.11,25.48,323.09
22.69,53.74,543.68
41.3,23.55,737.35
38.37,108.78,964.47
38.36,46.39,756.19
23.42,6.99,422.82
12.22,34.67,332.34
18.25,79.44,556.1
23.89,21.93,474.58
21.83,108.14,702.02
19.44,24.68,415.64
43.31,26.56,763.36
47.28,110.79,1107.72
32.86,104.47,854.99
48.2,48.43,904.18
32.16,34.97,626.03
3.15,87.84,367.28
10.48,75.1,438.44
24.48,99.95,722.39
20.07,48.44,501.52
36.61,76.7,827.94
35.31,92.57,852.56
11.68,111.27,571.3
36.18,32.99,694.0
30.63,53.76,674.48
24.27,60.38,584.45
21.67,44.97,515.3
48.64,59.83,954.78
42.4,41.61,823.58
14.87,9.82,307.43
13.17,44.76,381.05
9.92,17.15,250.7
43.86,7.53,737.77
0.92,70.15,268.51
19.68,8.06,369.92
38.84,52.53,791.67
0.94,89.85,333.98
44.06,103.79,1035.07
36.03,92.0,868.63
14.28,108.45,591.22
24.79,84.55,677.58
9.81,102.3,502.83
2.8,20.51,152.99
30.91,24.31,583.48
23.02,103.43,712.31
20.35,65.76,552.03
18.95,99.45,630.63
5.42,18.98,190.0
26.37,44.88,585.02
29.38,85.86,747.66
36.73,35.09,698.18
26.09,52.74,600.37
5.13,67.82,329.82
2.35,39.65,206.04
9.79,10.3,227.65
9.31,74.56,410.23
27.17,79.78,698.91
28.17,67.86,674.76
3.5,63.9,297.98
25.21,100.38,727.72
10.52,24.99,285.83
38.79,114.57,982.84
48.24,112.6,1118.72
6.33,104.56,460.24
36.13,115.79,945.52
19.27,90.93,617.3
25.83,65.48,638.82
43.32,30.01,792.23
21.03,107.38,703.97
2.79,46.07,229.24
39.54,61.74,842.48
7.87,78.28,399.05
30.88,102.23,816.1
22.02,39.68,499.74
19.37,39.43,459.72
7.47,58.36,333.1
14.43,5.57,282.31
28.19,107.43,788.91
38.87,24.51,707.81
14.05,28.25,345.52
36.93,97.12,901.42
26.48,81.04,692.8
24.26,13.04,452.45
34.6,118.82,925.38
39.84,56.82,816.53
17.38,28.63,393.74
23.02,102.36,709.79
20.19,13.55,399.91
1.23,71.84,278.71
7.91,17.67,219.96
5.45,57.07,304.34
20.73,80.13,601.6
14.11,107.8,585.52
2.89,118.1,444.58
34.4,116.96,927.12
17.61,55.97,481.21
6.53,79.79,391.95
17.66,113.4,654.99
37.13,108.03,921.92
37.59,112.58,943.59
42.0,67.17,890.78
35.57,38.89,700.54
43.04,110.22,1028.25
26.71,92.34,726.84
15.71,103.47,597.26
16.47,31.99,392.5
43.93,35.7,811.57
49.55,8.23,821.38
39.89,67.12,837.11
3.47,50.92,260.43
49.8,29.92,888.79
47.22,57.89,927.31
43.04,60.3,872.68
22.77,97.37,676.42
5.56,43.29,262.71
36.92,74.24,837.11
36.41,37.9,709.27
14.03,52.17,422.68
31.75,119.26,876.78
17.47,103.46,614.67
25.0,60.9,602.98
15.92,107.24,610.92
32.82,83.51,798.96
15.04,82.7,515.88
43.87,69.12,898.73
46.74,88.98,1036.29
16.92,58.22,480.66
22.68,100.16,694.53
21.72,113.4,702.44
42.8,112.1,1007.22
14.02,32.39,353.08
22.44,24.14,462.12
47.98,39.66,893.21
43.9,38.41,846.15
25.82,23.49,508.61
49.47,24.72,867.32
11.37,100.34,513.57
24.07,107.3,732.41
11.23,46.97,362.96
44.32,99.81,1013.78
36.87,40.42,712.64
35.29,16.05,612.63
3.57,101.25,410.12
14.61,26.93,353.26
41.38,19.53,730.65
21.02,114.23,709.19
0.79,15.91,108.12
13.79,32.69,350.05
31.29,105.68,838.63
40.88,88.2,925.18
16.96,80.94,544.89
15.43,7.73,305.61
34.93,43.42,705.76
32.48,87.51,801.92
37.17,65.01,800.39
6.98,99.79,449.2
49.61,75.2,1014.67
39.74,20.71,718.38
14.16,22.21,331.42
37.99,36.2,738.59
6.47,65.95,346.44
38.35,22.03,690.13
41.69,30.68,763.81
13.38,11.3,285.38
40.72,25.67,725.54
14.74,36.79,386.68
18.83,107.41,669.76
38.14,65.02,804.1
48.75,39.08,905.57
31.72,100.24,817.7
27.97,87.98,736.56
37.4,58.47,784.89
12.73,101.84,542.25
46.41,108.2,1049.7
40.96,58.8,837.8
37.41,42.16,739.05
34.55,35.43,664.5
9.06,30.29,275.42
25.25,7.17,454.32
12.75,65.25,440.63
27.17,90.13,725.51
31.0,116.89,851.17
6.02,114.55,483.01
3.65,47.4,246.93
5.49,25.23,206.58
36.98,12.82,647.01
41.76,68.06,882.33
1.55,114.39,418.97
15.64,58.23,456.41
21.01,98.28,654.21
0.64,11.81,94.54
29.96,112.0,824.24
18.74,89.24,590.08
43.01,31.44,779.84
36.71,39.99,715.32
17.94,117.2,665.29
13.2,46.96,398.55
9.83,28.24,281.59
29.39,74.01,719.05
25.5,42.27,560.6
41.4,71.87,885.92
5.01,55.92,293.03
17.97,99.58,601.17
25.76,109.51,764.17
12.89,96.12,535.18
44.04,22.85,776.68
13.25,103.13,558.27
30.23,58.45,674.43
26.15,110.88,773.67
32.43,47.01,682.39
19.73,30.98,445.73
18.62,73.32,543.91
24.65,119.63,794.51
36.89,46.65,749.56
19.91,75.96,577.25
5.8,82.89,394.6
3.16,16.15,146.12
22.83,32.02,483.16
9.56,87.0,457.21
4.72,24.53,193.83
5.14,76.67,353.96
46.83,38.68,869.41
17.02,65.85,501.09
4.64,48.15,262.91
33.02,90.07,821.79
14.69,92.38,536.22
11.61,34.99,330.19
14.34,46.98,408.45
44.19,22.43,786.46
31.06,42.65,641.62
40.28,115.41,1007.77
44.87,111.07,1044.53
17.42,21.04,380.78
9.29,21.94,256.46
40.84,35.14,752.88
14.25,54.51,423.48
7.92,103.45,485.02
33.67,36.47,667.43
13.3,83.83,499.24
14.23,101.49,567.09
9.25,53.2,344.06
11.05,41.6,344.39
19.67,117.9,698.53
9.46,10.01,222.2
19.33,78.45,572.81
46.6,85.65,999.94
14.78,57.84,448.46
1.78,57.82,248.41
32.4,32.87,643.43
26.79,65.22,660.98
43.96,104.01,1017.33
2.42,11.31,120.4
31.99,73.48,744.95
36.81,45.27,744.96
8.47,61.09,364.67
40.9,60.96,850.75
12.48,86.82,497.7
32.08,116.09,871.24
49.02,32.83,885.23
14.8,50.44,427.81
47.07,8.0,773.56
41.38,59.34,833.91
17.13,26.04,391.19
18.38,107.13,644.68
39.86,100.91,963.53
12.22,10.39,264.29
24.81,30.67,514.65
18.15,78.5,561.81
19.2,56.07,506.63
0.78,37.94,177.18
9.24,118.3,548.86
22.83,34.84,500.4
22.96,97.78,698.16
31.2,116.28,868.43
32.38,64.99,739.86
22.87,81.81,633.66
10.79,72.67,425.78
45.34,115.59,1070.81
24.2,73.52,629.51
24.96,39.2,537.32
4.96,29.17,213.11
44.73,28.38,792.99
46.01,97.41,1029.68
19.19,98.19,632.84
11.32,45.12,356.41
26.33,72.4,661.33
2.66,12.46,128.98
45.47,77.37,970.02
45.16,7.08,756.09
23.01,20.42,460.65
20.33,17.92,408.7
11.54,63.21,419.28
32.69,75.36,757.15
1.36,100.98,370.28
23.09,113.06,741.35
30.7,90.6,785.61
26.2,112.01,792.11
25.22,20.23,481.69
2.77,44.76,228.7
48.34,87.43,1047.35
21.01,87.49,626.87
47.01,9.15,779.55
25.76,75.31,666.92
20.52,57.1,533.95
10.47,69.12,411.56
21.89,72.02,581.88
29.47,41.43,621.16
17.37,63.55,507.7
34.82,14.51,613.93
1.89,59.67,254.48
10.31,14.83,248.21
0.82,76.75,289.38
11.53,79.98,460.45
22.06,7.06,401.04
7.1,8.59,181.15
44.63,77.89,975.06
30.41,35.15,616.13
28.17,17.55,524.15
14.12,95.57,546.23
3.79,9.92,138.94
48.49,38.93,888.68
2.64,99.61,392.48
3.38,28.66,187.45
45.21,102.84,1047.9
36.72,98.26,894.27
12.26,35.9,343.42
39.38,27.32,725.6
46.11,117.22,1085.54
10.81,33.14,313.44
2.65,40.89,211.24
12.06,88.53,499.49
36.73,51.19,751.42
11.57,32.69,324.96
13.06,24.72,322.4
7.38,56.4,327.46
7.71,52.55,321.84
5.58,94.28,412.91
2.88,109.09,421.45
12.8,15.47,293.01
40.79,71.99,876.46
20.96,57.15,520.78
9.65,82.72,439.03
24.74,118.35,767.18
22.73,24.58,459.53
44.4,88.55,987.65
3.58,36.84,215.82
41.28,104.32,978.17
49.9,69.73,1008.16
26.02,60.21,616.36
1.04,21.24,129.75
6.59,55.41,314.25
30.12,33.22,607.2
40.42,86.15,906.55
47.62,37.82,878.73
17.69,20.93,371.44
39.02,35.13,751.08
6.85,10.97,187.4
48.73,95.35,1082.49
37.32,95.17,888.36
40.77,58.44,826.71
23.19,40.79,512.33
10.24,91.92,475.88
23.48,30.43,491.55
23.23,71.48,615.94
1.37,13.92,112.93
48.62,41.3,901.08
42.81,12.41,731.58
8.1,98.23,466.17
10.05,87.39,467.81
6.29,81.68,387.4
31.13,82.11,780.38
28.66,15.28,523.47
38.25,5.0,646.18
25.12,5.07,449.46
27.2,41.22,579.95
39.17,91.99,917.01
36.88,99.78,913.89
20.59,60.7,539.59
5.98,119.38,509.41
44.44,99.45,1012.65
39.57,36.16,754.79
44.36,23.78,786.13
16.33,110.28,630.32
40.87,87.14,905.73
8.1,116.53,520.72
23.51,103.98,734.71
23.62,114.38,741.57
10.52,9.54,232.51
16.71,113.59,645.48
45.56,13.36,782.72
11.12,24.73,286.73
48.09,103.03,1079.6
38.79,67.79,844.15
3.26,20.57,158.32
29.38,45.18,619.39
22.88,53.24,552.14
42.25,67.45,863.99
41.06,27.09,760.52
19.13,98.13,633.81
31.47,5.7,536.9
42.81,89.9,965.75
35.61,85.07,852.86
40.31,18.52,723.15
43.09,74.71,921.02
44.41,110.12,1037.9
31.92,65.33,715.6
9.49,86.0,450.43
35.09,5.19,599.63
7.39,90.86,429.63
18.67,113.09,665.7
18.83,103.4,649.41
26.0,87.62,710.39
36.67,115.0,938.53
9.84,32.77,297.11
8.81,63.23,369.5
47.6,64.14,943.28
40.6,27.1,754.55
26.03,45.44,575.95
11.78,107.69,556.14
27.38,101.44,768.51
34.47,114.84,910.51
13.99,74.03,484.1
43.32,12.18,731.42
18.4,65.24,518.0
14.25,57.61,436.27
1.87,69.63,284.58
24.28,54.64,581.92
16.83,86.67,558.06
49.5,59.92,980.58
48.14,15.06,819.6
47.8,79.56,1017.53
34.45,78.89,806.41
20.52,88.12,615.14
17.4,91.37,597.47
20.8,97.99,659.22
44.15,66.73,927.77
6.41,74.33,367.81
12.77,114.79,591.44
14.84,64.29,466.45
11.4,94.75,499.43
9.14,94.41,469.96
4.89,60.07,304.42
12.07,24.33,303.55
22.82,82.35,646.04
16.34,8.0,323.44
33.06,108.57,864.04
15.41,68.87,485.54
38.51,83.27,886.39
38.53,28.01,713.22
36.85,34.96,709.0
31.47,92.37,794.25
40.51,116.94,1014.2
46.86,34.63,860.42
9.71,68.22,398.73
40.91,30.8,755.16
22.81,93.87,675.96
41.95,101.13,983.19
39.95,91.11,935.78
30.51,54.54,674.16
26.59,67.54,651.4
38.55,73.4,851.38
23.86,106.67,734.86
45.75,85.4,996.86
10.4,103.41,513.06
2.89,119.09,450.2
35.33,94.57,873.32
37.85,19.08,673.41
46.96,100.99,1064.29
40.49,21.35,720.31
19.21,49.45,486.22
25.71,23.72,510.5
13.64,37.24,365.11
18.75,69.2,544.89
13.18,10.06,271.88
23.54,81.12,651.78
43.62,42.41,834.11
46.99,69.05,970.44
37.86,9.41,645.19
10.14,12.19,239.06
43.29,14.94,735.96
14.85,99.38,578.79
18.28,8.16,347.47
5.85,17.12,186.54
10.85,67.14,418.23
0.7,56.51,232.94
22.15,30.78,467.46
49.47,84.88,1052.89
45.89,11.78,768.08
31.81,22.07,592.13
14.63,63.25,448.05
17.23,115.34,652.4
37.36,69.04,815.09
12.46,20.55,302.48
7.93,47.18,313.18
22.48,48.2,536.94
19.94,97.21,641.9
24.28,19.41,470.37
22.26,38.15,503.06
10.17,38.7,318.3
41.21,75.46,900.58
1.4,53.0,229.96
21.87,41.1,497.2
30.2,113.24,837.0
37.05,36.38,727.69
25.34,73.1,653.54
29.48,85.35,760.77
44.09,37.61,820.21
15.6,48.15,420.1
30.14,94.0,783.36
16.68,25.28,375.49
1.86,98.55,366.86
2.39,93.38,366.97
12.85,119.9,601.63
7.32,108.29,486.37
15.03,56.15,442.29
26.37,108.61,776.19
35.65,99.69,873.59
48.9,11.87,814.59
35.28,36.81,698.56
47.23,91.26,1036.96
39.38,87.28,901.75
41.44,79.75,894.27
5.71,51.85,290.57
23.81,113.51,743.83
1.66,101.81,380.85
29.82,69.77,716.14
41.74,108.13,991.63
22.48,14.58,432.64
35.96,113.52,937.34
11.87,98.16,526.11
16.71,71.31,514.04
33.4,9.65,587.9
41.51,42.62,808.67
36.12,99.44,885.2
47.76,88.7,1039.52
34.79,98.35,861.25
30.47,98.89,808.89
33.71,71.67,777.58
3.17,84.1,347.31
38.64,111.59,966.04
10.23,50.82,361.98
5.19,55.76,294.7
10.2,85.51,458.84
15.14,83.21,520.72
12.12,116.05,578.54
49.91,118.29,1162.9
23.26,118.91,741.44
10.47,28.78,292.44
22.93,82.89,650.75
43.04,119.99,1053.77
36.51,69.81,805.74
40.9,24.83,737.64
48.1,103.03,1065.5
34.63,95.79,866.8
42.87,81.96,928.39
42.47,91.71,975.51
24.75,108.41,738.17
7.96,112.66,499.7
39.94,43.36,761.59
7.19,101.33,464.5
43.64,15.3,751.64
38.88,39.49,738.64
41.01,107.24,999.92
22.6,34.21,485.25
35.08,34.04,673.51
44.87,30.04,802.92
31.5,105.16,833.08
19.67,23.83,417.4
30.13,68.43,720.74
13.74,107.79,583.91
17.28,52.08,474.52
27.87,55.14,639.15
40.81,32.26,761.2
19.28,116.04,681.23
22.06,109.32,704.8
31.68,84.48,773.64
49.57,38.31,904.39
35.74,83.24,837.75
5.94,50.66,288.18
26.61,94.87,732.03
23.77,45.03,538.2
4.94,63.19,316.15
46.94,78.23,977.11
7.08,53.37,315.89
47.38,39.81,870.75
4.11,57.83,283.51
22.81,92.97,681.41
48.69,38.16,889.23
17.92,32.48,415.67
37.54,84.5,876.38
41.44,102.12,963.87
39.68,45.75,799.51
19.15,81.41,579.84
39.08,15.92,695.31
20.84,73.75,575.8
28.1,107.52,803.27
5.86,74.32,361.24
22.41,96.31,685.87
14.41,77.1,497.21
2.16,21.82,147.37
11.4,62.33,406.01
48.78,13.39,823.53
33.8,94.91,850.13
43.53,104.82,1009.39
40.56,42.1,795.13
32.6,60.76,720.31
7.07,30.81,248.34
13.55,13.93,295.79
26.35,70.18,648.29
9.53,63.03,377.22
0.7,83.54,314.72
12.87,69.44,449.16
34.68,85.55,817.43
14.33,113.93,613.4
45.02,37.75,850.7
4.26,73.82,333.61
17.26,116.3,652.26
41.93,71.75,893.34
19.25,8.25,368.46
43.46,76.05,931.7
13.84,88.8,523.31
38.48,97.49,926.15
29.34,63.79,687.63
5.09,7.26,148.65
2.14,60.5,261.71
10.21,24.48,278.66
19.06,45.45,464.77
11.47,59.44,398.23
7.42,70.84,378.62
40.8,71.6,877.02
11.04,61.38,397.35
16.63,29.58,385.64
34.95,31.12,665.38
6.31,95.94,432.51
20.53,33.09,455.31
20.15,31.01,444.43
44.55,72.93,927.53
28.18,82.19,727.63
16.57,42.73,426.03
12.2,14.98,280.58
39.26,109.81,963.47
29.54,29.23,575.5
3.27,62.14,283.39
35.97,88.93,853.18
20.52,81.47,603.75
8.05,63.31,361.59
46.56,74.14,950.32
32.53,9.26,559.47
36.47,81.92,844.19
8.35,44.13,303.13
10.98,26.42,297.54
24.28,46.73,569.83
40.82,63.81,869.92
2.38,94.51,366.78
3.6,22.04,172.72
45.99,77.66,967.58
25.83,66.49,640.22
18.36,58.43,497.18
30.23,11.02,537.03
43.85,54.87,856.48
48.66,42.18,905.43
20.62,64.24,546.36
48.4,54.58,950.93
13.2,42.34,374.95
22.11,8.15,411.87
43.05,79.59,941.28
26.76,25.77,533.75
3.11,49.72,244.36
40.66,111.42,1006.29
19.21,55.23,500.31
21.35,110.26,691.96
11.94,94.34,507.52
17.04,116.13,662.5
7.32,48.95,305.29
28.38,91.11,751.29
26.74,32.13,549.72
14.95,106.06,601.09
2.8,71.92,308.17
49.12,44.25,945.28
19.12,66.22,535.26
36.92,104.74,929.37
18.66,112.82,668.27
1.59,49.74,222.55
39.0,69.78,831.68
40.53,97.0,950.98
9.13,9.74,214.37
29.1,106.57,802.12
9.83,16.87,247.77
20.54,115.39,701.7
14.71,90.02,539.08
10.11,63.82,398.16
27.16,90.06,732.45
15.0,15.71,319.62
16.49,20.62,355.58
18.38,37.41,429.74
49.47,21.41,852.44
39.14,69.24,840.85
6.45,38.43,265.24
9.41,13.99,233.14
45.69,58.85,904.03
42.21,17.24,730.83
38.32,60.7,791.07
15.46,50.96,435.34
25.14,11.18,460.78
15.11,70.07,483.8
41.85,37.96,796.43
13.33,77.76,493.62
47.54,97.07,1064.84
31.2,79.15,751.97
27.93,29.68,556.57
26.03,88.65,704.17
48.39,119.06,1143.7
42.8,23.89,768.62
21.89,35.33,483.84
3.93,49.34,256.63
11.28,57.65,399.75
47.97,114.72,1099.14
44.04,36.56,830.9
5.94,71.42,358.03
7.09,115.34,509.27
24.9,26.67,502.84
6.27,44.59,278.33
25.89,30.23,517.89
20.31,11.9,396.76
30.72,39.0,628.37
39.73,57.69,820.38
17.0,106.49,628.69
31.13,49.75,671.08
1.63,39.16,192.77
11.51,41.89,347.33
17.29,71.47,529.93
13.16,80.41,488.2
24.46,65.73,612.4
3.64,100.48,402.07
47.75,86.76,1004.5
35.32,69.28,796.11
1.36,93.81,345.66
43.83,69.57,913.23
31.91,105.19,834.12
31.69,88.57,817.06
10.84,56.54,385.98
23.4,11.44,437.04
3.77,109.87,440.89
29.62,51.02,644.02
21.38,74.07,587.67
46.17,6.98,753.98
40.83,55.94,822.98
33.92,81.61,803.23
45.35,89.52,997.63
45.77,73.23,960.93
40.82,40.72,785.91
30.3,10.54,531.36
34.21,5.13,573.89
20.75,39.35,478.53
17.05,99.57,602.31
40.82,104.93,975.0
8.49,75.27,402.1
14.15,98.07,558.91
28.05,96.27,759.33
27.03,90.64,730.77
40.63,89.3,918.56
15.9,43.42,426.87
40.63,72.66,878.93
4.18,59.68,290.4
25.38,28.62,521.24
41.27,28.22,759.44
46.8,72.88,983.49
34.85,119.27,919.9
17.58,84.68,563.41
24.0,76.74,640.47
33.34,23.36,623.17
16.55,98.27,588.64
15.17,29.54,370.35
38.14,118.02,985.84
16.15,86.32,555.29
31.44,21.39,588.88
25.3,105.39,747.1
45.0,14.16,768.43
32.34,18.24,597.26
6.49,87.75,410.65
11.98,47.79,372.97
14.28,5.84,279.35
11.5,51.79,377.9
25.75,90.97,708.7
34.1,75.66,776.87
8.44,100.25,477.14
15.19,16.48,326.17
38.15,104.85,959.63
28.14,45.84,617.22
26.28,68.58,645.35
15.38,9.6,312.28
7.75,51.57,321.42
22.27,101.27,697.28
37.49,52.77,780.36
28.47,11.79,510.56
36.13,50.74,742.47
14.66,38.94,393.54
9.23,107.61,511.66
4.24,61.15,297.54
4.23,40.93,232.34
4.51,21.53,181.27
11.83,56.1,399.26
9.56,63.56,390.58
12.21,14.8,278.15
30.38,22.33,583.04
37.69,93.4,905.52
49.6,55.36,960.06
34.89,7.44,595.69
9.03,7.67,206.86
3.61,17.03,155.56
39.55,24.56,720.58
16.62,17.99,352.71
44.32,79.25,962.79
45.81,85.88,992.32
16.2,76.71,523.25
49.79,64.3,994.88
6.25,66.38,343.55
39.45,48.9,801.42
38.36,35.39,736.73
10.6,110.89,545.51
27.05,62.49,638.4
17.56,111.24,641.04
29.07,64.96,681.79
33.66,104.74,878.84
25.43,25.45,498.9
19.72,64.02,549.3
31.3,32.03,610.67
47.83,35.92,894.8
18.18,67.84,515.59
19.21,63.77,524.47
35.64,90.55,858.16
4.58,10.39,151.15
42.8,28.28,774.94
29.97,6.92,520.61
47.96,44.92,913.52
1.65,37.97,188.48
8.16,82.84,412.07
4.23,31.71,208.61
11.14,73.99,438.31
28.43,95.31,760.71
26.14,104.04,754.94
3.78,114.45,449.96
16.1,102.19,598.83
43.45,99.73,1006.73
2.19,71.39,299.97
14.31,73.5,479.92
13.32,48.22,390.46
18.81,104.32,633.99
13.08,67.93,444.57
18.29,117.5,675.85
17.87,26.79,398.39
17.91,34.27,418.7
45.83,8.8,759.21
39.33,18.88,695.64
32.64,118.79,892.42
13.47,34.83,357.66
39.89,58.61,821.34
17.49,30.43,409.14
34.9,61.87,757.74
27.05,70.64,664.7
26.2,30.18,535.16
45.38,110.48,1065.35
36.87,63.12,790.45
36.98,13.64,646.63
1.42,49.04,219.85
20.85,105.7,677.04
1.66,9.19,102.7
2.13,42.51,211.12
34.49,23.11,632.63
29.09,113.25,816.99
40.4,100.98,980.6
19.35,25.46,418.8
34.36,57.1,741.2
8.94,94.35,463.97
8.58,106.49,494.17
24.63,18.89,477.57
38.1,81.36,878.96
38.43,20.22,687.16
39.49,81.46,876.52
39.75,46.72,789.96
36.83,74.26,823.38
45.1,5.44,756.84
1.85,88.37,343.5
33.11,75.15,772.55
21.3,40.59,493.81
11.65,63.06,411.6
41.24,62.23,866.24
12.57,75.65,461.88
38.5,105.78,944.98
9.62,21.17,259.21
33.19,23.07,608.08
8.21,6.78,192.44
15.47,64.11,476.14
38.27,36.28,727.85
33.34,52.28,716.52
44.25,42.63,847.57
40.85,107.57,1000.91
45.98,78.14,969.76
11.37,24.05,292.13
10.42,112.57,528.68
11.74,62.4,412.6
49.39,29.1,886.61
46.47,65.43,935.95
38.77,6.85,649.49
49.5,68.46,999.11
8.48,104.15,485.04
2.68,79.46,332.68
31.97,40.93,645.51
46.23,47.04,888.62
8.13,104.46,492.93
31.08,24.46,583.73
21.04,100.29,666.36
26.46,106.61,756.02
30.59,104.67,821.49
4.96,107.42,451.2
9.41,67.38,396.69
1.09,106.67,391.75
1.63,86.56,331.7
23.82,82.62,654.62
3.32,109.53,423.9
42.22,52.56,836.01
43.04,39.73,817.71
18.32,62.62,512.99
40.49,77.84,885.59
20.96,8.37,394.14
40.21,68.87,843.32
44.79,86.56,988.29
3.39,92.86,379.01
23.06,79.58,632.65
33.87,62.71,753.34
34.34,38.19,668.36
30.01,62.87,690.14
40.21,73.24,879.58
26.35,79.59,694.85
31.14,116.88,874.4
31.38,52.81,680.05
0.93,87.01,321.83
9.62,45.13,331.68
10.82,43.54,348.11
22.62,50.4,534.22
29.55,33.63,605.21
49.98,93.97,1085.88
35.51,57.18,753.52
10.99,71.67,428.46
17.44,7.21,332.84
27.0,11.35,493.14
4.05,118.56,467.23
38.31,98.75,928.09
6.58,17.46,204.13
15.68,52.4,445.42
6.91,67.83,364.47
13.51,70.23,463.97
31.41,58.65,683.93
1.45,23.56,140.62
10.62,84.35,464.53
21.5,88.39,637.93
29.41,65.41,686.97
40.38,114.02,988.92
31.07,5.37,534.11
16.76,85.69,556.56
12.55,23.79,312.39
24.52,56.4,576.84
23.74,45.38,542.11
49.25,26.69,870.2
38.71,99.1,926.16
25.07,30.18,505.62
17.53,19.48,370.7
44.22,32.89,811.51
27.41,46.0,595.38
18.71,50.24,475.99
47.03,48.87,909.72
21.27,21.96,443.14
17.25,27.13,388.83
38.49,73.42,827.13
14.62,18.31,323.48
13.67,36.54,360.18
1.65,38.83,189.54
0.96,89.7,332.78
31.81,114.14,868.05
46.14,68.24,935.68
19.49,10.12,370.31
29.51,109.33,829.75
14.6,56.0,443.71
47.7,90.25,1048.63
45.54,42.84,859.69
9.19,19.27,245.65
38.04,39.42,731.88
25.95,106.09,755.8
36.77,13.24,645.39
28.87,73.04,693.47
33.48,31.61,648.13
45.9,15.19,776.26
16.86,39.96,429.49
18.9,31.75,430.42
37.07,31.7,708.5
10.89,54.2,379.56
46.61,5.8,763.87
35.87,54.2,756.47
43.37,26.42,798.99
34.6,33.9,666.66
26.85,12.65,484.85
25.53,73.89,653.06
12.39,66.12,437.38
40.94,70.4,873.3
43.61,69.45,914.87
14.5,15.42,314.47
47.5,88.37,1021.98
37.06,27.94,696.63
25.29,7.82,449.99
13.51,106.25,568.71
12.69,113.52,583.68
20.45,21.14,405.95
48.65,79.23,1018.16
23.0,47.56,541.24
33.63,68.17,776.47
45.49,5.46,759.25
4.93,15.75,171.69
5.19,113.3,472.37
7.13,65.66,360.35
2.47,5.68,104.56
28.25,8.62,498.48
2.22,18.77,138.61
11.62,23.16,292.39
38.94,51.52,779.15
22.79,75.08,623.76
3.87,34.02,206.57
42.32,73.67,910.21
9.88,12.93,237.97
16.36,54.82,460.75
36.78,72.97,808.89
5.74,59.29,316.22
27.9,93.57,751.1
20.92,86.17,612.88
43.1,76.51,929.39
29.62,67.0,701.22
25.34,24.56,511.51
27.57,54.18,625.84
47.03,7.34,778.64
46.01,83.79,981.49
22.32,14.33,430.59
34.76,72.3,780.88
26.36,38.34,563.11
32.92,106.42,864.38
35.94,91.48,854.78
32.07,50.72,672.98
16.25,119.33,647.43
1.5,89.5,341.48
23.4,107.9,730.49
11.14,44.86,354.02
34.18,101.97,863.79
29.79,5.39,518.44
46.68,37.01,863.9
35.71,47.43,724.86
20.22,85.74,609.51
37.43,70.14,827.58
35.3,109.38,891.42
42.01,7.68,690.43
13.15,21.07,310.92
2.5,52.97,248.67
41.35,15.74,721.85
3.71,119.55,462.83
15.83,9.3,316.67
7.1,92.6,429.89
20.04,108.25,674.13
29.67,102.21,795.8
27.0,91.34,718.53
20.47,102.03,668.93
5.86,116.35,481.47
43.42,70.76,930.63
35.0,16.58,624.04
20.69,63.66,550.41
45.33,119.86,1098.83
39.21,23.99,716.3
21.05,93.13,646.14
22.56,31.98,481.58
39.65,24.76,727.85
5.42,40.02,252.13
34.67,85.54,823.96
6.55,85.53,405.98
4.5,56.55,291.6
39.92,29.24,729.14
9.64,109.25,522.43
29.85,99.16,794.21
11.26,114.18,560.35
12.66,29.93,328.29
8.77,26.39,258.78
12.88,89.22,515.0
16.84,96.83,583.87
36.01,82.6,829.13
49.77,75.59,1018.22
32.81,60.64,728.69
42.77,106.37,990.15
35.69,5.68,605.3
34.57,66.97,775.28
46.75,106.89,1052.52
43.71,32.24,796.68
6.95,32.21,250.48
44.24,18.8,768.29
13.5,96.78,542.46
46.31,52.49,907.17
1.87,43.34,204.62
39.41,7.27,657.34
17.94,13.32,356.83
21.65,59.11,546.93
7.62,119.8,528.37
1.81,64.64,271.42
26.35,71.32,659.67
44.62,51.91,882.41
36.48,81.65,839.85
8.61,54.11,344.12
2.85,118.22,446.55
45.72,78.18,984.57
41.8,24.9,748.65
43.85,21.86,763.18
27.24,112.1,791.57
17.55,99.08,618.8
45.07,54.95,891.39
20.06,29.42,440.49
23.35,49.94,552.72
5.56,28.01,218.76
33.54,26.25,629.67
17.91,26.58,395.21
41.09,11.68,698.0
22.61,37.89,507.3
23.17,55.08,561.58
21.29,21.65,426.83
30.81,81.22,759.3
40.82,86.07,932.85
33.25,44.49,686.16
6.11,91.66,418.54
35.09,56.56,743.36
48.18,91.37,1026.9
13.61,34.97,358.44
23.31,26.97,484.44
4.48,90.61,391.05
25.58,14.39,480.11
35.98,50.87,739.73
35.76,35.02,683.94
30.36,106.35,819.12
38.08,55.73,779.07
25.77,101.44,744.87
46.72,89.15,1003.18
16.39,91.27,565.74
10.09,51.26,352.53
19.75,52.59,507.05
25.31,107.67,743.89
21.78,21.64,443.91
17.26,53.87,475.5
1.23,112.35,402.54
26.38,97.25,733.58
48.42,66.99,966.56
18.27,119.84,690.2
10.1,6.57,222.53
45.78,39.93,853.08
44.2,34.8,829.67
26.72,47.04,594.2
36.94,55.28,784.83
39.09,63.41,829.38
21.78,95.15,658.43
45.35,109.15,1053.89
48.15,65.26,970.61
45.75,83.87,993.32
18.78,6.97,348.27
42.38,117.78,1018.46
11.07,34.22,319.6
41.96,22.9,747.17
32.99,53.68,711.01
49.86,47.85,950.29
6.25,25.44,219.38
48.81,15.8,846.44
26.03,106.17,741.19
19.27,97.38,624.02
36.19,15.89,642.04
12.85,68.94,453.62
25.48,68.51,619.65
15.0,52.16,434.04
1.94,50.31,230.93
19.33,66.59,532.55
3.25,31.84,195.41
42.27,36.22,784.67
36.7,54.14,762.15
9.78,116.25,543.27
6.55,76.04,380.38
39.17,105.8,941.75
11.09,7.07,236.67
39.57,63.23,840.05
31.02,45.83,649.98
13.76,72.17,466.07
19.17,86.24,592.07
21.27,59.61,546.82
47.65,13.05,820.64
33.9,104.17,865.79
19.43,109.78,660.2
16.19,67.79,499.12
4.76,115.03,475.77
21.79,60.18,564.15
24.38,101.15,696.5
23.74,68.96,615.36
30.51,89.95,762.79
42.27,79.05,907.16
39.66,111.83,985.9
21.6,75.7,607.38
24.55,11.25,455.28
9.68,10.73,233.39
1.64,39.33,193.54
46.13,10.92,790.66
14.95,108.38,598.22
7.77,84.71,414.25
22.69,67.91,590.96
12.11,110.41,563.69
24.32,104.29,720.8
22.81,73.52,617.66
5.36,106.66,450.55
1.51,99.6,369.95
23.04,77.22,618.24
4.3,7.16,136.75
16.29,87.44,553.3
20.3,81.96,601.64
6.97,46.98,295.82
39.79,18.6,695.27
25.56,22.14,495.81
25.76,81.06,672.57
2.06,118.23,435.45
35.36,105.3,902.66
8.81,8.5,204.35
38.94,98.86,922.15
29.35,51.02,657.82
13.34,15.82,298.75
1.77,102.86,378.44
25.55,70.82,636.75
47.72,6.25,782.19
48.11,41.5,888.7
30.56,70.16,727.26
41.39,73.58,907.19
41.28,108.19,975.72
4.91,97.97,427.03
19.6,13.36,387.04
47.31,112.69,1092.66
29.83,69.62,697.61
6.6,6.27,164.38
47.95,59.13,963.69
23.88,19.14,472.21
36.66,119.5,946.04
39.63,83.3,889.99
36.44,59.75,767.28
38.23,81.11,849.06
8.43,55.71,342.15
33.86,13.34,593.11
14.95,97.79,565.34
20.08,105.27,661.75
8.52,5.23,196.14
21.53,62.92,550.0
36.49,15.84,639.63
5.85,67.92,341.22
10.22,29.4,290.36
24.48,66.7,610.88
23.79,96.95,695.99
34.04,64.62,756.8
25.49,99.91,724.52
8.05,49.67,319.94
45.22,113.56,1058.89
2.0,47.44,224.77
35.57,26.62,653.84
9.6,37.71,307.32
35.03,5.57,589.81
21.93,57.53,559.35
43.4,23.0,774.76
20.1,73.86,585.11
28.59,42.67,606.04
45.94,99.58,1030.31
3.06,117.12,453.85
34.05,38.02,663.94
37.19,79.11,842.73
26.22,48.17,593.35
19.93,59.82,525.33
9.1,104.5,496.61
31.42,20.43,579.55
48.91,69.37,992.57
18.07,84.95,580.15
18.93,21.44,395.33
49.06,35.78,905.15
4.36,71.86,331.28
18.85,116.96,682.8
45.06,64.25,910.97
36.98,100.32,902.86
16.54,36.86,403.18
44.71,103.16,1026.85
35.43,100.0,880.16
18.63,99.76,618.28
7.84,26.77,244.21
7.86,17.52,223.77
23.94,89.94,668.27
2.01,116.51,434.2
19.13,112.4,691.75
16.81,51.64,461.37
33.16,58.74,720.97
18.77,26.93,412.0
46.58,34.52,850.84
12.47,114.62,579.79
38.4,30.88,726.66
16.7,47.58,449.3
45.14,60.29,907.88
29.68,64.81,685.8
32.72,45.69,675.08
4.09,13.08,149.56
19.09,108.16,652.33
18.38,117.43,677.83
2.04,74.19,305.97
21.1,53.47,528.31
48.47,7.76,812.83
5.01,87.06,389.54
33.15,6.88,570.1
46.37,77.05,986.42
21.54,75.86,599.3
21.43,16.9,426.64
28.39,56.04,641.25
30.39,11.37,539.36
4.88,11.02,156.48
29.97,44.71,622.12
34.92,94.83,844.08
2.77,112.7,434.26
48.93,16.25,820.96
27.51,61.01,643.03
11.11,109.53,546.99
36.11,45.13,731.72
19.67,61.11,523.5
13.95,104.93,585.31
14.33,76.77,499.49
37.74,28.18,710.87
19.93,69.19,551.03
34.13,108.57,885.49
20.27,118.75,705.04
3.23,86.78,353.03
1.15,54.44,231.97
11.13,69.29,419.39
4.6,13.97,161.3
48.4,31.17,872.37
14.98,119.8,626.68
13.26,101.77,560.1
20.31,9.7,379.55
5.13,106.94,445.68
34.89,82.14,832.49
47.41,12.79,805.22
2.25,69.54,290.12
47.81,93.1,1044.64
24.57,114.83,760.35
29.79,32.67,607.15
23.61,42.82,527.63
6.87,57.71,325.74
12.49,36.28,354.27
17.66,66.04,506.31
41.51,55.86,849.89
23.17,113.49,737.69
45.08,9.26,753.83
7.13,105.6,467.38
22.51,23.54,463.67
25.8,21.78,507.61
40.73,107.43,999.04
4.35,69.38,325.94
2.88,97.37,386.46
46.4,36.31,862.32
35.53,25.38,658.29
47.53,100.13,1055.88
35.18,81.64,807.13
18.3,13.27,362.75
13.48,71.6,471.67
34.52,21.51,627.63
29.59,96.09,782.41
2.16,59.77,259.75
26.67,28.43,540.69
22.51,87.82,649.25
30.09,58.15,676.37
43.59,100.7,1003.18
27.61,9.51,490.0
10.45,39.8,321.95
3.62,52.21,265.55
3.85,111.11,442.07
22.48,52.65,545.32
13.41,8.08,276.98
43.86,92.74,978.64
39.62,36.24,768.19
11.37,111.99,548.22
2.81,99.89,385.96
43.38,86.95,953.03
33.78,6.59,582.78
36.49,110.52,932.29
44.59,111.9,1056.37
33.51,50.44,709.66
33.59,75.73,780.08
33.29,101.5,847.91
26.5,39.75,563.0
18.76,62.11,505.28
28.26,37.91,597.42
31.09,47.5,662.91
48.63,26.55,863.5
32.3,22.31,598.73
6.77,44.29,280.04
29.67,18.9,543.49
18.85,107.71,665.43
19.84,86.22,607.47
33.18,36.31,658.91
36.5,28.9,684.85
46.12,38.56,850.79
15.86,70.15,500.67
24.1,24.75,481.4
23.69,17.79,455.0
37.91,83.61,871.71
3.64,14.01,145.47
16.74,28.62,385.47
34.05,19.65,618.64
37.23,90.63,879.95
23.98,62.03,601.43
32.9,16.42,597.86
29.63,72.47,703.78
46.76,95.4,1033.75
22.37,37.99,496.38
38.96,10.33,648.31
34.39,78.09,810.05
47.84,96.99,1068.78
28.87,54.84,647.88
32.8,99.38,843.88
20.8,85.71,628.07
7.8,93.87,441.99
5.06,20.55,187.97
25.44,106.29,759.93
16.93,43.2,438.81
10.73,38.71,327.46
36.52,118.68,959.32
43.83,51.97,878.8
34.09,32.58,669.2
30.57,108.97,829.32
10.73,61.35,390.25
42.67,17.74,746.21
44.26,9.59,741.58
18.69,77.25,563.9
47.14,27.17,850.24
3.95,44.17,239.08
31.82,55.3,694.51
23.73,19.58,471.6
18.12,49.25,471.43
29.55,65.79,691.28
19.7,27.61,430.78
40.7,9.12,682.33
5.67,89.67,402.4
39.7,105.32,950.66
45.76,44.05,864.39
35.69,90.12,876.91
11.62,113.38,555.7
14.34,21.05,328.0
8.99,103.27,493.58
25.07,12.61,469.46
12.39,32.29,331.97
2.43,35.8,196.16
22.83,24.5,465.72
38.43,31.97,710.78
41.03,101.04,971.19
7.24,68.6,371.92
21.94,22.03,443.72
36.63,76.33,824.01
8.08,56.57,342.59
3.79,39.68,225.26
12.26,51.23,386.86
45.65,26.96,813.29
14.91,50.65,428.73
48.64,66.21,965.19
41.31,14.41,701.59
15.96,102.43,593.38
26.96,47.17,593.2
44.71,44.87,853.65
30.57,72.13,734.98
15.92,64.59,481.62
13.45,101.86,548.91
1.11,77.45,303.02
36.15,74.44,810.27
19.82,90.35,607.87
6.89,13.19,192.7
19.3,25.43,421.86
24.11,17.21,462.61
1.48,87.35,330.97
46.3,42.68,878.52
11.79,67.5,430.38
29.32,100.23,800.86
14.21,85.23,521.47
25.5,69.15,645.84
11.9,33.87,332.01
49.95,11.6,834.31
27.57,87.24,718.07
45.74,110.47,1081.35
32.88,23.86,619.09
47.25,102.13,1074.84
17.08,23.03,375.47
2.61,35.12,195.18
17.76,31.1,413.34
13.17,82.7,495.14
31.91,106.15,846.3
38.98,14.88,680.78
34.92,93.29,854.93
43.98,65.83,927.74
10.75,54.6,378.43
26.76,10.03,492.33
37.64,10.38,643.41
27.6,92.49,737.52
4.47,50.71,266.34
13.52,45.89,388.24
20.05,6.67,367.75
16.41,22.72,363.66
20.01,107.05,675.3
40.78,13.19,700.51
7.78,55.3,329.26
10.71,78.18,446.3
26.61,74.77,669.42
17.87,112.34,662.81
40.3,33.25,755.5
11.15,61.96,399.24
44.69,44.06,863.36
2.55,89.85,353.16
21.84,52.91,541.82
27.64,30.73,558.13
29.36,47.57,627.5
43.89,92.92,989.34
6.0,38.0,250.3
45.78,107.66,1049.5
47.75,65.06,951.86
47.16,49.49,916.26
13.78,84.75,513.75
2.04,13.23,119.62
19.03,60.17,508.03
39.82,93.47,917.32
32.52,106.74,859.31
23.8,24.8,485.24
32.7,18.94,588.88
35.57,116.43,936.99
2.72,66.31,289.7
16.94,59.24,481.24
36.69,95.71,896.56
33.43,21.65,610.13
1.56,9.57,102.4
19.64,55.0,500.28
20.89,108.68,695.84
17.58,41.22,434.37
25.74,8.19,467.01
15.45,101.27,585.95
49.24,16.27,842.43
43.55,91.75,981.89
32.59,113.89,874.59
11.78,42.89,353.84
43.09,115.5,1050.11
6.82,114.53,495.65
5.31,59.41,311.74
45.04,56.18,904.82
48.45,70.32,973.59
26.87,58.97,619.55
48.55,37.21,874.37
24.14,18.84,458.92
24.48,54.82,579.59
44.58,74.92,927.33
3.14,31.69,189.36
44.46,47.64,869.95
15.75,32.47,383.89
31.68,41.27,649.7
13.24,42.61,381.42
2.21,19.47,142.97
39.06,52.27,788.73
43.33,69.58,912.48
17.26,85.29,568.88
35.25,74.32,795.78
23.23,82.97,642.46
37.97,118.76,978.44
10.79,103.17,512.57
18.99,115.0,686.36
3.76,72.03,325.29
2.68,13.67,128.65
20.29,111.55,686.32
13.0,111.8,568.19
1.51,67.42,274.71
14.1,66.3,454.29
41.02,61.16,852.21
36.56,73.5,830.02
16.68,85.0,556.63
10.58,82.6,464.19
5.11,58.59,302.37
7.65,109.83,478.29
29.98,56.31,668.3
47.99,88.04,1033.73
32.38,75.82,771.14
31.68,84.42,779.04
11.9,17.17,275.93
35.52,66.3,782.68
11.01,66.08,412.35
9.69,83.08,445.3
46.46,89.92,1007.63
37.73,97.23,915.93
41.89,15.46,725.5
15.56,23.05,353.46
41.15,81.77,922.16
23.95,116.14,759.8
48.77,22.15,850.3
43.27,90.05,967.75
8.03,109.86,501.78
39.73,63.88,831.17
10.08,36.77,308.62
5.83,101.8,441.16
28.85,103.62,784.91
6.87,79.34,391.81
46.02,13.52,782.13
23.55,55.19,564.58
43.0,41.38,824.84
15.91,69.29,500.0
13.4,71.66,462.33
12.6,44.5,372.28
34.14,30.3,657.88
35.12,117.45,928.22
6.38,66.73,352.37
12.42,90.51,503.2
7.5,21.99,227.43
34.89,10.71,599.6
44.23,9.17,737.25
35.96,17.94,636.92
18.59,25.09,397.68
43.64,77.79,926.44
4.17,49.71,257.78
38.45,51.86,771.94
8.09,86.18,429.0
34.21,76.71,791.84
6.67,67.8,358.89
13.05,85.67,496.53
43.34,107.82,1031.54
34.52,53.25,715.34
17.48,61.33,501.09
15.95,87.89,539.49
18.0,107.15,653.03
26.3,100.89,748.38
42.2,74.28,920.27
11.18,49.71,365.68
3.04,110.51,430.1
26.27,93.91,741.47
29.54,16.16,537.91
8.12,100.9,472.69
30.32,110.45,830.25
19.76,64.77,547.0
17.52,81.82,553.66
9.46,15.81,236.32
41.36,75.4,892.6
3.92,48.96,258.84
44.51,52.28,872.21
40.26,93.0,942.03
5.49,77.4,360.6
0.51,81.78,300.74
2.99,106.86,419.35
6.58,9.73,179.86
9.43,64.91,395.63
13.09,93.25,523.54
47.72,50.08,924.51
46.53,70.65,957.52
17.3,96.51,591.93
39.98,101.29,952.79
19.06,62.9,525.24
47.52,82.15,1020.28
48.42,7.5,787.78
10.59,76.53,444.35
36.81,76.12,826.64
30.14,119.26,858.85
41.58,54.97,833.2
37.36,92.75,903.58
47.63,71.98,979.69
32.31,42.37,657.09
13.07,99.7,546.69
24.53,15.43,467.17
6.84,70.67,367.1
34.36,33.61,666.84
48.93,112.08,1130.26
46.59,26.65,827.02
41.49,69.21,879.56
12.59,92.08,515.76
27.78,65.01,666.59
49.43,88.29,1046.93
34.78,98.86,874.39
6.09,97.19,433.25
41.96,74.09,904.72
0.59,69.71,268.38
31.57,94.16,810.14
24.79,104.03,733.79
46.26,103.48,1030.85
8.53,76.71,405.48
29.28,101.58,804.59
42.27,83.63,943.64
9.27,89.14,454.27
49.71,117.82,1155.54
3.25,66.44,296.89
6.59,92.07,436.19
45.36,103.31,1031.66
38.28,9.71,663.42
45.13,73.7,949.09
37.11,44.37,741.04
30.58,116.82,841.26
5.14,105.93,443.81
29.43,82.44,738.86
17.73,47.89,458.0
3.14,9.26,126.79
3.3,26.44,180.88
49.6,102.38,1092.47
31.26,15.87,566.26
5.54,54.95,293.38
17.36,32.52,402.76
4.12,93.55,392.09
21.39,21.16,435.45
44.56,13.9,765.58
4.97,106.01,441.4
38.89,80.71,889.56
38.03,6.57,644.99
34.03,10.21,590.01
49.82,119.23,1166.22
21.17,37.11,478.42
48.83,95.06,1036.64
4.65,100.75,420.01
12.79,17.98,297.32
34.07,20.76,634.25
6.56,23.85,216.4
30.45,63.2,699.36
20.09,8.26,371.36
36.53,36.67,717.83
18.07,117.78,684.64
47.53,86.57,1007.2
19.54,49.78,483.38
17.95,69.64,519.52
40.09,72.57,876.3
25.99,76.26,661.74
35.5,58.21,764.77
43.13,86.63,954.19
16.95,88.01,578.37
10.88,5.7,228.9
6.66,74.1,365.14
44.3,24.99,782.14
43.52,62.17,889.93
12.44,103.74,555.13
28.1,97.12,757.93
30.48,6.86,528.78
37.22,37.7,713.62
6.9,84.71,407.04
4.69,61.38,300.62
25.74,109.93,778.7
37.11,92.47,881.06
10.87,14.03,257.77
37.57,35.39,708.55
29.7,29.44,581.94
32.2,88.19,794.19
25.51,63.17,614.97
32.1,31.27,617.93
14.43,119.24,615.82
43.05,102.34,1012.18
3.73,26.17,180.5
49.11,53.71,974.03
44.55,107.43,1031.4
38.03,70.45,849.88
40.56,119.21,1033.61
9.59,106.05,507.93
14.05,16.93,316.06
8.36,70.34,387.66
27.94,64.27,657.14
16.76,76.08,531.25
44.83,83.22,966.27
41.05,28.77,758.94
13.83,74.83,480.32
29.39,65.79,695.07
24.57,86.94,687.3
29.41,109.55,822.01
16.72,72.42,527.93
47.08,117.49,1100.4
37.11,106.62,920.94
45.62,64.86,948.73
22.09,77.95,608.26
26.15,55.55,611.36
23.1,65.17,588.5
1.79,97.91,373.94
16.45,83.55,540.57
48.91,111.29,1109.33
10.22,106.92,518.65
15.77,48.16,431.61
29.6,107.13,801.38
34.9,59.52,744.75
33.69,107.8,880.95
20.78,40.4,474.15
6.02,95.27,427.02
13.5,14.95,295.49
37.5,115.68,949.02
14.73,94.16,556.57
0.74,97.8,350.64
37.57,37.65,725.63
2.81,10.75,123.4
41.69,67.17,886.95
32.79,102.53,852.91
13.5,40.53,381.45
8.74,79.03,411.32
47.74,105.24,1080.06
27.72,77.68,686.55
34.8,90.94,841.06
16.63,33.13,401.57
24.29,35.07,512.94
35.52,98.25,888.75
24.97,82.83,681.01
26.07,37.06,549.6
19.52,71.33,561.5
4.07,44.91,246.41
12.13,16.76,280.85
30.84,89.18,772.51
25.1,15.3,472.83
38.75,34.07,744.86
13.98,28.99,346.51
27.17,23.29,519.88
49.75,60.47,987.13
40.81,31.9,754.77
42.23,37.59,779.44
38.32,66.62,826.9
39.06,84.0,887.79
17.26,25.96,388.08
33.06,67.0,754.07
32.75,99.12,844.52
11.0,108.59,536.73
6.72,25.32,224.12
35.38,21.89,654.1
3.78,76.8,335.5
36.0,102.37,891.46
26.98,47.69,600.4
11.59,39.86,340.51
32.73,44.77,670.23
44.75,67.13,930.09
43.95,8.28,734.35
30.63,74.82,735.4
22.65,11.21,425.09
4.75,58.6,300.09
11.02,41.04,338.22
19.4,85.39,594.84
23.56,13.56,449.28
14.28,97.55,547.03
23.66,56.86,575.81
48.8,85.88,1046.74
46.01,63.81,930.3
